年,大会,区分,役職・ポジション,背番号,氏名,所属球団,備考,年数(2026年シーズン時点）
2026,アジア大会,首脳陣,監督,66,井口 資仁,-,,-
2026,アジア大会,首脳陣,ヘッド兼打撃コーチ,99,田口 壮,-,,-
2026,アジア大会,首脳陣,投手コーチ,40,大塚 晶文,-,,-
2026,アジア大会,首脳陣,投手コーチ,94,倉野 信次,-,,-
2026,アジア大会,首脳陣,バッテリーコーチ,72,村田 善則,-,,-
2026,アジア大会,首脳陣,内野守備走塁コーチ,80,本多 雄一,-,,-
2026,アジア大会,首脳陣,外野守備走塁コーチ,74,河田 雄祐,-,,-
2026,アジア大会,選手,投手,11,吉田 聖弥,中日ドラゴンズ,,2
2026,アジア大会,選手,投手,12,竹丸 和幸,読売ジャイアンツ,,1
2026,アジア大会,選手,投手,14,石田 裕太郎,横浜DeNAベイスターズ,,3
2026,アジア大会,選手,投手,16,武内 夏暉,埼玉西武ライオンズ,,3
2026,アジア大会,選手,投手,19,髙橋 宏斗,中日ドラゴンズ,,5
2026,アジア大会,選手,投手,21,金丸 夢斗,中日ドラゴンズ,,2
2026,アジア大会,選手,投手,22,髙 太一,広島東洋カープ,,3
2026,アジア大会,選手,投手,26,鈴木 豪太,福岡ソフトバンクホークス,,1
2026,アジア大会,選手,投手,28,松本 健吾,東京ヤクルトスワローズ,,3
2026,アジア大会,選手,投手,45,九谷 瑠,東北楽天ゴールデンイーグルス,,1
2026,アジア大会,選手,投手,47,森田 駿哉,読売ジャイアンツ,,2
2026,アジア大会,選手,投手,52,篠原 響,埼玉西武ライオンズ,,2
2026,アジア大会,選手,投手,56,中森 俊介,千葉ロッテマリーンズ,,4
2026,アジア大会,選手,捕手,5,松尾 汐恩,横浜DeNAベイスターズ,,3
2026,アジア大会,選手,捕手,7,小島 大河,埼玉西武ライオンズ,,1
2026,アジア大会,選手,捕手,33,進藤 勇也,北海道日本ハムファイターズ,,3
2026,アジア大会,選手,内野手,1,宗山 塁,東北楽天ゴールデンイーグルス,,2
2026,アジア大会,選手,内野手,8,渡部 聖弥,埼玉西武ライオンズ,,2
2026,アジア大会,選手,内野手,10,佐々木 泰,広島東洋カープ,,2
2026,アジア大会,選手,内野手,25,庄子 雄大,福岡ソフトバンクホークス,,2
2026,アジア大会,選手,内野手,31,正木 智也,福岡ソフトバンクホークス,OA枠,5
2026,アジア大会,選手,内野手,51,山口 航輝,千葉ロッテマリーンズ,OA枠,6
2026,アジア大会,選手,内野手,54,山縣 秀,北海道日本ハムファイターズ,,2
2026,アジア大会,選手,外野手,4,度会 隆輝,横浜DeNAベイスターズ,,3
2026,アジア大会,選手,外野手,6,西川 史礁,千葉ロッテマリーンズ,,2
2026,アジア大会,選手,外野手,44,佐々木 俊輔,読売ジャイアンツ,,3
2026,アジア大会,選手,外野手,63,長谷川 信哉,埼玉西武ライオンズ,,5
2026,アジア大会,選手,外野手,69,辰見 鴻之介,広島東洋カープ,OA枠,4