選手,球団,登板,防御率,勝,敗,セーブ,投球回,奪三振,四球,最終登板日,年度
ウレーニャ,楽天,6,4.35,1,2,0,31,25,8,2026/08/25,2026
コントレラス,楽天,9,2.93,2,1,0,27.2,25,8,2026/09/19,2026
フロリモン,楽天,3,18.90,1,1,0,3.1,1,5,2026/09/25,2026
マルテ,楽天,1,9.00,0,0,0,1,1,0,2026/07/23,2026
中沢 匠磨,楽天,23,1.71,3,1,1,21,16,10,2026/09/27,2026
中込 陽翔,楽天,20,2.21,1,1,0,20.1,23,4,2026/09/27,2026
九谷 瑠,楽天,7,8.22,0,0,1,7.2,9,2,2026/05/03,2026
今野 龍太,楽天,34,3.13,2,1,2,31.2,37,12,2026/09/27,2026
伊藤 大晟,楽天,8,8.78,0,2,0,13.1,11,9,2026/09/27,2026
伊藤 樹,楽天,14,3.36,5,1,1,75,60,27,2026/08/15,2026
内 星龍,楽天,14,4.30,0,0,0,14.2,11,6,2026/09/27,2026
前田 健太,楽天,6,2.94,4,1,0,33.2,31,7,2026/08/04,2026
古謝 樹,楽天,3,2.87,1,1,0,15.2,13,3,2026/07/05,2026
古賀 康誠,楽天,16,5.26,3,6,0,75.1,51,40,2026/09/23,2026
坂井 陽翔,楽天,15,2.59,4,3,2,66,42,36,2026/08/27,2026
大内 誠弥,楽天,20,4.96,4,9,0,103.1,85,43,2026/09/27,2026
宋 家豪,楽天,18,3.71,1,0,1,17,16,6,2026/09/26,2026
岸 孝之,楽天,7,0.28,2,0,0,32,26,7,2026/05/23,2026
德山 一翔,楽天,2,0.00,0,0,0,2,3,0,2026/09/25,2026
日當 直喜,楽天,27,2.45,2,1,12,25.2,32,12,2026/08/22,2026
早川 隆久,楽天,3,1.74,2,1,0,20.2,25,1,2026/04/03,2026
松田 啄磨,楽天,18,5.70,3,5,0,47.1,33,17,2026/09/26,2026
林 優樹,楽天,5,4.76,0,0,0,5.2,7,0,2026/04/01,2026
柴田 大地,楽天,9,0.96,0,0,0,9.1,11,3,2026/09/26,2026
江原 雅裕,楽天,21,3.88,3,4,0,53.1,43,32,2026/09/22,2026
泰 勝利,楽天,7,1.35,0,0,0,6.2,13,6,2026/06/06,2026
津留﨑 大成,楽天,13,3.97,0,1,0,11.1,14,7,2026/09/27,2026
渡辺 翔太,楽天,22,4.64,1,0,1,21.1,14,13,2026/09/26,2026
瀧中 瞭太,楽天,2,2.00,0,0,0,9,3,2,2026/09/13,2026
田中 千晴,楽天,24,1.90,1,2,4,23.2,30,12,2026/09/26,2026
蕭 齊,楽天,11,4.76,0,1,0,11.1,12,19,2026/06/25,2026
藤井 聖,楽天,14,3.30,3,4,0,71,45,23,2026/09/25,2026
藤原 聡大,楽天,18,4.19,3,0,0,34.1,29,22,2026/09/18,2026
西口 直人,楽天,14,3.86,1,2,0,14,16,7,2026/08/22,2026
西垣 雅矢,楽天,7,1.29,0,0,0,7,6,2,2026/08/16,2026
辛島 航,楽天,10,3.62,3,1,0,27.1,17,5,2026/09/26,2026
酒居 知史,楽天,33,2.25,1,3,0,32,26,8,2026/09/26,2026
鈴木 翔天,楽天,8,0.00,0,0,2,8,11,2,2026/08/11,2026
パラレス,オイシックス,21,2.96,0,0,0,24.1,24,17,2026/09/23,2026
上村 知輝,オイシックス,57,3.59,3,7,29,52.2,55,19,2026/09/27,2026
井口 和朋,オイシックス,15,6.68,2,6,0,63.1,36,15,2026/09/19,2026
今井 亮太,オイシックス,10,7.91,1,0,0,19.1,10,20,2026/09/04,2026
伊禮 海斗,オイシックス,55,2.25,2,3,1,52,39,28,2026/09/19,2026
南波 秀,オイシックス,29,4.55,2,6,0,99,50,30,2026/09/23,2026
又吉 克樹,オイシックス,42,5.83,3,2,0,41.2,31,19,2026/09/25,2026
国吉 佑樹,オイシックス,11,7.94,0,1,0,11.1,6,10,2026/09/27,2026
安城 健汰,オイシックス,47,6.04,5,0,0,50.2,41,24,2026/09/27,2026
宮森 智志,オイシックス,17,4.36,5,5,0,84.2,63,39,2026/08/04,2026
山田 大河,オイシックス,21,7.38,1,6,0,46.1,34,28,2026/09/26,2026
石川 直也,オイシックス,53,4.22,5,4,1,49,31,20,2026/09/27,2026
石田 陵馬,オイシックス,15,5.40,2,4,0,51.2,41,16,2026/09/23,2026
稲葉 颯来,オイシックス,7,4.15,0,2,0,8.2,8,16,2026/08/25,2026
笠原 祥太郎,オイシックス,20,4.13,5,8,0,106.2,61,30,2026/09/27,2026
細谷 怜央,オイシックス,31,11.80,2,1,0,34.1,25,31,2026/09/23,2026
西村 陸,オイシックス,50,3.13,2,0,1,31.2,16,16,2026/09/27,2026
鈴木 颯人,オイシックス,21,7.02,0,3,0,50,26,31,2026/08/14,2026
阿部 雄大,オイシックス,5,2.86,1,1,0,22,26,11,2026/09/22,2026
髙田 琢登,オイシックス,10,1.75,4,2,0,61.2,41,18,2026/05/26,2026
高野 結羽,オイシックス,19,4.82,1,8,0,80.1,58,59,2026/09/25,2026
カスティーヨ,ロッテ,4,2.25,0,1,1,4,1,4,2026/06/17,2026
ラドニー,ロッテ,6,11.25,0,0,0,4,3,6,2026/07/20,2026
ルケーシー,ロッテ,1,2.25,0,0,0,4,4,3,2026/08/01,2026
ロング,ロッテ,5,5.74,0,1,0,15.2,16,5,2026/09/22,2026
中山 優人,ロッテ,10,2.77,0,1,1,13,6,8,2026/09/26,2026
中村 亮太,ロッテ,21,3.69,2,3,2,75.2,63,19,2026/09/25,2026
中森 俊介,ロッテ,7,2.57,0,1,0,7,3,2,2026/05/02,2026
八木 彬,ロッテ,4,2.79,0,0,0,9.2,9,2,2026/03/29,2026
冨士 隼斗,ロッテ,4,4.50,1,1,0,8,6,3,2026/09/25,2026
吉川 悠斗,ロッテ,13,2.66,3,0,0,50.2,47,18,2026/09/22,2026
唐川 侑己,ロッテ,17,3.56,7,7,0,78.1,56,12,2026/09/23,2026
坂井 遼,ロッテ,19,3.86,2,0,1,23.1,16,21,2026/07/23,2026
坂本 光士郎,ロッテ,9,3.60,1,1,1,10,5,5,2026/08/27,2026
大聖,ロッテ,25,3.38,1,1,1,26.2,17,10,2026/09/26,2026
大谷 輝龍,ロッテ,6,7.50,0,0,0,6,3,4,2026/09/17,2026
奥村 頼人,ロッテ,9,4.50,0,0,0,10,11,11,2026/09/27,2026
宮﨑 颯,ロッテ,22,2.92,2,0,1,24.2,30,17,2026/08/15,2026
小島 和哉,ロッテ,3,2.76,0,1,0,16.1,19,8,2026/04/26,2026
小野 郁,ロッテ,8,6.75,0,1,1,8,5,4,2026/04/21,2026
廣畑 敦也,ロッテ,18,4.83,1,2,0,31.2,22,7,2026/09/17,2026
早坂 響,ロッテ,1,0.00,0,0,0,1,0,2,2026/04/11,2026
木村 優人,ロッテ,2,0.00,0,0,0,7,6,1,2026/05/02,2026
本前 郁也,ロッテ,27,4.14,3,3,0,41.1,24,8,2026/09/23,2026
東妻 勇輔,ロッテ,32,1.63,2,3,6,38.2,41,13,2026/09/26,2026
森 遼大朗,ロッテ,18,5.20,3,7,0,71,61,27,2026/09/27,2026
武内 涼太,ロッテ,3,9.00,0,1,0,3,4,1,2026/09/25,2026
毛利 海大,ロッテ,2,2.25,0,0,0,8,6,2,2026/06/30,2026
河村 説人,ロッテ,16,3.08,6,4,0,79,52,21,2026/09/23,2026
田中 晴也,ロッテ,4,5.31,2,0,0,20.1,19,8,2026/08/02,2026
石垣 元気,ロッテ,18,7.20,0,0,0,20,32,25,2026/09/05,2026
石川 柊太,ロッテ,16,3.54,1,5,2,53.1,46,20,2026/09/27,2026
秋山 正雲,ロッテ,15,5.02,3,3,0,61,46,29,2026/09/27,2026
種市 篤暉,ロッテ,2,0.00,1,0,0,8,13,1,2026/04/10,2026
茨木 佑太,ロッテ,6,6.48,1,1,0,8.1,9,8,2026/08/27,2026
菊地 吏玖,ロッテ,27,2.43,3,1,0,37,29,14,2026/09/27,2026
西野 勇士,ロッテ,15,4.29,2,6,0,63,44,14,2026/09/26,2026
長島 幸佑,ロッテ,8,3.65,1,0,0,12.1,8,7,2026/09/23,2026
髙橋 快秀,ロッテ,20,0.00,2,0,2,23,19,11,2026/09/22,2026
高野 脩汰,ロッテ,3,2.70,1,1,0,13.1,11,3,2026/08/05,2026
ウォルターズ,ヤクルト,12,2.31,4,3,0,50.2,44,22,2026/07/01,2026
キハダ,ヤクルト,4,6.75,0,0,0,4,6,1,2026/08/25,2026
リランソ,ヤクルト,2,0.00,0,0,0,2,0,0,2026/05/30,2026
下川 隼佑,ヤクルト,20,2.44,5,5,1,92.1,75,37,2026/09/27,2026
中村 優斗,ヤクルト,16,5.21,2,2,0,38,35,12,2026/09/12,2026
丸山 翔大,ヤクルト,5,0.00,0,0,1,5,6,1,2026/04/03,2026
佐藤 琢磨,ヤクルト,34,4.11,2,1,0,35,35,24,2026/09/26,2026
吉村 貢司郎,ヤクルト,2,7.88,1,0,0,8,7,3,2026/09/25,2026
坂本 拓己,ヤクルト,5,4.96,0,1,0,16.1,11,17,2026/05/04,2026
増居 翔太,ヤクルト,12,3.93,1,3,0,52.2,23,14,2026/07/31,2026
大西 広樹,ヤクルト,14,4.20,0,1,3,15,8,4,2026/09/02,2026
大道 温貴,ヤクルト,30,5.16,2,1,2,29.2,25,15,2026/09/26,2026
奥川 恭伸,ヤクルト,1,3.00,0,0,0,6,4,1,2026/03/25,2026
小宮 悠瞳,ヤクルト,4,2.45,1,0,0,3.2,2,4,2026/08/29,2026
小川 泰弘,ヤクルト,11,2.72,1,2,0,56.1,42,12,2026/09/22,2026
小澤 怜史,ヤクルト,17,6.44,1,5,2,29.1,28,15,2026/09/27,2026
山崎 太陽,ヤクルト,9,3.80,2,1,0,21.1,20,6,2026/09/22,2026
廣澤 優,ヤクルト,1,0.00,0,0,0,1,1,2,2026/09/19,2026
拓也,ヤクルト,15,3.14,3,1,0,14.1,12,5,2026/07/21,2026
星 知弥,ヤクルト,2,20.25,0,0,0,1.1,1,0,2026/07/23,2026
木澤 尚文,ヤクルト,17,2.76,1,2,2,16.1,8,11,2026/08/11,2026
松本 健吾,ヤクルト,2,4.00,0,0,0,9,5,1,2026/08/01,2026
沼田 翔平,ヤクルト,33,3.60,2,2,2,35,26,14,2026/09/25,2026
田口 麗斗,ヤクルト,20,2.79,1,2,2,19.1,24,4,2026/09/26,2026
石原 勇輝,ヤクルト,15,3.97,2,0,0,34,23,12,2026/08/11,2026
石山 泰稚,ヤクルト,6,6.00,0,1,0,6,5,1,2026/04/05,2026
石川 雅規,ヤクルト,10,7.83,0,2,0,23,19,9,2026/08/15,2026
竹山 日向,ヤクルト,23,5.46,3,3,0,29.2,17,17,2026/09/27,2026
翔聖,ヤクルト,11,2.61,3,1,0,31,15,7,2026/09/04,2026
荘司 宏太,ヤクルト,14,2.77,0,1,5,13,19,8,2026/09/19,2026
西濱 勇星,ヤクルト,12,5.04,0,1,0,25,23,13,2026/06/23,2026
西舘 昂汰,ヤクルト,15,4.89,2,3,1,46,35,19,2026/09/26,2026
鈴木 蓮吾,ヤクルト,6,8.59,0,1,0,7.1,7,8,2026/09/05,2026
長谷川 宙輝,ヤクルト,28,3.49,0,1,0,38.2,22,25,2026/09/27,2026
阪口 皓亮,ヤクルト,14,4.50,2,1,0,16,10,12,2026/09/26,2026
青柳 晃洋,ヤクルト,20,4.42,6,6,0,73.1,66,33,2026/09/25,2026
飯田 琉斗,ヤクルト,22,4.30,0,1,2,23,16,4,2026/09/19,2026
高梨 裕稔,ヤクルト,6,3.57,1,1,0,22.2,27,7,2026/08/29,2026
高橋 奎二,ヤクルト,7,2.31,0,1,0,23.1,20,8,2026/05/13,2026
ラオ,日本ハム,9,2.30,2,0,0,15.2,9,2,2026/09/23,2026
上原 健太,日本ハム,3,0.00,0,0,1,3,4,0,2026/06/17,2026
加藤 大和,日本ハム,10,7.20,3,1,0,10,6,15,2026/09/27,2026
加藤 貴之,日本ハム,2,3.38,0,0,0,8,5,1,2026/09/02,2026
古林 睿煬,日本ハム,8,4.45,1,2,0,28.1,33,11,2026/09/03,2026
堀 瑞輝,日本ハム,13,1.42,2,1,1,12.2,20,2,2026/05/04,2026
大川 慈英,日本ハム,19,3.86,4,1,1,51.1,43,20,2026/09/19,2026
孫 易磊,日本ハム,11,2.54,3,3,0,46,48,11,2026/07/14,2026
安西 叶翔,日本ハム,11,1.29,1,0,0,14,12,4,2026/09/23,2026
宮内 春輝,日本ハム,17,1.86,2,0,0,19.1,26,4,2026/06/28,2026
宮西 尚生,日本ハム,20,0.92,0,0,3,19.2,17,7,2026/08/09,2026
山城 航太郎,日本ハム,10,4.58,1,2,0,17.2,12,11,2026/09/27,2026
山﨑 福也,日本ハム,8,2.00,1,2,1,36,32,4,2026/08/04,2026
山本 拓実,日本ハム,4,5.40,0,1,1,3.1,4,1,2026/04/21,2026
島本 浩也,日本ハム,1,0.00,0,0,0,1,3,0,2026/08/25,2026
川勝 空人,日本ハム,17,6.10,0,3,1,38.1,38,30,2026/09/23,2026
齋藤 友貴哉,日本ハム,18,2.77,1,1,1,26,26,7,2026/09/27,2026
有原 航平,日本ハム,6,3.00,2,0,0,30,23,9,2026/06/24,2026
杉浦 稔大,日本ハム,5,0.00,0,0,1,6,3,2,2026/03/28,2026
松岡 洸希,日本ハム,32,2.45,5,2,2,40.1,50,12,2026/09/18,2026
松本 遼大,日本ハム,17,5.18,2,3,0,64.1,43,27,2026/09/06,2026
柳川 大晟,日本ハム,1,0.00,0,0,0,1,2,0,2026/07/04,2026
柴田 獅子,日本ハム,12,2.25,2,1,0,40,50,6,2026/09/01,2026
根本 悠楓,日本ハム,4,0.00,0,0,0,4,6,0,2026/08/30,2026
横山 永遠,日本ハム,6,1.29,0,1,0,7,8,3,2026/09/27,2026
池田 隆英,日本ハム,28,6.08,3,2,2,26.2,22,8,2026/09/19,2026
河野 竜生,日本ハム,31,0.60,1,1,2,30,37,4,2026/09/19,2026
浅利 太門,日本ハム,14,4.27,1,2,0,46.1,31,33,2026/09/25,2026
清宮 虎多朗,日本ハム,18,4.43,2,1,0,20.1,20,17,2026/09/27,2026
清水 大暉,日本ハム,14,4.15,1,1,0,26,32,24,2026/09/27,2026
澁谷 純希,日本ハム,12,1.65,1,0,0,27.1,37,26,2026/09/23,2026
玉井 大翔,日本ハム,26,3.08,2,2,2,26.1,28,8,2026/09/27,2026
生田目 翼,日本ハム,13,0.00,0,0,1,12.1,12,1,2026/07/04,2026
田中 正義,日本ハム,5,5.40,0,0,1,5,3,2,2026/09/06,2026
畔柳 亨丞,日本ハム,10,0.95,1,0,0,19,28,9,2026/09/25,2026
福島 蓮,日本ハム,5,0.98,2,1,0,27.2,31,5,2026/07/21,2026
福田 俊,日本ハム,32,2.57,5,3,0,42,47,19,2026/09/06,2026
福谷 浩司,日本ハム,15,4.02,3,1,3,15.2,14,2,2026/09/27,2026
細野 晴希,日本ハム,5,1.57,4,0,0,23,17,4,2026/09/25,2026
菊地 大稀,日本ハム,26,5.46,1,1,2,29.2,36,19,2026/09/06,2026
藤田 琉生,日本ハム,11,5.96,0,1,0,22.2,16,11,2026/09/13,2026
達 孝太,日本ハム,4,2.08,1,1,0,8.2,6,3,2026/07/22,2026
金村 尚真,日本ハム,10,2.83,2,1,0,35,30,8,2026/09/25,2026
デュプランティエ,DeNA,1,0.00,1,0,0,5,2,2,2026/03/24,2026
ビド,DeNA,10,4.97,1,1,0,25.1,27,12,2026/09/26,2026
マルセリーノ,DeNA,17,2.70,2,0,2,16.2,26,6,2026/09/25,2026
ルイーズ,DeNA,7,2.57,0,0,0,7,7,2,2026/09/19,2026
中川 虎大,DeNA,5,5.40,0,0,0,5,3,4,2026/07/31,2026
中川 颯,DeNA,25,0.70,1,1,0,25.2,21,4,2026/09/25,2026
伊勢 大夢,DeNA,4,0.00,0,0,0,4,5,1,2026/05/27,2026
佐々木 千隼,DeNA,17,0.45,2,1,0,20,18,9,2026/09/04,2026
入江 大生,DeNA,5,2.92,0,2,0,24.2,26,7,2026/05/31,2026
吉岡 暖,DeNA,6,1.29,2,0,0,7,8,2,2026/07/14,2026
吉野 光樹,DeNA,11,0.00,0,1,3,14.2,26,2,2026/07/05,2026
坂口 翔颯,DeNA,7,2.91,1,1,0,21.2,13,3,2026/09/27,2026
坂本 裕哉,DeNA,16,2.16,0,0,0,16.2,23,3,2026/09/22,2026
堀岡 隼人,DeNA,31,5.46,4,0,4,29.2,26,14,2026/09/27,2026
大貫 晋一,DeNA,10,5.97,3,2,0,31.2,25,6,2026/09/17,2026
宮城 滝太,DeNA,5,1.64,0,1,0,11,8,0,2026/08/21,2026
小園 健太,DeNA,25,3.83,3,0,4,49.1,33,20,2026/09/27,2026
尾形 崇斗,DeNA,2,0.00,0,0,0,11,17,2,2026/05/24,2026
山﨑 康晃,DeNA,15,5.40,0,1,4,15,22,2,2026/09/22,2026
岩田 将貴,DeNA,22,1.02,0,0,0,17.2,15,5,2026/08/25,2026
島田 舜也,DeNA,13,1.62,4,0,0,44.1,39,15,2026/09/25,2026
平良 拳太郎,DeNA,3,0.79,2,0,0,11.1,15,0,2026/06/18,2026
庄司 陽斗,DeNA,19,2.12,5,3,0,59.1,51,10,2026/09/22,2026
松本 凌人,DeNA,32,0.92,2,0,0,29.1,31,9,2026/09/25,2026
松本 隆之介,DeNA,1,0.00,0,0,0,4,2,2,2026/03/20,2026
森下 瑠大,DeNA,17,1.29,3,1,1,21,21,5,2026/09/25,2026
橋本 達弥,DeNA,33,5.10,0,2,1,30,34,8,2026/09/27,2026
武田 陸玖,DeNA,20,3.99,3,8,1,65.1,58,25,2026/09/26,2026
浜地 真澄,DeNA,23,1.99,2,0,0,22.2,22,1,2026/07/05,2026
深沢 鳳介,DeNA,13,1.58,5,0,0,45.2,30,7,2026/09/02,2026
清水 麻成,DeNA,14,1.29,0,0,0,14,7,3,2026/09/02,2026
片山 皓心,DeNA,16,2.05,6,4,0,70.1,69,16,2026/09/04,2026
石田 健大,DeNA,30,0.52,2,1,2,34.2,34,7,2026/08/15,2026
石田 裕太郎,DeNA,2,3.38,1,0,0,10.2,7,1,2026/08/15,2026
竹田 祐,DeNA,13,2.98,4,2,0,63.1,42,13,2026/08/26,2026
篠木 健太郎,DeNA,9,1.23,2,1,1,36.2,38,8,2026/09/26,2026
若松 尚輝,DeNA,12,0.69,1,0,0,13,11,5,2026/05/02,2026
藤浪 晋太郎,DeNA,16,3.11,5,3,0,66.2,64,26,2026/09/27,2026
金渕 光希,DeNA,18,3.57,6,4,0,58,37,22,2026/09/25,2026
馬場 皐輔,DeNA,29,1.98,1,0,0,27.1,33,8,2026/09/22,2026
ウィットリー,巨人,1,0.00,0,0,0,4,4,1,2026/03/24,2026
ハワード,巨人,3,1.20,3,0,0,15,17,1,2026/07/23,2026
バルドナード,巨人,38,2.41,1,2,3,37.1,38,15,2026/09/26,2026
マタ,巨人,16,2.59,6,3,1,73,63,23,2026/09/03,2026
マルティネス,巨人,1,0.00,0,0,0,1,1,0,2026/04/01,2026
ルシアーノ,巨人,38,2.83,0,2,2,35,44,16,2026/09/25,2026
井上 温大,巨人,3,0.53,2,0,0,17,26,4,2026/03/28,2026
代木 大和,巨人,7,0.73,0,1,1,12.1,9,0,2026/09/01,2026
冨重 英二郎,巨人,14,6.75,1,2,2,16,10,7,2026/05/14,2026
則本 昂大,巨人,5,4.05,2,1,0,26.2,23,7,2026/08/15,2026
北浦 竜次,巨人,28,1.41,4,1,0,32,24,9,2026/09/27,2026
千葉 隆広,巨人,3,3.24,1,0,0,8.1,13,0,2026/09/27,2026
又木 鉄平,巨人,18,1.82,9,4,1,103.2,86,23,2026/09/25,2026
園田 純規,巨人,14,3.66,5,5,0,76.1,44,11,2026/09/23,2026
堀江 正太郎,巨人,1,0.00,0,0,0,1,1,1,2026/03/20,2026
堀田 賢慎,巨人,8,0.00,2,0,0,10.1,9,4,2026/04/26,2026
大勢,巨人,1,0.00,0,0,0,1,2,0,2026/03/28,2026
宮原 駿介,巨人,33,2.76,1,1,0,32.2,37,11,2026/09/27,2026
富田 龍,巨人,2,0.00,0,0,0,3,4,2,2026/05/31,2026
小笠原 慎之介,巨人,3,1.93,1,0,0,14,16,5,2026/07/12,2026
山城 京平,巨人,13,4.13,0,1,0,32.2,23,23,2026/09/01,2026
山﨑 伊織,巨人,3,2.25,0,0,0,8,9,1,2026/09/23,2026
山田 龍聖,巨人,30,4.43,2,6,2,67,48,26,2026/09/27,2026
平内 龍太,巨人,29,4.55,3,2,7,29.2,27,18,2026/08/15,2026
戸郷 翔征,巨人,6,3.50,3,1,0,36,30,5,2026/08/26,2026
松浦 慶斗,巨人,39,4.57,2,3,0,45.1,45,15,2026/09/27,2026
板東 湧梧,巨人,29,2.74,5,2,0,42.2,22,9,2026/09/27,2026
森田 駿哉,巨人,10,1.51,5,1,0,47.2,27,11,2026/07/04,2026
河野 優作,巨人,23,2.18,0,0,0,20.2,14,5,2026/09/27,2026
泉 圭輔,巨人,19,2.57,1,2,1,28,30,9,2026/09/27,2026
田中 将大,巨人,8,3.32,5,2,0,38,22,6,2026/09/12,2026
田和 廉,巨人,21,2.33,1,0,1,19.1,22,1,2026/09/27,2026
田村 朋輝,巨人,7,3.00,0,0,0,9,4,3,2026/09/04,2026
石川 達也,巨人,22,1.44,5,0,1,50,48,8,2026/09/13,2026
竹丸 和幸,巨人,1,0.00,0,0,0,3,1,0,2026/08/28,2026
花田 侑樹,巨人,10,1.99,3,4,0,49.2,44,9,2026/09/26,2026
西川 歩,巨人,1,9.82,0,0,0,3.2,1,1,2026/05/04,2026
西舘 勇陽,巨人,6,0.39,2,0,0,23,21,4,2026/08/26,2026
赤星 優志,巨人,3,6.00,0,0,1,6,6,2,2026/09/26,2026
高梨 雄平,巨人,15,2.92,0,1,3,12.1,16,4,2026/09/02,2026
E.ラミレス,西武,16,2.81,1,1,1,16,13,5,2026/09/22,2026
ウィンゲンター,西武,6,4.50,1,0,0,6,6,5,2026/06/06,2026
ゴンザレス,西武,16,4.08,0,1,0,17.2,16,14,2026/09/22,2026
シンクレア,西武,1,0.00,0,0,0,1,0,1,2026/08/06,2026
ボー・タカハシ,西武,12,4.91,1,0,1,14.2,11,7,2026/05/29,2026
ワイナンス,西武,11,1.23,4,0,0,58.2,71,13,2026/09/23,2026
三浦 大輝,西武,28,5.23,1,1,0,31,28,22,2026/08/16,2026
上田 大河,西武,12,3.72,5,4,0,67.2,56,17,2026/09/19,2026
上間 永遠,西武,10,2.81,3,1,1,41.2,20,9,2026/09/27,2026
中村 祐太,西武,13,2.25,0,0,5,12,11,3,2026/09/02,2026
佐々木 健,西武,1,0.00,0,0,0,2.2,1,2,2026/05/16,2026
佐藤 爽,西武,11,1.79,7,0,0,60.1,40,11,2026/09/02,2026
佐藤 隼輔,西武,15,3.77,0,1,0,14.1,13,5,2026/07/21,2026
冨士 大和,西武,18,4.12,5,9,0,91.2,90,23,2026/09/22,2026
堀越 啓太,西武,16,2.12,0,0,0,17,17,15,2026/07/22,2026
宮澤 太成,西武,29,3.16,1,2,1,31.1,32,12,2026/08/09,2026
山田 陽翔,西武,11,2.45,2,0,0,11,8,1,2026/09/22,2026
岩城 颯空,西武,13,3.00,2,1,2,12,10,2,2026/09/27,2026
川下 将勲,西武,18,4.38,6,5,0,86.1,52,40,2026/09/27,2026
成田 晴風,西武,30,2.15,0,0,1,29.1,27,20,2026/09/27,2026
斎藤 佳紳,西武,2,21.00,0,2,0,3,2,4,2026/07/15,2026
木瀬 翔太,西武,1,3.00,0,0,0,3,2,4,2026/06/11,2026
杉山 遙希,西武,18,2.24,11,5,0,104.1,79,27,2026/09/13,2026
松本 航,西武,14,7.95,3,3,0,43,46,16,2026/09/27,2026
森脇 亮介,西武,23,0.79,3,2,8,22.2,28,10,2026/06/21,2026
正木 悠馬,西武,1,0.00,0,0,0,1,1,2,2026/07/15,2026
武内 夏暉,西武,1,0.00,0,0,0,3,2,0,2026/05/10,2026
浜屋 将太,西武,14,5.06,1,0,0,16,12,6,2026/09/27,2026
狩生 聖真,西武,5,7.06,0,1,0,21.2,11,14,2026/05/14,2026
篠原 響,西武,1,0.00,0,0,0,1,1,0,2026/08/01,2026
糸川 亮太,西武,23,3.00,1,2,0,27,29,4,2026/09/27,2026
羽田 慎之介,西武,9,9.90,0,2,1,10,10,10,2026/08/06,2026
與座 海人,西武,5,1.71,2,1,0,21,15,2,2026/06/16,2026
菅井 信也,西武,7,1.54,3,2,0,35,26,16,2026/09/02,2026
豆田 泰志,西武,10,0.79,1,0,0,11.1,13,2,2026/05/09,2026
青山 美夏人,西武,24,2.97,1,1,0,36.1,28,19,2026/09/22,2026
髙橋 光成,西武,1,5.40,0,1,0,5,4,0,2026/03/24,2026
高橋 礼,西武,37,1.78,2,2,5,50.2,27,12,2026/09/27,2026
黒木 優太,西武,10,1.64,0,0,1,11,14,1,2026/08/04,2026
黒田 将矢,西武,8,2.25,2,1,0,8,6,4,2026/09/27,2026
代木 大和,ハヤテ,12,3.42,6,4,0,81.2,57,20,2026/06/24,2026
佐藤 友紀,ハヤテ,62,2.41,3,3,1,59.2,52,30,2026/09/27,2026
佐藤 宏樹,ハヤテ,23,5.08,4,16,0,122.1,82,75,2026/09/19,2026
堀江 正太郎,ハヤテ,9,4.89,5,2,0,49.2,44,24,2026/09/22,2026
大生 虎史,ハヤテ,34,7.61,0,4,2,49.2,34,41,2026/09/17,2026
大石 航,ハヤテ,52,2.45,2,3,13,55,58,29,2026/09/27,2026
宮路 悠良,ハヤテ,4,13.50,0,1,0,6.2,8,5,2026/09/17,2026
山田 門,ハヤテ,38,5.23,0,1,0,65.1,48,52,2026/09/22,2026
後藤 響,ハヤテ,27,6.02,1,7,0,64.1,42,27,2026/09/19,2026
林 大斗,ハヤテ,6,3.66,1,2,0,19.2,7,9,2026/08/19,2026
林 平太郎,ハヤテ,27,4.94,0,1,0,23.2,19,22,2026/09/15,2026
池谷 蒼大,ハヤテ,60,5.44,2,2,1,43,20,19,2026/09/27,2026
濵本 建,ハヤテ,56,4.32,1,3,0,50,40,24,2026/09/27,2026
笠島 尚樹,ハヤテ,8,5.83,1,3,0,29.1,20,8,2026/08/16,2026
落合 秀市,ハヤテ,32,5.77,0,3,0,43.2,28,42,2026/09/27,2026
野村 裕樹,ハヤテ,25,6.65,2,10,0,86.2,55,35,2026/09/05,2026
野里 慶士郎,ハヤテ,26,5.90,3,8,0,105.1,80,38,2026/09/27,2026
高取 将之介,ハヤテ,17,4.65,5,7,0,91,34,37,2026/08/14,2026
髙橋 零,ハヤテ,8,11.74,1,1,0,7.2,6,8,2026/04/18,2026
アブレウ,中日,6,8.44,0,0,0,5.1,6,6,2026/06/17,2026
マラー,中日,6,1.82,3,1,0,29.2,19,5,2026/06/16,2026
マルティネス,中日,5,2.70,2,0,0,10,5,2,2026/05/30,2026
メヒア,中日,22,7.36,0,4,3,25.2,20,10,2026/09/25,2026
三浦 瑞樹,中日,14,4.37,5,5,0,59.2,36,20,2026/09/25,2026
中西 聖輝,中日,12,1.61,4,2,0,67,57,16,2026/09/27,2026
井上 剣也,中日,27,5.33,1,0,1,25.1,28,21,2026/09/22,2026
仲地 礼亜,中日,17,2.99,4,2,0,78.1,80,31,2026/09/12,2026
伊藤 茉央,中日,21,3.22,1,0,2,22.1,13,7,2026/09/27,2026
勝野 昌慶,中日,18,2.16,0,1,4,16.2,22,5,2026/07/11,2026
吉田 聖弥,中日,4,4.66,1,0,0,9.2,4,5,2026/04/05,2026
土生 翔太,中日,17,2.00,2,1,0,18,12,5,2026/09/27,2026
宮内 春輝,中日,16,2.40,0,2,0,15,17,9,2026/09/19,2026
齋藤 綱記,中日,3,6.00,0,0,0,3,5,1,2026/04/02,2026
有馬 惠叶,中日,15,4.44,1,2,0,24.1,9,15,2026/09/27,2026
杉浦 稔大,中日,19,4.34,0,1,1,18.2,22,5,2026/08/29,2026
松山 晋也,中日,1,0.00,0,0,0,1,1,0,2026/04/03,2026
松木平 優太,中日,18,6.57,4,5,1,49.1,27,17,2026/09/27,2026
松葉 貴大,中日,17,4.38,4,7,0,76,41,12,2026/09/15,2026
根尾 昂,中日,29,7.86,0,3,1,26.1,30,19,2026/09/27,2026
梅野 雄吾,中日,36,3.69,1,4,2,39,35,17,2026/09/25,2026
森 博人,中日,27,2.45,0,0,0,25.2,32,10,2026/08/16,2026
森山 暁生,中日,8,4.67,2,0,0,27,18,4,2026/09/27,2026
橋本 侑樹,中日,5,1.80,0,0,0,5,6,0,2026/05/24,2026
櫻井 頼之介,中日,13,2.70,2,1,0,40,36,9,2026/09/17,2026
涌井 秀章,中日,13,5.02,3,5,0,61,41,14,2026/08/19,2026
清水 達也,中日,25,3.02,3,1,1,50.2,48,21,2026/09/22,2026
牧野 憲伸,中日,13,2.16,1,0,0,16.2,17,6,2026/09/15,2026
福 敬登,中日,23,1.69,0,1,5,21.1,26,4,2026/09/27,2026
福田 幸之介,中日,25,4.88,2,2,2,48,34,44,2026/08/02,2026
篠﨑 国忠,中日,30,5.65,1,4,4,28.2,26,16,2026/09/25,2026
草加 勝,中日,5,4.91,1,1,0,22,21,9,2026/05/29,2026
藤嶋 健人,中日,8,0.00,1,1,0,7.1,8,1,2026/09/27,2026
近藤 廉,中日,34,1.52,1,1,2,29.2,24,17,2026/09/05,2026
金丸 夢斗,中日,1,1.80,0,1,0,5,5,2,2026/03/24,2026
髙橋 宏斗,中日,5,3.74,0,2,0,21.2,25,8,2026/07/10,2026
高橋 幸佑,中日,21,5.96,4,4,0,48.1,27,16,2026/09/25,2026
セベリーノ,阪神,2,0.00,0,0,0,2,5,2,2026/07/12,2026
マルティネス,阪神,16,4.09,1,4,0,44,28,23,2026/07/18,2026
モレッタ,阪神,34,1.87,0,1,15,33.2,44,16,2026/09/22,2026
ラグズデール,阪神,15,4.26,0,5,0,67.2,59,46,2026/08/09,2026
ルーカス,阪神,7,4.15,0,1,0,17.1,19,7,2026/09/02,2026
下村 海翔,阪神,7,2.35,1,1,0,23,22,3,2026/09/25,2026
今朝丸 裕喜,阪神,16,3.13,3,4,0,77.2,45,25,2026/09/22,2026
伊原 陵人,阪神,6,1.32,2,1,0,27.1,17,3,2026/07/03,2026
伊藤 将司,阪神,4,1.29,1,0,0,14,13,2,2026/06/03,2026
及川 雅貴,阪神,7,6.14,0,1,0,7.1,2,5,2026/07/22,2026
大竹 耕太郎,阪神,5,2.79,2,2,0,29,19,1,2026/08/22,2026
富田 蓮,阪神,28,3.69,2,6,0,63.1,40,16,2026/09/23,2026
小川 一平,阪神,29,4.75,2,2,0,41.2,33,15,2026/09/21,2026
岡留 英貴,阪神,25,0.83,2,0,0,21.2,20,6,2026/08/25,2026
岩貞 祐太,阪神,36,5.73,0,3,0,33,30,10,2026/09/22,2026
工藤 泰成,阪神,4,0.00,1,0,0,6,9,3,2026/04/02,2026
才木 浩人,阪神,1,1.80,1,0,0,5,2,0,2026/03/24,2026
早川 太貴,阪神,11,8.10,0,3,0,33.1,35,18,2026/09/23,2026
早瀬 朔,阪神,9,6.82,2,2,0,30.1,16,12,2026/09/20,2026
木下 里都,阪神,6,0.00,1,0,1,16,19,2,2026/05/21,2026
松原 快,阪神,37,5.19,2,0,0,52,29,43,2026/09/23,2026
桐敷 拓馬,阪神,14,3.74,0,2,1,33.2,28,9,2026/09/25,2026
椎葉 剛,阪神,32,3.38,1,2,1,34.2,43,17,2026/08/05,2026
津田 淳哉,阪神,38,1.99,3,2,6,40.2,40,9,2026/09/25,2026
湯浅 京己,阪神,6,4.50,0,1,0,6,7,3,2026/09/19,2026
畠 世周,阪神,18,2.65,2,1,0,17,19,6,2026/09/22,2026
石井 大智,阪神,5,1.80,2,0,0,5,9,0,2026/09/02,2026
石黒 佑弥,阪神,21,1.32,1,1,1,41,46,9,2026/09/18,2026
神宮 僚介,阪神,17,2.45,0,1,0,14.2,13,4,2026/07/11,2026
能登 嵩都,阪神,26,3.92,1,6,0,87.1,64,48,2026/09/23,2026
茨木 秀俊,阪神,17,3.89,6,6,0,85.2,60,30,2026/09/25,2026
西 勇輝,阪神,9,3.57,3,4,0,40.1,13,13,2026/08/11,2026
門別 啓人,阪神,22,2.66,7,1,1,47.1,32,7,2026/09/19,2026
エスピノーザ,オリックス,1,3.60,1,0,0,5,6,1,2026/03/25,2026
ジェリー,オリックス,1,0.00,0,0,0,2,5,1,2026/03/24,2026
ペルドモ,オリックス,3,4.63,0,2,0,11.2,6,3,2026/06/05,2026
マシュー,オリックス,25,2.28,0,0,11,27.2,23,9,2026/09/26,2026
マチャド,オリックス,1,9.00,0,0,0,1,2,0,2026/03/24,2026
上原 堆我,オリックス,10,3.89,1,4,0,37,24,17,2026/09/26,2026
乾 健斗,オリックス,6,9.00,1,0,0,9,2,4,2026/09/27,2026
佐藤 一磨,オリックス,17,3.72,4,2,0,75,52,28,2026/09/17,2026
佐藤 龍月,オリックス,6,0.00,0,0,0,12,12,3,2026/09/19,2026
入山 海斗,オリックス,15,5.65,2,0,2,14.1,8,9,2026/09/17,2026
博志,オリックス,16,5.49,1,1,0,19.2,10,5,2026/09/04,2026
古田島 成龍,オリックス,19,4.43,1,3,3,20.1,12,9,2026/09/25,2026
吉田 輝星,オリックス,16,0.96,1,0,1,18.2,22,6,2026/09/25,2026
宇田川 優希,オリックス,4,0.00,0,0,0,4,6,3,2026/05/19,2026
宮國 凌空,オリックス,18,2.75,6,3,0,85,60,19,2026/09/27,2026
富山 凌雅,オリックス,26,3.58,1,1,0,27.2,20,9,2026/08/05,2026
寺西 成騎,オリックス,4,0.75,1,1,0,12,8,5,2026/07/17,2026
寿賀 弘都,オリックス,8,2.31,0,1,0,11.2,3,9,2026/09/25,2026
山口 廉王,オリックス,16,5.66,3,7,0,68.1,38,27,2026/09/01,2026
山岡 泰輔,オリックス,17,3.92,2,6,0,57.1,57,13,2026/07/10,2026
山﨑 颯一郎,オリックス,1,9.00,0,0,0,1,2,0,2026/03/15,2026
山田 修義,オリックス,32,1.82,2,0,1,29.2,17,9,2026/09/21,2026
岩嵜 翔,オリックス,11,9.53,1,3,1,11.1,13,5,2026/09/25,2026
川瀬 堅斗,オリックス,29,5.33,4,5,1,50.2,49,21,2026/09/27,2026
平野 佳寿,オリックス,7,5.68,0,0,0,6.1,3,3,2026/07/09,2026
才木 海翔,オリックス,8,3.86,0,0,0,7,5,6,2026/09/17,2026
齋藤 響介,オリックス,16,4.30,5,4,0,75.1,50,21,2026/09/21,2026
曽谷 龍平,オリックス,4,5.27,0,1,0,13.2,10,4,2026/08/01,2026
本田 仁海,オリックス,8,4.32,2,0,0,8.1,7,8,2026/08/13,2026
東山 玲士,オリックス,11,4.91,0,2,1,11,15,6,2026/08/15,2026
東 晃平,オリックス,6,1.93,0,0,0,14,17,2,2026/07/18,2026
東松 快征,オリックス,20,3.23,5,2,3,61.1,50,37,2026/09/13,2026
森 陽樹,オリックス,4,7.50,1,0,1,6,4,2,2026/06/19,2026
椋木 蓮,オリックス,1,0.00,0,0,0,1,1,0,2026/03/14,2026
権田 琉成,オリックス,23,1.40,3,0,3,25.2,27,10,2026/08/23,2026
横山 楓,オリックス,1,0.00,0,0,0,1,0,0,2026/03/24,2026
渡邉 一生,オリックス,5,13.50,0,0,0,6,0,8,2026/09/27,2026
片山 楽生,オリックス,9,1.11,0,2,1,32.1,17,7,2026/09/27,2026
田嶋 大樹,オリックス,8,4.19,3,3,0,38.2,30,10,2026/08/20,2026
芦田 丈飛,オリックス,14,1.37,1,0,2,19.2,17,5,2026/05/20,2026
藤川 敦也,オリックス,4,0.00,0,0,0,10,9,2,2026/06/19,2026
阿部 翔太,オリックス,38,2.91,0,2,3,34,26,12,2026/09/27,2026
陳 睦衡,オリックス,7,1.17,2,0,0,23,13,15,2026/09/12,2026
髙島 泰都,オリックス,1,0.00,0,0,0,3,4,0,2026/06/06,2026
髙谷 舟,オリックス,22,3.67,0,2,0,27,15,8,2026/09/01,2026
アドゥワ 誠,広島,19,2.50,5,7,0,82.2,47,22,2026/09/25,2026
アリア,広島,18,12.86,0,2,0,14,12,23,2026/09/23,2026
ケムナ 誠,広島,24,5.33,3,4,0,25.1,18,12,2026/09/23,2026
ターノック,広島,2,1.80,0,0,0,5,5,1,2026/08/22,2026
中﨑 翔太,広島,6,0.00,0,0,1,6,7,2,2026/09/21,2026
佐藤 柳之介,広島,20,3.42,2,10,0,113,100,40,2026/09/19,2026
塹江 敦哉,広島,18,1.16,1,1,0,23.1,30,11,2026/09/26,2026
大瀬良 大地,広島,17,3.96,4,5,0,72.2,47,14,2026/08/26,2026
小船 翼,広島,6,1.59,0,1,0,5.2,4,7,2026/07/23,2026
岡本 駿,広島,1,0.00,0,0,0,3,2,0,2026/03/24,2026
島内 颯太郎,広島,20,5.40,0,1,0,20,22,9,2026/09/23,2026
工藤 泰己,広島,27,5.18,2,3,1,41.2,31,19,2026/09/23,2026
常廣 羽也斗,広島,19,3.54,0,1,4,20.1,16,6,2026/08/11,2026
斉藤 優汰,広島,11,2.70,4,0,0,43.1,41,16,2026/09/13,2026
齊藤 汰直,広島,25,3.04,2,1,1,47.1,33,29,2026/09/27,2026
日髙 暖己,広島,11,3.94,0,0,0,16,15,6,2026/09/02,2026
杉原 望来,広島,28,2.34,3,1,1,34.2,22,17,2026/09/26,2026
杉田 健,広島,37,3.27,1,0,2,52.1,36,8,2026/09/06,2026
松本 竜也,広島,36,2.35,4,1,4,38.1,42,8,2026/09/26,2026
栗林 良吏,広島,1,6.35,0,1,0,5.2,7,0,2026/06/30,2026
森下 暢仁,広島,2,0.90,1,0,0,10,5,0,2026/07/31,2026
森 翔平,広島,4,3.00,0,3,0,18,14,1,2026/06/19,2026
河野 佳,広島,25,2.01,8,3,1,111.2,69,28,2026/09/22,2026
玉村 昇悟,広島,5,2.33,3,1,0,27,24,5,2026/08/15,2026
益田 武尚,広島,23,2.42,0,1,1,22.1,21,7,2026/09/26,2026
竹下 海斗,広島,6,1.29,2,1,0,7,3,1,2026/09/26,2026
菊地 ハルン,広島,28,1.15,0,1,3,31.1,20,7,2026/09/27,2026
赤木 晴哉,広島,12,3.62,0,4,0,59.2,47,16,2026/09/05,2026
辻 大雅,広島,6,5.06,0,0,0,5.1,6,3,2026/05/26,2026
遠藤 淳志,広島,6,4.32,1,1,1,8.1,2,4,2026/04/14,2026
鈴木 健矢,広島,1,0.00,0,0,0,1,1,0,2026/06/03,2026
長谷部 銀次,広島,21,9.86,0,3,0,21,13,12,2026/09/23,2026
髙 太一,広島,3,7.62,0,2,0,13,9,5,2026/04/03,2026
高橋 昂也,広島,38,3.63,1,2,4,44.2,36,31,2026/09/27,2026
黒原 拓未,広島,13,3.00,0,2,0,12,7,5,2026/09/27,2026
アルメンタ,ソフトバンク,5,0.61,0,0,0,14.2,14,5,2026/09/23,2026
オスナ,ソフトバンク,4,0.00,1,0,0,4,5,0,2026/09/02,2026
スチュワート・ジュニア,ソフトバンク,3,2.50,0,2,0,18,21,3,2026/09/22,2026
ヘルナンデス,ソフトバンク,2,0.00,0,0,0,2,3,0,2026/07/10,2026
モイネロ,ソフトバンク,2,2.00,1,0,0,9,11,2,2026/07/31,2026
ラトリッジ,ソフトバンク,4,4.79,1,2,0,20.2,14,9,2026/09/25,2026
ロドリゲス,ソフトバンク,18,2.89,2,1,2,18.2,21,6,2026/08/23,2026
上沢 直之,ソフトバンク,2,4.50,0,1,0,8,10,1,2026/06/14,2026
上茶谷 大河,ソフトバンク,1,0.00,1,0,0,7,5,1,2026/03/17,2026
中村 稔弥,ソフトバンク,19,2.14,3,2,2,54.2,55,7,2026/09/25,2026
伊藤 優輔,ソフトバンク,9,0.68,2,0,1,13.1,20,4,2026/07/23,2026
内野 海斗,ソフトバンク,4,3.55,0,1,0,12.2,11,4,2026/09/22,2026
前田 悠伍,ソフトバンク,4,1.56,1,1,1,17.1,18,3,2026/04/17,2026
前田 純,ソフトバンク,15,3.07,4,4,0,88,70,17,2026/09/17,2026
北斗,ソフトバンク,14,2.61,3,1,0,79.1,62,28,2026/09/21,2026
大山 凌,ソフトバンク,22,1.71,1,2,2,58,53,20,2026/09/01,2026
大江 竜聖,ソフトバンク,28,2.67,2,2,4,30.1,32,20,2026/09/25,2026
大津 亮介,ソフトバンク,2,3.24,1,0,0,8.1,7,3,2026/03/26,2026
大竹 風雅,ソフトバンク,29,4.66,4,3,5,29,36,7,2026/09/23,2026
大野 稼頭央,ソフトバンク,8,2.53,3,1,0,46.1,37,23,2026/09/19,2026
大関 友久,ソフトバンク,12,4.30,2,6,0,73.1,45,21,2026/09/20,2026
宮里 優吾,ソフトバンク,2,3.38,0,0,0,2.2,1,2,2026/04/24,2026
小林 樹斗,ソフトバンク,9,2.02,3,3,1,49,39,14,2026/08/02,2026
尾形 崇斗,ソフトバンク,2,1.54,1,1,0,11.2,10,5,2026/03/28,2026
山崎 琢磨,ソフトバンク,4,1.20,1,0,0,15,9,8,2026/07/10,2026
岡田 皓一朗,ソフトバンク,17,7.13,2,1,0,24,20,24,2026/09/13,2026
岩井 俊介,ソフトバンク,16,1.53,0,1,2,17.2,23,5,2026/09/23,2026
岩崎 峻典,ソフトバンク,12,2.39,7,1,0,60.1,40,19,2026/09/19,2026
張 峻瑋,ソフトバンク,12,2.50,5,1,0,50.1,47,11,2026/08/09,2026
徐 若熙,ソフトバンク,7,1.38,3,0,0,26,24,5,2026/09/25,2026
木村 光,ソフトバンク,10,0.00,0,0,0,11.1,12,2,2026/09/23,2026
木村 大成,ソフトバンク,27,4.54,2,0,0,33.2,28,17,2026/09/02,2026
杉山 一樹,ソフトバンク,2,0.00,0,0,0,2,1,0,2026/05/04,2026
村上 泰斗,ソフトバンク,5,5.29,1,3,0,17,15,9,2026/09/04,2026
村田 賢一,ソフトバンク,6,1.54,4,1,0,23.1,13,7,2026/08/16,2026
東浜 巨,ソフトバンク,12,2.37,6,4,0,57,43,15,2026/09/18,2026
松本 晴,ソフトバンク,1,0.00,0,0,0,5,7,0,2026/06/17,2026
津嘉山 憲志郎,ソフトバンク,3,0.00,0,0,0,3,4,1,2026/08/14,2026
津森 宥紀,ソフトバンク,6,0.00,0,0,1,9,8,2,2026/04/14,2026
相原 雄太,ソフトバンク,12,2.16,2,1,1,16.2,17,10,2026/09/21,2026
藤原 大翔,ソフトバンク,6,2.28,1,1,0,27.2,32,5,2026/05/06,2026
鈴木 豪太,ソフトバンク,3,0.00,0,0,1,4,3,1,2026/05/03,2026
長水 啓眞,ソフトバンク,1,3.60,0,1,0,5,2,2,2026/03/18,2026
飛田 悠成,ソフトバンク,3,11.88,0,1,1,8.1,7,7,2026/08/14,2026
