選手,球団,試合,打率,打席,打数,安打,本塁打,打点,三振,四球,盗塁,出塁率,長打率,最終出場日,年度
YG安田,楽天,32,0.255,119,110,28,4,18,12,7,0,0.294,0.427,2026/06/27,2026
ゴンザレス,楽天,28,0.260,101,96,25,3,19,21,5,0,0.297,0.448,2026/05/27,2026
ボイト,楽天,16,0.333,66,57,19,1,10,12,9,0,0.424,0.439,2026/07/11,2026
マッカスカー,楽天,18,0.219,78,64,14,4,9,25,12,0,0.346,0.438,2026/05/26,2026
ワォーターズ,楽天,60,0.200,221,205,41,0,15,57,13,12,0.249,0.244,2026/09/27,2026
中島 大輔,楽天,5,0.438,16,16,7,0,2,0,0,1,0.438,0.563,2026/06/24,2026
伊藤 光,楽天,4,0.250,8,8,2,0,2,1,0,0,0.250,0.250,2026/09/27,2026
伊藤 裕季也,楽天,64,0.249,225,189,47,4,14,60,34,1,0.364,0.365,2026/09/27,2026
佐藤 直樹,楽天,8,0.316,22,19,6,0,2,5,3,0,0.409,0.526,2026/07/23,2026
入江 大樹,楽天,51,0.276,195,170,47,3,21,35,19,1,0.361,0.341,2026/09/27,2026
前田 銀治,楽天,41,0.185,72,65,12,2,12,23,5,2,0.264,0.338,2026/09/27,2026
吉納 翼,楽天,63,0.230,234,204,47,9,34,54,23,1,0.325,0.451,2026/09/27,2026
吉野 創士,楽天,70,0.276,260,232,64,7,29,45,24,7,0.350,0.422,2026/09/27,2026
堀内 謙伍,楽天,18,0.238,53,42,10,1,7,5,8,0,0.377,0.405,2026/05/16,2026
大坪 梓恩,楽天,80,0.245,275,253,62,6,41,62,14,2,0.287,0.375,2026/09/23,2026
大栄 利哉,楽天,24,0.182,50,44,8,1,7,8,5,1,0.280,0.273,2026/09/13,2026
宗山 塁,楽天,5,0.313,17,16,5,0,0,2,1,0,0.353,0.438,2026/07/01,2026
小森 航大郎,楽天,29,0.366,89,82,30,5,7,3,3,7,0.402,0.610,2026/09/05,2026
小深田 大翔,楽天,2,0.571,7,7,4,1,3,1,0,1,0.571,1.429,2026/07/04,2026
小郷 裕哉,楽天,18,0.283,66,60,17,3,5,8,6,4,0.348,0.483,2026/09/02,2026
岸本 佑也,楽天,53,0.238,173,160,38,0,10,52,10,2,0.291,0.338,2026/09/26,2026
島原 大河,楽天,38,0.270,70,63,17,1,9,15,6,0,0.343,0.365,2026/09/27,2026
幌村 黛汰,楽天,58,0.211,139,128,27,0,6,21,9,6,0.273,0.313,2026/09/27,2026
平良 竜哉,楽天,1,0.500,4,4,2,0,0,0,0,0,0.500,0.500,2026/09/05,2026
武藤 敦貴,楽天,41,0.260,141,123,32,2,17,20,13,9,0.340,0.390,2026/09/27,2026
水上 桂,楽天,43,0.207,121,111,23,0,9,23,7,1,0.256,0.261,2026/09/27,2026
浅村 栄斗,楽天,12,0.333,38,30,10,1,6,7,6,0,0.447,0.500,2026/09/27,2026
渡邊 佳明,楽天,6,0.348,23,23,8,0,5,1,0,0,0.348,0.435,2026/04/11,2026
田中 和基,楽天,34,0.230,86,74,17,1,5,16,11,5,0.337,0.324,2026/09/27,2026
田中 貴也,楽天,39,0.241,101,83,20,2,8,17,17,0,0.370,0.337,2026/09/04,2026
石原 彪,楽天,24,0.288,69,59,17,0,5,11,8,0,0.373,0.339,2026/09/26,2026
繁永 晟,楽天,71,0.318,287,264,84,0,27,34,20,8,0.369,0.348,2026/09/13,2026
辰己 涼介,楽天,6,0.100,22,20,2,0,1,5,1,0,0.182,0.150,2026/03/21,2026
金子 京介,楽天,93,0.244,300,275,67,13,44,84,20,0,0.297,0.411,2026/09/27,2026
鈴木 大地,楽天,25,0.260,85,73,19,0,9,14,7,0,0.365,0.301,2026/09/27,2026
阪上 翔也,楽天,83,0.237,316,287,68,5,31,48,24,5,0.297,0.334,2026/09/22,2026
陽 柏翔,楽天,63,0.292,209,192,56,3,18,43,15,8,0.340,0.422,2026/08/23,2026
青野 拓海,楽天,16,0.298,52,47,14,0,5,12,3,0,0.346,0.340,2026/09/27,2026
ウォーカー,オイシックス,60,0.248,222,202,50,13,34,62,15,2,0.302,0.515,2026/07/05,2026
ダニエル,オイシックス,34,0.160,59,50,8,0,6,12,8,2,0.276,0.220,2026/09/27,2026
上原 裕樹,オイシックス,97,0.199,193,171,34,2,11,54,14,6,0.270,0.269,2026/09/25,2026
中山 翔太,オイシックス,62,0.259,195,166,43,5,23,25,23,1,0.359,0.398,2026/09/27,2026
中澤 英明,オイシックス,85,0.257,259,218,56,1,23,42,23,2,0.329,0.321,2026/09/27,2026
伊永 大蔵,オイシックス,10,0.000,10,9,0,0,0,4,1,0,0.100,0.000,2026/09/23,2026
伴在 汰文,オイシックス,28,0.114,52,44,5,0,0,16,6,0,0.220,0.114,2026/09/27,2026
園部 佳太,オイシックス,92,0.247,332,283,70,3,39,58,40,6,0.345,0.367,2026/09/27,2026
大川 陽大,オイシックス,101,0.262,379,351,92,5,40,77,20,6,0.301,0.379,2026/09/27,2026
小園 修矢,オイシックス,31,0.140,47,43,6,0,2,17,1,3,0.159,0.163,2026/09/26,2026
小西 慶治,オイシックス,115,0.265,445,411,109,11,54,95,28,10,0.314,0.404,2026/09/27,2026
小野 大輔,オイシックス,73,0.157,197,172,27,2,17,32,12,10,0.232,0.244,2026/09/26,2026
山田 和,オイシックス,49,0.172,113,99,17,0,5,11,12,1,0.261,0.172,2026/09/27,2026
岸川 和広,オイシックス,14,0.229,38,35,8,0,6,7,3,3,0.289,0.257,2026/09/23,2026
松山 竜平,オイシックス,37,0.263,86,80,21,1,7,9,3,0,0.291,0.325,2026/09/25,2026
楠田 汰朗,オイシックス,52,0.180,76,61,11,0,3,25,11,2,0.333,0.230,2026/09/25,2026
比嘉 天佑,オイシックス,42,0.170,57,53,9,0,2,16,3,0,0.228,0.226,2026/09/27,2026
浅井 玲於,オイシックス,43,0.188,123,112,21,1,7,30,10,1,0.260,0.241,2026/09/27,2026
渡邉 諒,オイシックス,64,0.263,222,194,51,6,29,49,26,1,0.351,0.407,2026/09/27,2026
漆原 幻汰,オイシックス,75,0.281,304,260,73,2,13,54,37,25,0.374,0.362,2026/09/27,2026
田中 俊太,オイシックス,65,0.214,227,192,41,2,16,36,32,4,0.323,0.302,2026/09/27,2026
田西 誓,オイシックス,18,0.100,28,20,2,1,3,11,4,0,0.321,0.250,2026/09/25,2026
陽 岱鋼,オイシックス,43,0.239,127,113,27,0,9,30,11,1,0.323,0.248,2026/09/26,2026
髙山 俊,オイシックス,72,0.262,209,183,48,1,16,28,25,1,0.354,0.311,2026/09/26,2026
高橋 駿臥,オイシックス,18,0.182,22,22,4,0,2,5,0,0,0.182,0.273,2026/09/27,2026
高 義博,オイシックス,109,0.254,447,390,99,5,30,66,34,48,0.335,0.356,2026/09/27,2026
アセベド,ロッテ,47,0.311,111,103,32,2,19,22,7,3,0.360,0.476,2026/09/23,2026
ポランコ,ロッテ,39,0.269,131,119,32,8,23,30,10,0,0.321,0.538,2026/09/27,2026
上田 希由翔,ロッテ,21,0.327,64,55,18,2,9,5,9,5,0.422,0.509,2026/07/10,2026
中村 奨吾,ロッテ,73,0.206,224,189,39,0,16,42,30,3,0.313,0.270,2026/09/27,2026
井上 広大,ロッテ,44,0.295,155,139,41,7,29,47,14,3,0.368,0.489,2026/08/16,2026
佐藤 都志也,ロッテ,2,0.000,8,7,0,0,0,3,1,0,0.125,0.000,2026/03/15,2026
勝又 琉偉,ロッテ,30,0.121,61,58,7,1,3,13,2,0,0.164,0.190,2026/09/03,2026
友杉 篤輝,ロッテ,16,0.233,48,43,10,0,2,6,3,1,0.271,0.233,2026/09/27,2026
和田 康士朗,ロッテ,27,0.283,70,60,17,0,7,8,7,4,0.362,0.350,2026/09/27,2026
安田 尚憲,ロッテ,44,0.299,121,97,29,1,7,20,24,2,0.438,0.412,2026/05/29,2026
宮崎 竜成,ロッテ,40,0.281,130,114,32,3,21,26,13,2,0.346,0.465,2026/09/23,2026
富山 紘之進,ロッテ,31,0.194,42,36,7,0,4,4,1,0,0.216,0.250,2026/09/22,2026
寺地 隆成,ロッテ,18,0.264,77,72,19,2,3,13,5,1,0.312,0.431,2026/08/16,2026
山口 航輝,ロッテ,16,0.302,56,53,16,4,7,12,3,0,0.339,0.585,2026/05/10,2026
山﨑 剛,ロッテ,30,0.359,87,78,28,1,10,11,9,4,0.425,0.462,2026/07/04,2026
山本 大斗,ロッテ,26,0.320,114,97,31,6,26,14,9,1,0.395,0.598,2026/07/21,2026
岡 大海,ロッテ,64,0.256,204,168,43,2,18,31,24,6,0.377,0.381,2026/09/27,2026
岡村 了樹,ロッテ,93,0.217,218,207,45,4,14,64,4,3,0.231,0.353,2026/09/26,2026
愛斗,ロッテ,35,0.355,133,124,44,5,19,24,8,9,0.391,0.532,2026/06/11,2026
杉山 諒,ロッテ,69,0.188,167,149,28,0,7,37,13,16,0.253,0.201,2026/09/27,2026
松川 虎生,ロッテ,7,0.200,24,20,4,0,2,4,4,0,0.333,0.200,2026/09/22,2026
松石 信八,ロッテ,77,0.251,205,179,45,0,15,36,17,7,0.320,0.279,2026/09/22,2026
植田 将太,ロッテ,6,0.286,7,7,2,0,2,1,0,0,0.286,0.429,2026/09/27,2026
櫻井 ユウヤ,ロッテ,102,0.245,415,392,96,6,43,91,3,2,0.277,0.347,2026/09/27,2026
池田 来翔,ロッテ,19,0.358,57,53,19,2,7,8,3,1,0.404,0.660,2026/09/22,2026
田村 龍弘,ロッテ,35,0.316,46,38,12,2,6,4,6,1,0.422,0.526,2026/09/26,2026
石垣 勝海,ロッテ,66,0.220,171,150,33,0,11,33,16,2,0.292,0.260,2026/09/27,2026
石川 慎吾,ロッテ,65,0.371,179,159,59,8,31,29,16,1,0.430,0.610,2026/09/27,2026
立松 由宇,ロッテ,91,0.272,260,224,61,4,27,41,32,1,0.365,0.406,2026/09/27,2026
茶谷 健太,ロッテ,22,0.342,42,38,13,0,3,7,2,0,0.405,0.447,2026/09/27,2026
藤原 恭大,ロッテ,3,0.333,10,6,2,0,2,2,3,1,0.556,0.500,2026/06/28,2026
藤岡 裕大,ロッテ,47,0.250,126,104,26,3,11,20,19,0,0.365,0.394,2026/09/27,2026
藤田 和樹,ロッテ,29,0.255,51,51,13,2,7,9,0,0,0.255,0.392,2026/09/23,2026
角中 勝也,ロッテ,69,0.255,121,102,26,3,16,19,17,0,0.355,0.392,2026/09/25,2026
谷村 剛,ロッテ,29,0.241,62,58,14,2,6,15,4,0,0.290,0.448,2026/09/22,2026
金田 優太,ロッテ,64,0.262,150,126,33,3,15,30,18,1,0.361,0.381,2026/09/27,2026
髙部 瑛斗,ロッテ,36,0.306,132,121,37,0,8,10,5,7,0.338,0.380,2026/09/23,2026
髙野 光海,ロッテ,28,0.095,48,42,4,0,2,19,3,1,0.188,0.095,2026/08/30,2026
ウォルターズ,ヤクルト,12,0.000,1,1,0,0,0,1,0,0,0.000,0.000,2026/04/11,2026
オスナ,ヤクルト,25,0.170,68,53,9,0,4,7,15,0,0.353,0.170,2026/09/02,2026
セデーニョ,ヤクルト,24,0.243,74,70,17,5,17,20,3,0,0.284,0.514,2026/09/19,2026
モイセエフ ニキータ,ヤクルト,71,0.235,256,234,55,5,22,45,19,7,0.293,0.368,2026/09/27,2026
モンテル,ヤクルト,31,0.263,104,99,26,0,4,24,2,6,0.291,0.343,2026/09/25,2026
並木 秀尊,ヤクルト,25,0.300,75,70,21,0,4,5,5,6,0.347,0.343,2026/08/16,2026
中川 拓真,ヤクルト,47,0.212,103,99,21,2,9,23,4,1,0.243,0.303,2026/09/27,2026
中村 悠平,ヤクルト,6,0.250,20,16,4,0,2,3,4,0,0.400,0.313,2026/05/13,2026
丸山 和郁,ヤクルト,18,0.286,71,63,18,0,5,8,8,4,0.366,0.365,2026/09/05,2026
伊藤 琉偉,ヤクルト,16,0.208,57,48,10,0,7,16,8,5,0.321,0.208,2026/09/02,2026
内山 壮真,ヤクルト,24,0.288,87,66,19,3,8,9,18,0,0.437,0.455,2026/07/04,2026
北村 恵吾,ヤクルト,71,0.233,230,206,48,0,17,32,18,0,0.309,0.262,2026/09/26,2026
塩見 泰隆,ヤクルト,53,0.253,180,150,38,2,13,35,29,0,0.372,0.367,2026/09/27,2026
奥川 恭伸,ヤクルト,1,0.000,2,2,0,0,0,1,0,0,0.000,0.000,2026/03/25,2026
宮本 丈,ヤクルト,12,0.367,31,30,11,0,2,3,1,0,0.387,0.467,2026/07/19,2026
山田 哲人,ヤクルト,13,0.219,34,32,7,1,2,6,2,0,0.265,0.375,2026/08/21,2026
山野辺 翔,ヤクルト,49,0.308,139,120,37,1,13,23,16,8,0.384,0.383,2026/09/27,2026
松下 歩叶,ヤクルト,37,0.302,134,126,38,2,16,10,7,2,0.336,0.437,2026/09/12,2026
松川 玲央,ヤクルト,3,0.333,4,3,1,0,1,0,1,0,0.500,0.667,2026/08/04,2026
松本 健吾,ヤクルト,2,0.000,1,1,0,0,0,0,0,0,0.000,0.000,2026/03/24,2026
松本 直樹,ヤクルト,41,0.295,134,122,36,2,18,13,10,0,0.351,0.410,2026/07/22,2026
松本 龍之介,ヤクルト,82,0.164,187,165,27,0,14,60,20,15,0.251,0.224,2026/09/27,2026
柿沼 友哉,ヤクルト,35,0.105,73,57,6,0,5,7,7,0,0.217,0.140,2026/09/25,2026
根岸 辰昇,ヤクルト,42,0.230,94,87,20,1,8,11,6,0,0.287,0.287,2026/08/23,2026
橋本 星哉,ヤクルト,73,0.295,282,261,77,4,33,31,19,10,0.344,0.398,2026/09/27,2026
武岡 龍世,ヤクルト,13,0.304,55,46,14,1,9,13,7,0,0.418,0.500,2026/09/27,2026
澤井 廉,ヤクルト,63,0.279,208,179,50,10,28,49,26,0,0.375,0.525,2026/09/27,2026
澤野 聖悠,ヤクルト,59,0.173,146,133,23,7,20,47,8,8,0.225,0.376,2026/07/01,2026
田中 陽翔,ヤクルト,61,0.227,225,194,44,3,15,65,30,2,0.333,0.325,2026/09/12,2026
矢野 泰二郎,ヤクルト,56,0.225,199,182,41,0,13,41,9,4,0.279,0.286,2026/09/27,2026
石井 巧,ヤクルト,51,0.328,200,174,57,2,18,31,22,10,0.407,0.443,2026/09/27,2026
茂木 栄五郎,ヤクルト,50,0.208,142,125,26,1,16,20,12,0,0.282,0.304,2026/09/27,2026
西村 瑠伊斗,ヤクルト,69,0.227,227,194,44,4,25,61,28,2,0.320,0.366,2026/08/02,2026
赤羽 由紘,ヤクルト,8,0.286,26,21,6,1,7,10,3,0,0.385,0.429,2026/05/31,2026
遠藤 成,ヤクルト,22,0.291,63,55,16,2,12,12,7,4,0.371,0.473,2026/09/04,2026
鈴木 叶,ヤクルト,17,0.210,68,62,13,1,4,15,5,1,0.279,0.306,2026/09/22,2026
長岡 秀樹,ヤクルト,2,0.286,8,7,2,0,2,1,1,0,0.375,0.571,2026/05/13,2026
高梨 裕稔,ヤクルト,6,0.000,3,3,0,0,0,3,0,0,0.000,0.000,2026/03/22,2026
髙野 颯太,ヤクルト,56,0.143,148,133,19,0,10,50,15,1,0.230,0.188,2026/09/27,2026
エドポロ ケイン,日本ハム,85,0.244,336,279,68,17,42,103,52,5,0.366,0.466,2026/09/27,2026
カストロ,日本ハム,20,0.341,91,82,28,4,15,11,9,1,0.407,0.549,2026/08/06,2026
マルティネス,日本ハム,32,0.402,105,82,33,7,19,15,22,0,0.533,0.768,2026/09/27,2026
リン,日本ハム,48,0.313,107,99,31,1,13,16,7,0,0.355,0.394,2026/09/23,2026
万波 中正,日本ハム,6,0.625,25,24,15,1,2,3,1,0,0.640,0.958,2026/09/13,2026
上川畑 大悟,日本ハム,42,0.319,146,119,38,0,14,14,18,1,0.428,0.395,2026/09/27,2026
中島 卓也,日本ハム,57,0.264,163,140,37,0,12,33,15,12,0.344,0.307,2026/09/13,2026
五十幡 亮汰,日本ハム,2,0.222,11,9,2,0,0,0,2,3,0.364,0.333,2026/08/30,2026
今川 優馬,日本ハム,60,0.290,184,169,49,6,26,33,10,5,0.326,0.491,2026/09/27,2026
半田 南十,日本ハム,47,0.217,141,138,30,1,11,32,2,3,0.227,0.290,2026/09/27,2026
吉田 賢吾,日本ハム,39,0.331,141,130,43,4,15,15,10,4,0.383,0.508,2026/09/27,2026
大塚 瑠晏,日本ハム,32,0.293,114,99,29,3,15,26,14,2,0.377,0.465,2026/08/15,2026
宮崎 一樹,日本ハム,90,0.296,305,247,73,4,32,44,46,10,0.406,0.405,2026/09/25,2026
山口 アタル,日本ハム,13,0.179,31,28,5,1,4,5,2,0,0.226,0.321,2026/09/27,2026
山﨑 福也,日本ハム,8,0.000,2,2,0,0,0,0,0,0,0.000,0.000,2026/05/30,2026
山縣 秀,日本ハム,27,0.189,99,90,17,3,11,11,6,3,0.237,0.344,2026/08/26,2026
常谷 拓輝,日本ハム,53,0.234,191,167,39,3,28,20,21,1,0.317,0.353,2026/09/27,2026
日渡 騰輝,日本ハム,16,0.162,39,37,6,1,4,11,2,0,0.205,0.243,2026/09/25,2026
明瀬 諒介,日本ハム,68,0.257,221,210,54,8,27,53,8,1,0.285,0.433,2026/09/19,2026
星野 ひので,日本ハム,37,0.187,81,75,14,2,13,29,6,2,0.247,0.347,2026/09/23,2026
有薗 直輝,日本ハム,41,0.311,167,135,42,6,23,40,28,2,0.431,0.578,2026/09/23,2026
柴田 獅子,日本ハム,72,0.225,246,222,50,8,35,70,23,0,0.301,0.387,2026/09/06,2026
梅林 優貴,日本ハム,45,0.252,127,111,28,2,13,27,10,3,0.320,0.360,2026/09/23,2026
水谷 瞬,日本ハム,18,0.328,66,58,19,7,14,13,7,0,0.409,0.759,2026/08/21,2026
濵田 泰希,日本ハム,48,0.205,145,132,27,1,14,40,7,0,0.243,0.288,2026/09/27,2026
淺間 大基,日本ハム,46,0.356,162,135,48,5,25,30,23,5,0.444,0.615,2026/09/27,2026
清宮 幸太郎,日本ハム,5,0.333,20,15,5,3,6,3,4,0,0.500,1.000,2026/03/21,2026
清水 優心,日本ハム,31,0.225,99,80,18,1,7,16,14,0,0.354,0.300,2026/09/27,2026
矢澤 宏太,日本ハム,23,0.284,90,81,23,3,9,13,9,10,0.356,0.395,2026/09/25,2026
細川 凌平,日本ハム,27,0.371,77,62,23,2,16,8,13,8,0.468,0.500,2026/05/04,2026
藤森 海斗,日本ハム,43,0.275,125,120,33,0,15,29,5,1,0.304,0.317,2026/09/27,2026
藤田 大清,日本ハム,4,0.000,5,4,0,0,0,2,1,0,0.200,0.000,2026/09/23,2026
西川 遥輝,日本ハム,35,0.218,135,110,24,3,16,37,22,0,0.356,0.364,2026/09/06,2026
進藤 勇也,日本ハム,18,0.400,54,45,18,4,17,10,7,1,0.463,0.733,2026/06/17,2026
郡司 裕也,日本ハム,11,0.378,49,37,14,3,6,10,12,0,0.531,0.649,2026/07/01,2026
阪口 樂,日本ハム,89,0.206,250,218,45,4,26,71,28,2,0.297,0.303,2026/09/27,2026
エンカーナシオン,DeNA,7,0.304,25,23,7,0,1,4,2,0,0.360,0.391,2026/07/01,2026
デュプランティエ,DeNA,1,0.000,2,2,0,0,0,2,0,0,0.000,0.000,2026/03/24,2026
ヒュンメル,DeNA,36,0.277,126,101,28,2,14,23,21,0,0.413,0.455,2026/09/27,2026
上甲 凌大,DeNA,48,0.184,144,114,21,2,13,40,22,2,0.326,0.246,2026/09/26,2026
九鬼 隆平,DeNA,41,0.321,128,112,36,1,12,26,13,1,0.391,0.429,2026/08/13,2026
井上 朋也,DeNA,49,0.301,193,166,50,8,46,54,20,0,0.383,0.590,2026/08/30,2026
井上 絢登,DeNA,93,0.270,324,282,76,7,48,39,30,3,0.359,0.415,2026/09/27,2026
京田 陽太,DeNA,20,0.268,75,71,19,0,4,11,3,0,0.307,0.310,2026/09/27,2026
入江 大生,DeNA,5,0.000,1,1,0,0,0,1,0,0,0.000,0.000,2026/03/21,2026
加藤 響,DeNA,85,0.257,295,249,64,3,37,38,31,7,0.349,0.353,2026/09/27,2026
勝又 温史,DeNA,13,0.452,48,42,19,1,10,4,3,0,0.500,0.595,2026/09/19,2026
古市 尊,DeNA,42,0.287,140,115,33,2,17,12,17,2,0.390,0.409,2026/07/10,2026
宮下 朝陽,DeNA,42,0.288,166,156,45,1,17,35,10,1,0.331,0.397,2026/06/16,2026
小田 康一郎,DeNA,103,0.280,434,364,102,5,54,68,61,18,0.386,0.398,2026/09/27,2026
小笠原 蒼,DeNA,15,0.050,26,20,1,0,2,10,5,0,0.269,0.050,2026/09/27,2026
小針 大輝,DeNA,23,0.250,46,44,11,0,3,16,1,1,0.283,0.341,2026/09/22,2026
尾形 崇斗,DeNA,2,0.000,2,2,0,0,0,2,0,0,0.000,0.000,2026/05/24,2026
島田 舜也,DeNA,13,0.000,2,1,0,0,0,0,1,0,0.500,0.000,2026/05/06,2026
成瀬 脩人,DeNA,52,0.259,192,166,43,0,23,34,19,4,0.339,0.380,2026/09/13,2026
東妻 純平,DeNA,68,0.257,204,183,47,4,24,38,15,4,0.327,0.410,2026/09/27,2026
松尾 汐恩,DeNA,4,0.333,14,12,4,0,2,0,2,0,0.429,0.417,2026/09/25,2026
林 琢真,DeNA,25,0.305,94,82,25,0,5,15,11,8,0.394,0.329,2026/07/14,2026
柴田 竜拓,DeNA,12,0.227,30,22,5,0,4,5,6,0,0.433,0.364,2026/04/18,2026
梶原 昂希,DeNA,49,0.319,147,135,43,2,24,29,9,15,0.367,0.459,2026/09/26,2026
森 敬斗,DeNA,94,0.267,337,292,78,1,26,67,39,20,0.357,0.339,2026/09/27,2026
濱 将乃介,DeNA,96,0.195,214,185,36,3,20,33,25,17,0.289,0.292,2026/09/27,2026
清水 詩太,DeNA,14,0.000,18,12,0,0,1,6,3,0,0.235,0.000,2026/08/14,2026
牧 秀悟,DeNA,4,0.214,14,14,3,1,2,1,0,0,0.214,0.429,2026/06/02,2026
田内 真翔,DeNA,85,0.237,333,300,71,2,31,59,20,7,0.293,0.317,2026/09/26,2026
益子 京右,DeNA,67,0.247,179,150,37,4,27,28,21,2,0.360,0.373,2026/09/27,2026
石上 泰輝,DeNA,30,0.250,131,104,26,2,18,13,20,7,0.395,0.442,2026/09/27,2026
神里 和毅,DeNA,2,0.000,7,5,0,0,0,1,2,1,0.286,0.000,2026/03/15,2026
筒香 嘉智,DeNA,3,0.167,9,6,1,0,1,1,2,0,0.333,0.333,2026/05/10,2026
篠木 健太郎,DeNA,9,0.000,1,1,0,0,0,1,0,0,0.000,0.000,2026/03/24,2026
蝦名 達夫,DeNA,5,0.316,21,19,6,1,3,1,1,0,0.381,0.474,2026/08/26,2026
西巻 賢二,DeNA,80,0.274,97,84,23,1,11,18,8,14,0.347,0.333,2026/09/27,2026
近藤 大雅,DeNA,14,0.000,17,17,0,0,0,9,0,0,0.000,0.000,2026/09/27,2026
関根 大気,DeNA,74,0.311,248,225,70,3,23,16,18,6,0.371,0.449,2026/09/27,2026
高見澤 郁魅,DeNA,76,0.321,249,224,72,2,27,62,19,0,0.383,0.438,2026/09/27,2026
ウィットリー,巨人,1,0.000,1,1,0,0,0,0,0,0,0.000,0.000,2026/03/24,2026
キャベッジ,巨人,21,0.288,79,66,19,3,11,17,9,2,0.354,0.500,2026/09/27,2026
ティマ,巨人,78,0.269,261,238,64,10,46,49,18,1,0.314,0.458,2026/09/27,2026
フェリス,巨人,1,0.000,4,4,0,0,0,3,0,0,0.000,0.000,2026/05/26,2026
リチャード,巨人,55,0.256,192,156,40,12,38,52,27,0,0.385,0.551,2026/09/26,2026
三塚 琉生,巨人,74,0.252,256,230,58,6,36,42,18,3,0.313,0.404,2026/09/27,2026
中山 礼都,巨人,38,0.298,124,104,31,4,12,15,15,1,0.393,0.452,2026/09/27,2026
中田 歩夢,巨人,59,0.224,150,125,28,0,11,32,13,7,0.317,0.280,2026/09/25,2026
丸 佳浩,巨人,15,0.316,50,38,12,1,6,3,10,3,0.440,0.395,2026/05/08,2026
亀田 啓太,巨人,2,0.000,3,3,0,0,0,0,0,0,0.000,0.000,2026/05/27,2026
佐々木 俊輔,巨人,6,0.353,20,17,6,1,6,3,2,3,0.421,0.706,2026/07/05,2026
吉川 尚輝,巨人,22,0.322,72,59,19,0,6,7,12,6,0.444,0.390,2026/09/17,2026
園田 純規,巨人,14,0.000,1,1,0,0,0,1,0,0,0.000,0.000,2026/03/22,2026
坂本 達也,巨人,19,0.258,34,31,8,0,1,6,2,1,0.303,0.323,2026/08/06,2026
増田 大輝,巨人,40,0.246,71,57,14,0,9,10,11,4,0.377,0.298,2026/09/27,2026
増田 陸,巨人,49,0.264,178,159,42,3,19,33,12,3,0.326,0.365,2026/08/20,2026
宇都宮 葵星,巨人,16,0.378,53,45,17,0,4,9,5,8,0.431,0.511,2026/09/27,2026
小林 誠司,巨人,14,0.250,31,28,7,1,5,1,3,0,0.323,0.429,2026/04/18,2026
小濱 佑斗,巨人,56,0.246,221,187,46,3,29,45,27,19,0.352,0.353,2026/07/21,2026
小笠原 慎之介,巨人,3,0.000,2,2,0,0,0,0,0,0,0.000,0.000,2026/07/12,2026
山城 京平,巨人,13,0.000,2,2,0,0,0,1,0,0,0.000,0.000,2026/03/22,2026
山瀬 慎之助,巨人,78,0.193,227,197,38,4,22,50,23,1,0.283,0.294,2026/09/27,2026
山田 龍聖,巨人,30,0.000,2,2,0,0,0,1,0,0,0.000,0.000,2026/03/25,2026
岡田 悠希,巨人,90,0.251,223,191,48,4,23,50,28,5,0.351,0.372,2026/09/27,2026
岸田 行倫,巨人,20,0.214,61,56,12,1,5,12,5,1,0.279,0.304,2026/09/27,2026
川原田 純平,巨人,32,0.329,88,76,25,0,6,13,5,8,0.381,0.368,2026/09/27,2026
平山 功太,巨人,34,0.283,132,120,34,3,19,24,7,10,0.321,0.400,2026/09/13,2026
戸郷 翔征,巨人,6,0.000,3,2,0,0,0,0,0,0,0.000,0.000,2026/04/26,2026
李 健熙,巨人,1,0.000,1,1,0,0,0,1,0,0,0.000,0.000,2026/08/08,2026
村山 源,巨人,5,0.125,8,8,1,0,0,2,0,0,0.125,0.125,2026/09/05,2026
森田 駿哉,巨人,10,0.000,1,0,0,0,0,0,0,0,0.000,0.000,2026/03/24,2026
泉口 友汰,巨人,1,0.667,3,3,2,0,0,0,0,0,0.667,1.000,2026/05/03,2026
浅野 翔吾,巨人,62,0.322,211,183,59,6,33,36,23,7,0.398,0.514,2026/08/04,2026
湯浅 大,巨人,86,0.225,187,151,34,1,16,36,28,10,0.353,0.278,2026/09/27,2026
田中 将大,巨人,8,0.000,1,1,0,0,0,0,0,0,0.000,0.000,2026/03/25,2026
甲斐 拓也,巨人,38,0.204,114,98,20,0,7,28,13,2,0.297,0.224,2026/08/11,2026
皆川 岳飛,巨人,84,0.297,318,276,82,3,28,42,40,15,0.388,0.413,2026/09/23,2026
相澤 白虎,巨人,6,0.133,15,15,2,2,2,4,0,0,0.133,0.533,2026/08/20,2026
知念 大成,巨人,28,0.344,71,64,22,1,8,4,3,1,0.371,0.438,2026/09/27,2026
石塚 裕惺,巨人,31,0.319,111,91,29,4,18,24,16,7,0.427,0.484,2026/07/21,2026
竹下 徠空,巨人,12,0.265,39,34,9,0,2,7,5,1,0.359,0.294,2026/09/05,2026
笹原 操希,巨人,19,0.298,57,47,14,0,4,5,8,4,0.400,0.426,2026/09/17,2026
若林 楽人,巨人,37,0.190,83,79,15,1,7,15,3,1,0.217,0.253,2026/07/23,2026
荒巻 悠,巨人,84,0.217,255,230,50,4,22,63,24,1,0.290,0.313,2026/09/27,2026
萩尾 匡也,巨人,69,0.241,188,166,40,1,18,26,16,3,0.310,0.337,2026/09/27,2026
藤井 健翔,巨人,30,0.202,106,94,19,1,13,40,8,0,0.274,0.309,2026/05/16,2026
西舘 勇陽,巨人,6,0.000,2,2,0,0,0,1,0,0,0.000,0.000,2026/05/22,2026
郡 拓也,巨人,57,0.200,106,95,19,0,10,22,8,5,0.267,0.221,2026/09/27,2026
鈴木 大和,巨人,76,0.224,183,156,35,0,9,13,14,30,0.309,0.237,2026/09/27,2026
門脇 誠,巨人,9,0.370,35,27,10,0,5,5,5,1,0.441,0.519,2026/09/05,2026
コルニエル,西武,17,0.146,50,41,6,0,6,10,6,4,0.260,0.146,2026/08/27,2026
ネビン,西武,4,0.364,12,11,4,1,4,0,0,0,0.333,0.727,2026/04/29,2026
中村 剛也,西武,39,0.265,107,98,26,5,23,24,5,0,0.308,0.459,2026/08/05,2026
今岡 拓夢,西武,3,0.200,5,5,1,0,0,2,0,0,0.200,0.200,2026/09/22,2026
仲三 優太,西武,98,0.287,373,327,94,20,67,73,41,4,0.365,0.544,2026/09/27,2026
仲田 慶介,西武,29,0.264,82,72,19,0,3,12,8,4,0.346,0.306,2026/08/16,2026
佐藤 太陽,西武,67,0.308,231,208,64,0,25,40,18,6,0.370,0.361,2026/09/15,2026
児玉 亮涼,西武,66,0.315,148,130,41,1,14,11,12,2,0.379,0.377,2026/09/22,2026
古川 雄大,西武,10,0.174,25,23,4,0,2,5,2,0,0.240,0.217,2026/08/06,2026
古賀 悠斗,西武,1,0.000,2,1,0,0,0,1,1,0,0.500,0.000,2026/03/24,2026
古賀 輝希,西武,31,0.243,82,70,17,0,6,16,7,2,0.329,0.314,2026/08/08,2026
外崎 修汰,西武,23,0.342,79,73,25,5,12,13,3,2,0.392,0.603,2026/08/26,2026
奥村 光一,西武,13,0.192,32,26,5,1,2,5,6,1,0.344,0.308,2026/08/06,2026
安藤 銀杜,西武,3,0.091,12,11,1,0,0,4,1,0,0.167,0.273,2026/04/19,2026
山村 崇嘉,西武,61,0.341,241,217,74,3,31,26,18,1,0.394,0.456,2026/09/27,2026
岸 潤一郎,西武,4,0.400,17,15,6,1,6,2,2,1,0.471,0.733,2026/03/19,2026
川田 悠慎,西武,85,0.247,196,166,41,0,16,44,26,26,0.351,0.271,2026/09/27,2026
平沢 大河,西武,11,0.313,42,32,10,1,7,7,7,0,0.429,0.438,2026/04/03,2026
齋藤 大翔,西武,77,0.199,279,241,48,0,18,47,32,9,0.295,0.261,2026/09/13,2026
新井 唯斗,西武,17,0.211,40,38,8,0,3,15,2,1,0.250,0.289,2026/08/25,2026
是澤 涼輔,西武,48,0.256,143,125,32,0,7,20,10,1,0.329,0.328,2026/09/27,2026
村田 怜音,西武,98,0.284,338,292,83,10,38,74,36,0,0.367,0.428,2026/09/27,2026
林 冠臣,西武,13,0.231,41,39,9,0,1,11,2,0,0.268,0.256,2026/09/23,2026
林 安可,西武,18,0.317,67,60,19,8,19,10,5,0,0.373,0.800,2026/08/23,2026
柘植 世那,西武,5,0.200,16,15,3,0,1,5,0,0,0.188,0.200,2026/07/22,2026
栗山 巧,西武,31,0.321,68,53,17,0,11,10,12,0,0.441,0.415,2026/08/26,2026
桑原 将志,西武,13,0.171,50,41,7,0,5,8,7,1,0.280,0.244,2026/08/23,2026
横田 蒼和,西武,90,0.310,339,316,98,5,52,50,13,2,0.348,0.434,2026/09/27,2026
渡部 聖弥,西武,3,0.286,8,7,2,0,3,1,0,0,0.375,0.429,2026/08/23,2026
滝澤 夏央,西武,2,0.143,7,7,1,0,0,0,0,0,0.143,0.143,2026/08/27,2026
澤田 遥斗,西武,2,0.000,1,0,0,0,1,0,0,0,0.000,0.000,2026/08/27,2026
炭谷 銀仁朗,西武,35,0.224,93,85,19,1,7,13,3,0,0.253,0.318,2026/09/27,2026
牧野 翔矢,西武,31,0.188,76,64,12,1,5,12,11,1,0.307,0.234,2026/09/23,2026
石井 一成,西武,20,0.250,75,68,17,3,11,17,7,1,0.320,0.456,2026/09/23,2026
福尾 遥真,西武,30,0.291,93,79,23,0,6,22,10,1,0.380,0.304,2026/06/11,2026
秋山 俊,西武,90,0.269,326,305,82,2,31,43,16,7,0.308,0.354,2026/09/27,2026
若林 楽人,西武,8,0.476,24,21,10,3,7,6,3,0,0.542,0.905,2026/09/27,2026
茶野 篤政,西武,48,0.267,151,135,36,1,13,23,13,5,0.344,0.356,2026/09/27,2026
蛭間 拓哉,西武,56,0.309,201,181,56,3,20,18,17,7,0.368,0.431,2026/09/06,2026
西川 愛也,西武,18,0.271,78,70,19,1,9,5,5,6,0.338,0.329,2026/09/27,2026
谷口 朝陽,西武,1,0.000,4,4,0,0,0,1,0,0,0.000,0.000,2026/05/05,2026
野村 大樹,西武,23,0.263,65,57,15,2,11,15,7,1,0.354,0.491,2026/09/19,2026
野田 海人,西武,35,0.292,99,89,26,0,5,19,3,0,0.333,0.393,2026/09/17,2026
金子 功児,西武,34,0.288,76,73,21,0,9,9,3,0,0.316,0.356,2026/09/23,2026
長谷川 信哉,西武,7,0.333,29,24,8,1,4,6,4,2,0.414,0.542,2026/09/15,2026
髙松 渡,西武,38,0.276,64,58,16,0,6,10,3,12,0.317,0.328,2026/07/22,2026
龍山 暖,西武,5,0.111,9,9,1,0,1,3,0,0,0.111,0.111,2026/07/31,2026
中村 志輝,ハヤテ,6,0.250,4,4,1,0,0,0,0,0,0.250,0.250,2026/03/31,2026
今村 龍之介,ハヤテ,112,0.249,440,398,99,12,48,124,32,1,0.318,0.422,2026/09/27,2026
仲村 来唯也,ハヤテ,122,0.256,525,480,123,4,35,75,35,0,0.311,0.319,2026/09/27,2026
佐藤 英雄,ハヤテ,87,0.198,238,212,42,2,23,55,17,0,0.263,0.274,2026/09/27,2026
倉本 寿彦,ハヤテ,110,0.259,440,401,104,1,36,51,28,0,0.318,0.312,2026/09/27,2026
前田 聖矢,ハヤテ,97,0.264,300,277,73,2,21,29,14,9,0.306,0.354,2026/09/27,2026
和辻 大輝,ハヤテ,63,0.245,212,188,46,0,11,26,20,5,0.327,0.282,2026/09/27,2026
塩﨑 栄多,ハヤテ,91,0.244,269,246,60,3,30,57,19,0,0.305,0.346,2026/09/27,2026
大渡 純星,ハヤテ,55,0.116,52,43,5,0,0,12,6,1,0.255,0.116,2026/09/27,2026
宮原 滉希,ハヤテ,48,0.149,74,67,10,1,4,22,4,0,0.197,0.209,2026/09/19,2026
平尾 柊翔,ハヤテ,92,0.216,257,227,49,2,23,60,17,1,0.272,0.300,2026/09/27,2026
廣沢 新太郎,ハヤテ,107,0.296,440,416,123,1,23,54,18,35,0.331,0.332,2026/09/27,2026
德山 俊,ハヤテ,6,0.111,9,9,1,0,0,4,0,0,0.111,0.111,2026/09/20,2026
李 健熙,ハヤテ,30,0.224,64,58,13,0,7,15,3,0,0.274,0.310,2026/07/09,2026
松本 陣,ハヤテ,24,0.069,30,29,2,0,0,11,1,0,0.100,0.103,2026/09/22,2026
松永 将大,ハヤテ,74,0.221,157,140,31,0,13,27,13,2,0.290,0.250,2026/09/17,2026
盛島 稜大,ハヤテ,21,0.173,57,52,9,1,4,21,3,0,0.228,0.269,2026/09/27,2026
篠原 玲央,ハヤテ,39,0.234,73,64,15,0,6,13,8,2,0.329,0.328,2026/09/27,2026
野口 恭佑,ハヤテ,109,0.281,422,385,108,8,68,55,27,1,0.334,0.397,2026/09/27,2026
鈴木 将平,ハヤテ,109,0.285,432,397,113,1,28,31,29,10,0.340,0.338,2026/09/27,2026
カリステ,中日,39,0.318,119,107,34,2,12,22,12,2,0.387,0.421,2026/09/25,2026
サノー,中日,7,0.333,18,18,6,2,5,3,0,0,0.333,0.722,2026/06/06,2026
ブライト 健太,中日,15,0.229,56,48,11,2,7,17,6,1,0.339,0.375,2026/04/18,2026
ボスラー,中日,17,0.246,63,57,14,3,6,10,5,0,0.302,0.474,2026/07/05,2026
マラー,中日,6,0.000,1,0,0,0,0,0,0,0,0.000,0.000,2026/04/10,2026
ロドリゲス,中日,68,0.285,228,207,59,6,24,48,19,3,0.344,0.430,2026/09/27,2026
三上 愛介,中日,54,0.250,127,112,28,0,7,24,13,4,0.328,0.295,2026/09/27,2026
上林 誠知,中日,17,0.250,57,56,14,2,11,10,1,3,0.263,0.411,2026/08/13,2026
中村 奈一輝,中日,73,0.259,188,170,44,1,7,39,14,9,0.317,0.294,2026/09/27,2026
加藤 匠馬,中日,4,0.143,8,7,1,0,1,3,1,0,0.250,0.143,2026/08/01,2026
味谷 大誠,中日,68,0.225,156,142,32,2,19,38,9,6,0.268,0.359,2026/09/22,2026
土田 龍空,中日,26,0.269,88,78,21,1,9,18,7,9,0.333,0.333,2026/09/17,2026
大島 洋平,中日,45,0.270,120,111,30,1,9,8,8,2,0.325,0.333,2026/09/27,2026
宇佐見 真吾,中日,48,0.265,115,102,27,0,8,24,11,0,0.339,0.333,2026/09/27,2026
尾田 剛樹,中日,48,0.200,102,85,17,0,12,18,11,3,0.290,0.271,2026/09/27,2026
山本 泰寛,中日,36,0.260,115,100,26,0,7,14,7,4,0.312,0.310,2026/09/27,2026
山浅 龍之介,中日,35,0.206,81,68,14,0,4,17,7,0,0.291,0.235,2026/09/25,2026
岡林 勇希,中日,6,0.278,19,18,5,1,1,3,1,0,0.316,0.556,2026/06/04,2026
川上 理偉,中日,73,0.173,222,185,32,2,13,48,33,8,0.301,0.249,2026/09/27,2026
川越 誠司,中日,42,0.231,127,108,25,2,11,20,18,0,0.339,0.361,2026/09/25,2026
新保 茉良,中日,76,0.244,242,225,55,0,20,86,9,8,0.267,0.302,2026/09/27,2026
日渡 騰輝,中日,28,0.269,69,67,18,1,8,11,2,0,0.290,0.403,2026/07/03,2026
木下 拓哉,中日,15,0.235,39,34,8,0,2,6,4,0,0.316,0.265,2026/09/17,2026
村松 開人,中日,2,0.000,5,3,0,0,0,1,2,1,0.400,0.000,2026/09/02,2026
松木平 優太,中日,18,0.000,1,1,0,0,0,1,0,0,0.000,0.000,2026/03/14,2026
板山 祐太郎,中日,8,0.294,20,17,5,2,3,2,3,0,0.400,0.765,2026/09/17,2026
森 駿太,中日,88,0.192,323,292,56,9,36,113,22,4,0.260,0.336,2026/09/25,2026
樋口 正修,中日,14,0.231,26,26,6,1,4,3,0,2,0.231,0.385,2026/07/21,2026
津田 啓史,中日,77,0.251,236,207,52,1,14,60,27,8,0.340,0.314,2026/09/27,2026
田中 幹也,中日,9,0.280,29,25,7,1,3,1,3,2,0.345,0.400,2026/09/27,2026
知野 直人,中日,27,0.184,90,76,14,2,10,23,13,1,0.303,0.303,2026/05/30,2026
石伊 雄太,中日,2,0.000,5,4,0,0,0,1,0,0,0.200,0.000,2026/04/12,2026
石川 大峨,中日,42,0.177,100,96,17,2,5,39,3,1,0.210,0.250,2026/09/25,2026
石川 昂弥,中日,27,0.286,102,91,26,2,12,9,10,1,0.363,0.451,2026/05/12,2026
石橋 康太,中日,62,0.252,160,131,33,8,26,29,22,2,0.388,0.519,2026/09/27,2026
福元 悠真,中日,68,0.283,211,198,56,3,26,17,8,4,0.314,0.384,2026/09/01,2026
福永 裕基,中日,7,0.211,23,19,4,0,0,3,4,0,0.348,0.211,2026/07/14,2026
能戸 輝夢,中日,78,0.238,204,189,45,0,17,58,14,7,0.294,0.317,2026/09/27,2026
花田 旭,中日,51,0.253,175,158,40,9,30,56,7,5,0.301,0.525,2026/08/13,2026
辻本 倫太郎,中日,65,0.290,230,200,58,2,16,39,21,6,0.366,0.410,2026/09/22,2026
阿部 寿樹,中日,2,0.500,5,2,1,1,2,0,2,1,0.800,2.000,2026/07/15,2026
高橋 周平,中日,16,0.341,54,44,15,3,14,5,8,1,0.444,0.545,2026/09/01,2026
鵜飼 航丞,中日,45,0.210,174,157,33,4,23,42,12,2,0.276,0.357,2026/09/27,2026
アルナエス,阪神,46,0.276,136,127,35,1,8,12,5,0,0.306,0.354,2026/09/22,2026
ガルシア,阪神,13,0.167,55,48,8,4,9,20,6,0,0.255,0.417,2026/09/17,2026
コンスエグラ,阪神,63,0.190,162,147,28,4,17,28,13,0,0.259,0.327,2026/09/20,2026
ディベイニー,阪神,66,0.267,242,225,60,3,23,54,15,3,0.318,0.360,2026/08/27,2026
ラグズデール,阪神,15,0.000,7,7,0,0,0,5,0,0,0.000,0.000,2026/07/16,2026
ルーカス,阪神,7,0.000,2,2,0,0,0,1,0,0,0.000,0.000,2026/09/02,2026
下村 海翔,阪神,7,0.500,3,2,1,0,0,0,1,0,0.667,0.500,2026/09/12,2026
中川 勇斗,阪神,13,0.091,36,33,3,0,3,9,3,0,0.167,0.091,2026/06/14,2026
井坪 陽生,阪神,68,0.286,185,168,48,1,12,22,10,6,0.330,0.357,2026/09/25,2026
今朝丸 裕喜,阪神,16,0.000,12,12,0,0,0,6,0,0,0.000,0.000,2026/08/28,2026
伊原 陵人,阪神,6,0.333,4,3,1,0,0,1,0,0,0.333,0.333,2026/07/03,2026
伊藤 将司,阪神,4,0.000,1,1,0,0,0,1,0,0,0.000,0.000,2026/06/03,2026
伏見 寅威,阪神,2,0.000,3,3,0,0,0,0,0,0,0.000,0.000,2026/07/10,2026
佐野 大陽,阪神,76,0.221,221,195,43,2,16,37,18,4,0.293,0.282,2026/09/25,2026
元山 飛優,阪神,23,0.211,76,71,15,0,9,11,4,0,0.253,0.310,2026/07/03,2026
前川 右京,阪神,31,0.300,118,100,30,4,13,24,14,1,0.407,0.480,2026/08/01,2026
大竹 耕太郎,阪神,5,0.000,3,3,0,0,0,1,0,0,0.000,0.000,2026/08/22,2026
富田 蓮,阪神,28,0.000,1,1,0,0,0,1,0,0,0.000,0.000,2026/05/27,2026
小幡 竜平,阪神,40,0.240,138,125,30,1,12,28,9,5,0.290,0.360,2026/09/25,2026
小野寺 暖,阪神,68,0.228,213,193,44,0,19,43,14,1,0.289,0.269,2026/09/13,2026
山﨑 照英,阪神,36,0.042,27,24,1,0,0,7,1,3,0.080,0.042,2026/09/25,2026
山田 脩也,阪神,93,0.214,241,215,46,4,19,49,18,5,0.275,0.316,2026/09/25,2026
岡城 快生,阪神,76,0.239,298,268,64,0,17,57,21,28,0.296,0.284,2026/09/25,2026
島田 海吏,阪神,75,0.262,226,191,50,1,19,39,26,7,0.355,0.346,2026/09/25,2026
嶋村 麟士朗,阪神,48,0.299,152,137,41,3,28,15,10,0,0.351,0.453,2026/09/25,2026
川﨑 俊哲,阪神,50,0.158,53,38,6,0,1,7,9,5,0.360,0.184,2026/09/25,2026
戸井 零士,阪神,41,0.185,93,81,15,1,13,19,7,0,0.253,0.247,2026/09/23,2026
早川 太貴,阪神,11,1.000,3,1,1,0,1,0,0,0,1.000,1.000,2026/07/11,2026
木下 里都,阪神,6,0.000,2,2,0,0,0,2,0,0,0.000,0.000,2026/05/21,2026
木浪 聖也,阪神,22,0.243,82,74,18,0,7,15,8,0,0.317,0.284,2026/09/13,2026
桐敷 拓馬,阪神,14,0.000,1,1,0,0,0,1,0,0,0.000,0.000,2026/07/21,2026
梅野 隆太郎,阪神,19,0.300,45,40,12,2,7,13,5,0,0.378,0.500,2026/08/23,2026
榮枝 裕貴,阪神,68,0.263,188,160,42,2,13,33,22,3,0.357,0.338,2026/09/25,2026
濱田 太貴,阪神,52,0.206,145,126,26,4,14,40,18,0,0.310,0.349,2026/09/25,2026
熊谷 敬宥,阪神,2,0.429,8,7,3,0,0,1,1,1,0.500,0.429,2026/03/18,2026
町田 隼乙,阪神,33,0.054,39,37,2,0,1,11,1,0,0.103,0.054,2026/09/23,2026
百﨑 蒼生,阪神,73,0.225,203,182,41,5,22,35,15,1,0.286,0.368,2026/09/25,2026
福島 圭音,阪神,24,0.296,86,71,21,0,0,13,13,8,0.412,0.366,2026/09/25,2026
立石 正広,阪神,51,0.246,199,179,44,4,25,52,16,3,0.312,0.380,2026/09/25,2026
糸原 健斗,阪神,46,0.284,92,74,21,1,10,12,18,0,0.424,0.392,2026/09/25,2026
能登 嵩都,阪神,26,0.000,5,5,0,0,0,4,0,0,0.000,0.000,2026/07/21,2026
茨木 秀俊,阪神,17,0.222,11,9,2,0,0,4,0,0,0.222,0.222,2026/09/17,2026
藤田 健斗,阪神,52,0.237,66,59,14,0,1,11,5,0,0.308,0.271,2026/09/23,2026
西 勇輝,阪神,9,0.000,6,5,0,0,0,2,0,0,0.000,0.000,2026/08/11,2026
西 純矢,阪神,61,0.228,174,162,37,0,10,52,6,0,0.270,0.272,2026/09/25,2026
谷端 将伍,阪神,101,0.231,359,324,75,0,27,48,23,3,0.290,0.287,2026/09/25,2026
豊田 寛,阪神,34,0.296,88,71,21,0,4,16,16,0,0.432,0.310,2026/09/25,2026
近本 光司,阪神,3,0.100,11,10,1,0,0,2,1,0,0.182,0.100,2026/07/10,2026
長坂 拳弥,阪神,48,0.159,109,88,14,0,2,23,16,0,0.295,0.170,2026/09/20,2026
門別 啓人,阪神,22,1.000,1,1,1,0,0,0,0,0,1.000,2.000,2026/05/21,2026
シーモア,オリックス,51,0.184,161,152,28,3,14,28,4,0,0.217,0.263,2026/09/21,2026
三方 陽登,オリックス,87,0.248,310,286,71,8,36,90,18,10,0.303,0.378,2026/09/27,2026
中西 創大,オリックス,40,0.167,112,108,18,1,4,39,2,1,0.196,0.259,2026/09/27,2026
今坂 幸暉,オリックス,15,0.222,30,27,6,1,3,13,3,0,0.300,0.333,2026/09/25,2026
元 謙太,オリックス,40,0.208,112,96,20,0,8,22,12,1,0.300,0.240,2026/09/27,2026
内藤 鵬,オリックス,97,0.220,373,345,76,11,53,75,19,1,0.271,0.371,2026/09/13,2026
堀 柊那,オリックス,54,0.307,162,150,46,1,17,28,10,2,0.352,0.400,2026/08/23,2026
大城 滉二,オリックス,13,0.389,22,18,7,1,3,6,2,0,0.450,0.611,2026/08/13,2026
大里 昂生,オリックス,1,0.000,2,2,0,0,0,1,0,0,0.000,0.000,2026/09/21,2026
宜保 翔,オリックス,50,0.323,192,167,54,0,8,31,22,7,0.408,0.371,2026/09/27,2026
寺本 聖一,オリックス,75,0.243,232,222,54,2,13,60,5,3,0.265,0.360,2026/09/21,2026
山中 稜真,オリックス,40,0.276,173,152,42,1,11,26,16,0,0.347,0.368,2026/05/19,2026
平沼 翔太,オリックス,30,0.237,109,93,22,0,4,9,14,1,0.349,0.280,2026/09/27,2026
廣岡 大志,オリックス,10,0.226,37,31,7,0,6,6,5,0,0.324,0.258,2026/09/26,2026
杉本 裕太郎,オリックス,40,0.295,120,105,31,6,23,23,11,0,0.383,0.543,2026/09/05,2026
杉澤 龍,オリックス,8,0.200,31,25,5,0,1,5,6,1,0.355,0.240,2026/08/11,2026
村上 喬一朗,オリックス,25,0.310,37,29,9,0,2,3,4,0,0.394,0.310,2026/09/22,2026
来田 涼斗,オリックス,16,0.351,66,57,20,0,7,8,8,2,0.439,0.439,2026/04/14,2026
森 友哉,オリックス,5,0.400,17,15,6,0,1,3,1,0,0.471,0.467,2026/06/24,2026
横山 聖哉,オリックス,92,0.219,368,324,71,7,28,115,41,3,0.307,0.324,2026/09/26,2026
池田 陵真,オリックス,90,0.249,287,253,63,8,33,42,26,1,0.317,0.403,2026/09/02,2026
河野 聡太,オリックス,82,0.218,278,229,50,0,12,43,38,9,0.326,0.271,2026/09/27,2026
清水 武蔵,オリックス,17,0.158,41,38,6,0,1,6,3,0,0.220,0.184,2026/09/25,2026
渡部 遼人,オリックス,7,0.357,19,14,5,0,1,4,3,3,0.471,0.429,2026/06/24,2026
田島 光祐,オリックス,43,0.284,120,102,29,1,13,9,7,0,0.324,0.373,2026/09/23,2026
石川 亮,オリックス,16,0.207,29,29,6,0,3,4,0,0,0.207,0.241,2026/07/07,2026
福永 奨,オリックス,25,0.164,75,61,10,0,2,8,8,0,0.268,0.180,2026/09/27,2026
窪田 洋祐,オリックス,95,0.178,299,276,49,2,20,110,16,12,0.237,0.239,2026/09/27,2026
紅林 弘太郎,オリックス,1,0.000,3,3,0,0,0,0,0,0,0.000,0.000,2026/03/24,2026
若月 健矢,オリックス,2,0.500,4,4,2,0,0,0,0,0,0.500,0.500,2026/03/25,2026
西野 真弘,オリックス,17,0.385,46,39,15,0,3,2,5,0,0.457,0.436,2026/09/23,2026
遠藤 成,オリックス,34,0.174,113,86,15,0,7,27,23,8,0.360,0.267,2026/07/18,2026
野上 士耀,オリックス,32,0.187,82,75,14,0,4,18,7,0,0.256,0.213,2026/09/27,2026
野口 智哉,オリックス,16,0.254,66,59,15,1,7,12,7,0,0.333,0.373,2026/06/28,2026
頓宮 裕真,オリックス,5,0.308,14,13,4,0,3,2,1,0,0.357,0.538,2026/05/29,2026
香月 一也,オリックス,41,0.310,99,87,27,0,4,10,11,1,0.394,0.379,2026/09/26,2026
麦谷 祐介,オリックス,36,0.262,146,122,32,1,13,19,21,13,0.370,0.328,2026/08/09,2026
ファビアン,広島,19,0.200,73,70,14,2,5,20,2,1,0.233,0.329,2026/05/28,2026
ラミレス,広島,77,0.279,289,272,76,7,35,79,13,1,0.315,0.456,2026/09/27,2026
ロベルト,広島,53,0.235,124,119,28,0,3,39,3,1,0.266,0.277,2026/09/27,2026
中村 奨成,広島,46,0.270,182,163,44,7,11,23,17,4,0.343,0.448,2026/09/03,2026
中村 貴浩,広島,83,0.147,161,143,21,1,3,32,15,5,0.233,0.182,2026/09/27,2026
久保 修,広島,20,0.281,65,57,16,0,6,13,3,1,0.359,0.298,2026/09/27,2026
二俣 翔一,広島,12,0.279,50,43,12,0,4,7,4,1,0.367,0.372,2026/09/05,2026
仲田 侑仁,広島,88,0.238,337,315,75,4,38,71,13,0,0.265,0.330,2026/09/26,2026
佐々木 泰,広島,8,0.333,31,30,10,0,1,0,1,0,0.355,0.333,2026/06/03,2026
佐藤 啓介,広島,26,0.344,114,90,31,3,13,11,18,3,0.464,0.489,2026/08/25,2026
佐藤 柳之介,広島,20,0.000,2,2,0,0,0,2,0,0,0.000,0.000,2026/05/16,2026
内田 湘大,広島,60,0.201,168,159,32,1,12,49,7,0,0.240,0.264,2026/09/26,2026
前川 誠太,広島,30,0.255,111,102,26,3,9,9,7,1,0.303,0.412,2026/07/12,2026
勝田 成,広島,3,0.500,12,10,5,0,1,1,2,1,0.583,0.800,2026/06/04,2026
名原 典彦,広島,28,0.254,81,71,18,0,3,7,7,8,0.338,0.282,2026/09/05,2026
堂林 翔太,広島,60,0.219,210,187,41,5,26,33,18,2,0.295,0.321,2026/09/23,2026
大瀬良 大地,広島,17,1.000,1,1,1,0,0,0,0,0,1.000,1.000,2026/08/26,2026
安竹 俊喜,広島,34,0.153,88,85,13,0,7,13,1,0,0.163,0.176,2026/09/25,2026
小園 海斗,広島,25,0.380,103,92,35,3,13,11,7,0,0.427,0.522,2026/09/27,2026
小林 結太,広島,33,0.157,88,83,13,0,5,24,4,0,0.193,0.205,2026/08/28,2026
岡本 駿,広島,1,0.000,1,0,0,0,0,0,0,0,0.000,0.000,2026/03/24,2026
岸本 大希,広島,95,0.250,368,328,82,0,23,54,28,35,0.308,0.262,2026/09/27,2026
平川 蓮,広島,21,0.301,79,73,22,2,5,20,6,2,0.354,0.425,2026/08/30,2026
持丸 泰輝,広島,8,0.261,27,23,6,1,2,7,2,0,0.346,0.391,2026/04/05,2026
斉藤 優汰,広島,11,0.000,3,2,0,0,0,1,1,0,0.333,0.000,2026/06/09,2026
齊藤 汰直,広島,25,0.000,1,0,0,0,0,0,0,0,0.000,0.000,2026/09/05,2026
會澤 翼,広島,27,0.176,75,68,12,0,3,14,3,0,0.240,0.206,2026/09/25,2026
末包 昇大,広島,88,0.234,316,290,68,5,28,50,20,1,0.288,0.338,2026/09/17,2026
林 晃汰,広島,87,0.308,315,279,86,4,37,49,32,0,0.381,0.416,2026/09/27,2026
森下 暢仁,広島,2,0.000,1,0,0,0,0,0,0,0,0.000,0.000,2026/03/24,2026
森 翔平,広島,4,0.000,2,1,0,0,0,1,0,0,0.000,0.000,2026/04/02,2026
清水 叶人,広島,56,0.221,164,154,34,1,10,31,5,0,0.245,0.286,2026/09/22,2026
渡邉 悠斗,広島,39,0.190,121,116,22,1,8,24,3,0,0.223,0.259,2026/09/27,2026
田村 俊介,広島,93,0.301,318,282,85,6,43,61,32,0,0.374,0.447,2026/09/27,2026
矢野 雅哉,広島,12,0.226,41,31,7,0,0,5,8,0,0.400,0.258,2026/04/24,2026
石原 貴規,広島,7,0.150,24,20,3,0,2,3,1,0,0.227,0.150,2026/09/05,2026
秋山 翔吾,広島,7,0.348,26,23,8,0,3,2,3,0,0.423,0.348,2026/07/03,2026
西川 篤夢,広島,62,0.194,173,155,30,0,4,44,12,2,0.253,0.213,2026/09/27,2026
赤木 晴哉,広島,12,0.000,1,1,0,0,0,0,0,0,0.000,0.000,2026/05/22,2026
辰見 鴻之介,広島,3,0.462,13,13,6,0,3,3,0,0,0.462,0.692,2026/06/03,2026
野間 峻祥,広島,12,0.300,47,40,12,0,4,4,7,0,0.404,0.325,2026/08/04,2026
髙 太一,広島,3,0.000,1,1,0,0,0,1,0,0,0.000,0.000,2026/04/03,2026
髙木 翔斗,広島,28,0.143,37,35,5,0,2,7,1,0,0.167,0.171,2026/09/27,2026
アルモンテ,ソフトバンク,5,0.308,15,13,4,0,0,4,2,1,0.400,0.385,2026/07/04,2026
イヒネ イツア,ソフトバンク,63,0.215,289,246,53,0,21,73,37,21,0.317,0.297,2026/09/25,2026
オスーナ,ソフトバンク,20,0.203,79,74,15,0,6,29,3,1,0.241,0.257,2026/05/29,2026
ザイレン,ソフトバンク,3,0.286,7,7,2,0,0,1,0,0,0.286,0.286,2026/03/29,2026
ダウンズ,ソフトバンク,54,0.255,192,157,40,2,16,34,29,6,0.380,0.376,2026/09/25,2026
モレノ,ソフトバンク,5,0.333,13,12,4,1,3,3,1,1,0.385,0.750,2026/07/04,2026
中村 晃,ソフトバンク,32,0.262,77,65,17,1,10,3,10,1,0.364,0.323,2026/08/20,2026
中澤 恒貴,ソフトバンク,26,0.278,76,72,20,0,6,17,4,3,0.316,0.375,2026/08/15,2026
井上 朋也,ソフトバンク,22,0.250,80,72,18,2,5,15,6,1,0.308,0.417,2026/05/10,2026
佐倉 俠史朗,ソフトバンク,10,0.344,36,32,11,1,8,7,2,0,0.361,0.531,2026/08/23,2026
佐藤 航太,ソフトバンク,9,0.176,17,17,3,0,2,7,0,2,0.176,0.235,2026/05/10,2026
大友 宗,ソフトバンク,27,0.297,71,64,19,2,13,9,4,2,0.352,0.547,2026/09/22,2026
大橋 令和,ソフトバンク,1,0.000,1,1,0,0,0,1,0,0,0.000,0.000,2026/04/28,2026
大泉 周也,ソフトバンク,60,0.296,186,169,50,6,29,25,16,4,0.360,0.527,2026/09/25,2026
宇野 真仁朗,ソフトバンク,3,0.000,13,11,0,0,0,6,2,0,0.154,0.000,2026/08/30,2026
山下 恭吾,ソフトバンク,40,0.271,109,85,23,1,14,27,19,3,0.415,0.388,2026/09/23,2026
山川 穂高,ソフトバンク,50,0.248,152,133,33,12,32,46,18,0,0.342,0.534,2026/09/05,2026
山本 恵大,ソフトバンク,46,0.363,141,124,45,1,24,14,12,3,0.433,0.435,2026/07/16,2026
山本 祐大,ソフトバンク,5,0.375,17,16,6,0,1,1,1,0,0.412,0.375,2026/07/19,2026
嶺井 博希,ソフトバンク,57,0.183,153,142,26,1,11,32,10,1,0.237,0.254,2026/09/25,2026
川村 友斗,ソフトバンク,9,0.313,35,32,10,2,7,5,2,4,0.371,0.531,2026/06/17,2026
川瀬 晃,ソフトバンク,3,0.375,8,8,3,0,2,1,0,0,0.375,0.500,2026/06/07,2026
広瀬 結煌,ソフトバンク,5,0.267,16,15,4,0,0,3,1,0,0.313,0.267,2026/06/14,2026
庄子 雄大,ソフトバンク,3,0.500,14,8,4,0,2,1,4,2,0.667,0.625,2026/06/17,2026
廣瀨 隆太,ソフトバンク,57,0.304,238,194,59,4,33,35,35,1,0.406,0.479,2026/09/25,2026
柳町 達,ソフトバンク,13,0.375,50,40,15,0,6,11,9,0,0.480,0.475,2026/06/07,2026
桑原 秀侍,ソフトバンク,17,0.222,31,27,6,1,1,11,4,2,0.323,0.370,2026/08/16,2026
正木 智也,ソフトバンク,6,0.263,21,19,5,0,0,2,2,1,0.333,0.368,2026/05/10,2026
江崎 歩,ソフトバンク,31,0.241,97,87,21,0,8,21,7,7,0.295,0.264,2026/09/19,2026
池田 栞太,ソフトバンク,2,0.500,2,2,1,0,0,0,0,0,0.500,0.500,2026/05/17,2026
渡邉 陸,ソフトバンク,37,0.252,123,111,28,3,15,32,10,2,0.320,0.396,2026/09/20,2026
漁府 輝羽,ソフトバンク,24,0.127,62,55,7,0,2,16,5,1,0.210,0.164,2026/09/25,2026
牧原 巧汰,ソフトバンク,15,0.119,46,42,5,0,3,13,4,0,0.196,0.167,2026/09/25,2026
盛島 稜大,ソフトバンク,14,0.281,37,32,9,0,3,12,4,0,0.351,0.375,2026/08/02,2026
石塚 綜一郎,ソフトバンク,73,0.267,241,187,50,8,40,47,24,0,0.411,0.481,2026/09/25,2026
石見 颯真,ソフトバンク,65,0.244,242,201,49,2,13,40,38,9,0.363,0.323,2026/07/16,2026
秋広 優人,ソフトバンク,97,0.205,343,283,58,10,50,86,52,0,0.335,0.371,2026/09/25,2026
笹川 吉康,ソフトバンク,91,0.278,388,370,103,9,43,86,15,26,0.309,0.416,2026/09/19,2026
緒方 理貢,ソフトバンク,41,0.220,93,82,18,0,10,21,8,10,0.301,0.244,2026/08/30,2026
藤田 悠太郎,ソフトバンク,34,0.188,92,80,15,1,9,23,7,0,0.267,0.263,2026/09/25,2026
藤野 恵音,ソフトバンク,58,0.261,148,134,35,2,15,10,9,7,0.315,0.328,2026/09/21,2026
西尾 歩真,ソフトバンク,41,0.350,119,103,36,0,8,16,14,6,0.437,0.398,2026/09/25,2026
谷川原 健太,ソフトバンク,2,0.500,9,8,4,0,1,0,1,0,0.556,0.875,2026/06/17,2026
重松 凱人,ソフトバンク,5,0.333,13,12,4,0,1,3,1,1,0.385,0.333,2026/04/11,2026
野村 勇,ソフトバンク,23,0.231,85,78,18,2,14,21,7,4,0.294,0.410,2026/09/03,2026
鈴木 貴大,ソフトバンク,21,0.148,57,54,8,0,4,18,3,0,0.193,0.204,2026/09/23,2026
髙橋 隆慶,ソフトバンク,98,0.244,400,344,84,3,36,69,46,1,0.343,0.305,2026/09/25,2026
