年度,順位,球団,地区,試合,勝,敗,分,勝率,差
2026,1,日本ハム,東地区,111,62,42,7,0.596,-
2026,2,楽天,東地区,117,57,55,5,0.509,9
2026,3,ロッテ,東地区,114,51,56,7,0.477,12.5
2026,4,ヤクルト,東地区,112,48,56,8,0.462,14
2026,5,オイシックス,東地区,119,46,69,4,0.400,21.5
2026,1,DeNA,中地区,122,74,40,8,0.649,-
2026,2,巨人,中地区,124,75,47,2,0.615,3
2026,3,西武,中地区,121,69,51,1,0.575,8
2026,4,中日,中地区,123,54,64,5,0.458,22
2026,5,ハヤテ,中地区,122,37,81,4,0.314,39
2026,1,ソフトバンク,西地区,125,70,49,6,0.588,-
2026,2,オリックス,西地区,119,54,57,8,0.486,12
2026,3,阪神,西地区,126,49,63,14,0.438,17.5
2026,4,広島,西地区,121,47,63,11,0.427,18.5
