リーグ,チーム,選手名,背番号,ポジション,区分,被打率,被打数,被安打,被本塁打,奪三振,与四球,与死球
セ,読売ジャイアンツ,田中 将大,,投手,右,0.298,124,37,0,20,10,0
セ,読売ジャイアンツ,田中 将大,,投手,左,0.282,117,33,3,26,11,0
セ,読売ジャイアンツ,大勢,,投手,右,0.140,50,7,1,14,1,0
セ,読売ジャイアンツ,大勢,,投手,左,0.154,52,8,1,19,5,1
セ,読売ジャイアンツ,西舘 勇陽,,投手,右,0.190,79,15,4,29,10,2
セ,読売ジャイアンツ,西舘 勇陽,,投手,左,0.205,83,17,2,21,10,1
セ,読売ジャイアンツ,山﨑 伊織,,投手,右,0.286,49,14,2,10,7,1
セ,読売ジャイアンツ,山﨑 伊織,,投手,左,0.254,67,17,1,12,6,0
セ,読売ジャイアンツ,戸郷 翔征,,投手,右,0.190,100,19,1,31,7,8
セ,読売ジャイアンツ,戸郷 翔征,,投手,左,0.220,109,24,2,27,11,0
セ,読売ジャイアンツ,竹丸 和幸,,投手,右,0.284,257,73,13,61,27,0
セ,読売ジャイアンツ,竹丸 和幸,,投手,左,0.208,159,33,0,59,7,3
セ,読売ジャイアンツ,代木 大和,,投手,右,0.171,41,7,0,11,4,0
セ,読売ジャイアンツ,代木 大和,,投手,左,0.258,31,8,2,6,3,1
セ,読売ジャイアンツ,ウィットリー,,投手,右,0.176,142,25,2,48,19,4
セ,読売ジャイアンツ,ウィットリー,,投手,左,0.174,132,23,3,49,17,2
セ,読売ジャイアンツ,ハワード,,投手,右,0.175,63,11,0,15,8,0
セ,読売ジャイアンツ,ハワード,,投手,左,0.264,72,19,2,27,5,0
セ,読売ジャイアンツ,田和 廉,,投手,右,0.204,49,10,1,9,8,3
セ,読売ジャイアンツ,田和 廉,,投手,左,0.220,50,11,0,9,5,1
セ,読売ジャイアンツ,赤星 優志,,投手,右,0.242,99,24,1,13,7,3
セ,読売ジャイアンツ,赤星 優志,,投手,左,0.256,86,22,2,19,6,0
セ,読売ジャイアンツ,山城 京平,,投手,右,0.000,1,0,0,0,2,2
セ,読売ジャイアンツ,山城 京平,,投手,左,0.429,7,3,0,1,1,0
セ,読売ジャイアンツ,中川 皓太,,投手,右,0.190,42,8,2,7,4,0
セ,読売ジャイアンツ,中川 皓太,,投手,左,0.198,81,16,1,27,2,1
セ,読売ジャイアンツ,マタ,,投手,右,0.113,53,6,0,15,12,2
セ,読売ジャイアンツ,マタ,,投手,左,0.273,55,15,0,18,8,3
セ,読売ジャイアンツ,則本 昂大,,投手,右,0.343,102,35,4,20,6,2
セ,読売ジャイアンツ,則本 昂大,,投手,左,0.281,121,34,5,18,11,0
セ,読売ジャイアンツ,田中 瑛斗,,投手,右,0.208,96,20,0,19,9,2
セ,読売ジャイアンツ,田中 瑛斗,,投手,左,0.228,79,18,0,10,8,2
セ,読売ジャイアンツ,又木 鉄平,,投手,右,0.323,31,10,0,5,3,0
セ,読売ジャイアンツ,又木 鉄平,,投手,左,0.419,31,13,0,4,4,2
セ,読売ジャイアンツ,森田 駿哉,,投手,右,0.250,60,15,3,11,3,2
セ,読売ジャイアンツ,森田 駿哉,,投手,左,0.234,64,15,0,14,7,1
セ,読売ジャイアンツ,ルシアーノ,,投手,右,0.250,16,4,0,1,2,0
セ,読売ジャイアンツ,ルシアーノ,,投手,左,0.214,28,6,2,9,5,0
セ,読売ジャイアンツ,バルドナード,,投手,右,0.600,5,3,0,1,2,0
セ,読売ジャイアンツ,バルドナード,,投手,左,1.000,1,1,0,0,1,0
セ,読売ジャイアンツ,高梨 雄平,,投手,右,0.727,11,8,2,1,2,0
セ,読売ジャイアンツ,高梨 雄平,,投手,左,0.188,32,6,0,12,4,0
セ,読売ジャイアンツ,松浦 慶斗,,投手,右,,0,0,0,0,0,0
セ,読売ジャイアンツ,松浦 慶斗,,投手,左,,0,0,0,0,0,0
セ,読売ジャイアンツ,北浦 竜次,,投手,右,0.200,25,5,2,6,3,0
セ,読売ジャイアンツ,北浦 竜次,,投手,左,0.385,26,10,1,2,1,0
セ,読売ジャイアンツ,宮原 駿介,,投手,右,0.400,5,2,0,0,3,0
セ,読売ジャイアンツ,宮原 駿介,,投手,左,0.333,12,4,0,3,0,0
セ,読売ジャイアンツ,船迫 大雅,,投手,右,0.155,58,9,1,9,7,0
セ,読売ジャイアンツ,船迫 大雅,,投手,左,0.147,34,5,1,10,6,2
セ,読売ジャイアンツ,横川 凱,,投手,右,,0,0,0,0,0,0
セ,読売ジャイアンツ,横川 凱,,投手,左,,0,0,0,0,0,0
セ,読売ジャイアンツ,泉 圭輔,,投手,右,0.308,26,8,2,7,2,0
セ,読売ジャイアンツ,泉 圭輔,,投手,左,0.259,27,7,0,2,2,0
セ,読売ジャイアンツ,山田 龍聖,,投手,右,0.167,6,1,0,1,3,0
セ,読売ジャイアンツ,山田 龍聖,,投手,左,0.000,4,0,0,0,1,0
セ,読売ジャイアンツ,石川 達也,,投手,右,0.412,17,7,2,4,1,0
セ,読売ジャイアンツ,石川 達也,,投手,左,0.500,12,6,0,1,3,0
セ,読売ジャイアンツ,平内 龍太,,投手,右,0.200,5,1,0,0,1,0
セ,読売ジャイアンツ,平内 龍太,,投手,左,0.250,4,1,0,1,0,0
セ,読売ジャイアンツ,堀田 賢慎,,投手,右,0.145,62,9,0,12,6,0
セ,読売ジャイアンツ,堀田 賢慎,,投手,左,0.167,54,9,1,11,5,0
セ,読売ジャイアンツ,マルティネス,,投手,右,0.155,71,11,1,25,5,1
セ,読売ジャイアンツ,マルティネス,,投手,左,0.165,85,14,1,26,5,0
セ,読売ジャイアンツ,井上 温大,,投手,右,0.230,248,57,5,68,17,1
セ,読売ジャイアンツ,井上 温大,,投手,左,0.208,183,38,4,46,11,1
セ,読売ジャイアンツ,小笠原 慎之介,,投手,右,0.191,110,21,1,30,7,2
セ,読売ジャイアンツ,小笠原 慎之介,,投手,左,0.256,78,20,1,9,3,1
セ,読売ジャイアンツ,冨重 英二郎,,投手,右,,0,0,0,0,0,0
セ,読売ジャイアンツ,冨重 英二郎,,投手,左,,0,0,0,0,0,0
セ,読売ジャイアンツ,林 燦,,投手,右,,0,0,0,0,0,0
セ,読売ジャイアンツ,林 燦,,投手,左,,0,0,0,0,0,0
セ,読売ジャイアンツ,堀江 正太郎,,投手,右,,0,0,0,0,0,0
セ,読売ジャイアンツ,堀江 正太郎,,投手,左,,0,0,0,0,0,0
セ,読売ジャイアンツ,鈴木 圭晋,,投手,右,,0,0,0,0,0,0
セ,読売ジャイアンツ,鈴木 圭晋,,投手,左,,0,0,0,0,0,0
セ,読売ジャイアンツ,千葉 隆広,,投手,右,,0,0,0,0,0,0
セ,読売ジャイアンツ,千葉 隆広,,投手,左,,0,0,0,0,0,0
セ,読売ジャイアンツ,木下 幹也,,投手,右,,0,0,0,0,0,0
セ,読売ジャイアンツ,木下 幹也,,投手,左,,0,0,0,0,0,0
セ,読売ジャイアンツ,園田 純規,,投手,右,,0,0,0,0,0,0
セ,読売ジャイアンツ,園田 純規,,投手,左,,0,0,0,0,0,0
セ,読売ジャイアンツ,松井 颯,,投手,右,,0,0,0,0,0,0
セ,読売ジャイアンツ,松井 颯,,投手,左,,0,0,0,0,0,0
セ,読売ジャイアンツ,田村 朋輝,,投手,右,,0,0,0,0,0,0
セ,読売ジャイアンツ,田村 朋輝,,投手,左,,0,0,0,0,0,0
セ,読売ジャイアンツ,吉村 優聖歩,,投手,右,,0,0,0,0,0,0
セ,読売ジャイアンツ,吉村 優聖歩,,投手,左,,0,0,0,0,0,0
セ,読売ジャイアンツ,富田 龍,,投手,右,,0,0,0,0,0,0
セ,読売ジャイアンツ,富田 龍,,投手,左,,0,0,0,0,0,0
セ,読売ジャイアンツ,西川 歩,,投手,右,,0,0,0,0,0,0
セ,読売ジャイアンツ,西川 歩,,投手,左,,0,0,0,0,0,0
セ,読売ジャイアンツ,吹田 志道,,投手,右,,0,0,0,0,0,0
セ,読売ジャイアンツ,吹田 志道,,投手,左,,0,0,0,0,0,0
セ,読売ジャイアンツ,森本 哲星,,投手,右,,0,0,0,0,0,0
セ,読売ジャイアンツ,森本 哲星,,投手,左,,0,0,0,0,0,0
セ,読売ジャイアンツ,黄 錦豪,,投手,右,,0,0,0,0,0,0
セ,読売ジャイアンツ,黄 錦豪,,投手,左,,0,0,0,0,0,0
セ,読売ジャイアンツ,グズマン,,投手,右,,0,0,0,0,0,0
セ,読売ジャイアンツ,グズマン,,投手,左,,0,0,0,0,0,0
セ,読売ジャイアンツ,河野 優作,,投手,右,,0,0,0,0,0,0
セ,読売ジャイアンツ,河野 優作,,投手,左,,0,0,0,0,0,0
セ,読売ジャイアンツ,板東 湧梧,,投手,右,,0,0,0,0,0,0
セ,読売ジャイアンツ,板東 湧梧,,投手,左,,0,0,0,0,0,0
セ,読売ジャイアンツ,花田 侑樹,,投手,右,,0,0,0,0,0,0
セ,読売ジャイアンツ,花田 侑樹,,投手,左,,0,0,0,0,0,0
セ,読売ジャイアンツ,石田 隼都,,投手,右,,0,0,0,0,0,0
セ,読売ジャイアンツ,石田 隼都,,投手,左,,0,0,0,0,0,0
セ,読売ジャイアンツ,石田 充冴,,投手,右,,0,0,0,0,0,0
セ,読売ジャイアンツ,石田 充冴,,投手,左,,0,0,0,0,0,0
セ,読売ジャイアンツ,京本 眞,,投手,右,,0,0,0,0,0,0
セ,読売ジャイアンツ,京本 眞,,投手,左,,0,0,0,0,0,0
セ,阪神タイガース,岩崎 優,,投手,右,0.239,71,17,1,16,8,0
セ,阪神タイガース,岩崎 優,,投手,左,0.254,59,15,1,16,4,1
セ,阪神タイガース,岩貞 祐太,,投手,右,1.000,1,1,0,0,0,0
セ,阪神タイガース,岩貞 祐太,,投手,左,0.400,5,2,0,0,1,0
セ,阪神タイガース,西 勇輝,,投手,右,0.215,65,14,2,14,5,2
セ,阪神タイガース,西 勇輝,,投手,左,0.304,79,24,2,8,7,2
セ,阪神タイガース,伊原 陵人,,投手,右,0.238,84,20,4,21,8,1
セ,阪神タイガース,伊原 陵人,,投手,左,0.245,53,13,0,13,7,2
セ,阪神タイガース,下村 海翔,,投手,右,0.286,77,22,3,18,1,1
セ,阪神タイガース,下村 海翔,,投手,左,0.265,68,18,2,15,3,0
セ,阪神タイガース,大竹 耕太郎,,投手,右,0.226,190,43,5,35,10,0
セ,阪神タイガース,大竹 耕太郎,,投手,左,0.315,143,45,2,15,6,0
セ,阪神タイガース,椎葉 剛,,投手,右,0.111,18,2,1,4,2,0
セ,阪神タイガース,椎葉 剛,,投手,左,0.600,10,6,2,0,3,0
セ,阪神タイガース,伊藤 将司,,投手,右,0.207,111,23,4,27,10,1
セ,阪神タイガース,伊藤 将司,,投手,左,0.310,58,18,1,8,1,1
セ,阪神タイガース,今朝丸 裕喜,,投手,右,0.350,20,7,0,0,1,0
セ,阪神タイガース,今朝丸 裕喜,,投手,左,0.231,13,3,1,3,1,1
セ,阪神タイガース,髙橋 遥人,,投手,右,0.204,299,61,5,81,13,0
セ,阪神タイガース,髙橋 遥人,,投手,左,0.214,187,40,3,42,3,1
セ,阪神タイガース,門別 啓人,,投手,右,0.319,47,15,2,7,3,1
セ,阪神タイガース,門別 啓人,,投手,左,0.219,32,7,0,4,3,0
セ,阪神タイガース,才木 浩人,,投手,右,0.192,219,42,6,79,14,1
セ,阪神タイガース,才木 浩人,,投手,左,0.234,265,62,6,76,12,1
セ,阪神タイガース,畠 世周,,投手,右,0.143,14,2,1,5,0,1
セ,阪神タイガース,畠 世周,,投手,左,0.211,19,4,0,2,3,0
セ,阪神タイガース,及川 雅貴,,投手,右,0.222,63,14,2,12,3,0
セ,阪神タイガース,及川 雅貴,,投手,左,0.261,69,18,3,11,6,2
セ,阪神タイガース,村上 頌樹,,投手,右,0.188,260,49,9,71,13,3
セ,阪神タイガース,村上 頌樹,,投手,左,0.236,309,73,4,60,16,0
セ,阪神タイガース,ルーカス,,投手,右,0.300,40,12,3,9,4,0
セ,阪神タイガース,ルーカス,,投手,左,0.333,36,12,0,8,2,0
セ,阪神タイガース,早瀬 朔,,投手,右,,0,0,0,0,0,0
セ,阪神タイガース,早瀬 朔,,投手,左,,0,0,0,0,0,0
セ,阪神タイガース,ラグズデール,,投手,右,,0,0,0,0,0,0
セ,阪神タイガース,ラグズデール,,投手,左,,0,0,0,0,0,0
セ,阪神タイガース,桐敷 拓馬,,投手,右,0.333,39,13,2,8,5,0
セ,阪神タイガース,桐敷 拓馬,,投手,左,0.225,40,9,0,4,1,5
セ,阪神タイガース,茨木 秀俊,,投手,右,0.250,24,6,1,5,3,0
セ,阪神タイガース,茨木 秀俊,,投手,左,0.400,30,12,1,5,5,0
セ,阪神タイガース,工藤 泰成,,投手,右,0.212,104,22,0,38,7,1
セ,阪神タイガース,工藤 泰成,,投手,左,0.200,70,14,0,20,6,0
セ,阪神タイガース,富田 蓮,,投手,右,0.400,5,2,1,1,0,0
セ,阪神タイガース,富田 蓮,,投手,左,0.400,5,2,0,1,0,0
セ,阪神タイガース,早川 太貴,,投手,右,0.333,30,10,1,7,5,1
セ,阪神タイガース,早川 太貴,,投手,左,0.345,29,10,2,8,2,0
セ,阪神タイガース,木下 里都,,投手,右,0.214,84,18,1,26,8,0
セ,阪神タイガース,木下 里都,,投手,左,0.250,60,15,1,13,8,1
セ,阪神タイガース,能登 嵩都,,投手,右,,0,0,0,0,0,0
セ,阪神タイガース,能登 嵩都,,投手,左,,0,0,0,0,0,0
セ,阪神タイガース,石黒 佑弥,,投手,右,0.237,38,9,1,15,4,1
セ,阪神タイガース,石黒 佑弥,,投手,左,0.290,31,9,1,6,3,1
セ,阪神タイガース,岡留 英貴,,投手,右,0.214,14,3,0,7,0,0
セ,阪神タイガース,岡留 英貴,,投手,左,0.333,3,1,0,1,2,0
セ,阪神タイガース,湯浅 京己,,投手,右,0.293,41,12,2,8,5,0
セ,阪神タイガース,湯浅 京己,,投手,左,0.214,42,9,0,12,5,0
セ,阪神タイガース,津田 淳哉,,投手,右,0.316,19,6,1,4,2,1
セ,阪神タイガース,津田 淳哉,,投手,左,0.278,18,5,0,4,3,0
セ,阪神タイガース,石井 大智,,投手,右,0.333,3,1,0,1,1,0
セ,阪神タイガース,石井 大智,,投手,左,0.000,1,0,0,0,0,0
セ,阪神タイガース,神宮 僚介,,投手,右,0.125,24,3,1,8,1,1
セ,阪神タイガース,神宮 僚介,,投手,左,0.167,18,3,0,5,2,0
セ,阪神タイガース,セベリーノ,,投手,右,0.276,29,8,1,4,1,0
セ,阪神タイガース,セベリーノ,,投手,左,0.143,21,3,0,8,3,1
セ,阪神タイガース,ドリス,,投手,右,0.172,93,16,1,30,8,0
セ,阪神タイガース,ドリス,,投手,左,0.279,61,17,0,21,8,0
セ,阪神タイガース,モレッタ,,投手,右,0.270,37,10,1,14,4,1
セ,阪神タイガース,モレッタ,,投手,左,0.182,22,4,2,8,3,1
セ,阪神タイガース,小川 一平,,投手,右,,0,0,0,0,0,0
セ,阪神タイガース,小川 一平,,投手,左,,0,0,0,0,0,0
セ,阪神タイガース,松原 快,,投手,右,,0,0,0,0,0,0
セ,阪神タイガース,松原 快,,投手,左,,0,0,0,0,0,0
セ,阪神タイガース,伊藤 稜,,投手,右,,0,0,0,0,0,0
セ,阪神タイガース,伊藤 稜,,投手,左,,0,0,0,0,0,0
セ,阪神タイガース,マルティネス,,投手,右,,0,0,0,0,0,0
セ,阪神タイガース,マルティネス,,投手,左,,0,0,0,0,0,0
セ,横浜DeNAベイスターズ,デュプランティエ,,投手,右,0.235,17,4,0,3,1,0
セ,横浜DeNAベイスターズ,デュプランティエ,,投手,左,0.250,16,4,0,3,4,0
セ,横浜DeNAベイスターズ,東 克樹,,投手,右,0.236,296,70,9,62,16,2
セ,横浜DeNAベイスターズ,東 克樹,,投手,左,0.186,204,38,1,41,2,2
セ,横浜DeNAベイスターズ,竹田 祐,,投手,右,0.206,34,7,2,8,6,1
セ,横浜DeNAベイスターズ,竹田 祐,,投手,左,0.278,72,20,3,10,2,0
セ,横浜DeNAベイスターズ,伊勢 大夢,,投手,右,0.187,75,14,1,25,7,0
セ,横浜DeNAベイスターズ,伊勢 大夢,,投手,左,0.304,79,24,3,14,6,0
セ,横浜DeNAベイスターズ,石田 健大,,投手,右,0.250,12,3,0,2,1,0
セ,横浜DeNAベイスターズ,石田 健大,,投手,左,0.182,11,2,2,3,1,0
セ,横浜DeNAベイスターズ,島田 舜也,,投手,右,0.357,42,15,1,5,4,0
セ,横浜DeNAベイスターズ,島田 舜也,,投手,左,0.189,37,7,0,11,2,0
セ,横浜DeNAベイスターズ,大貫 晋一,,投手,右,,0,0,0,0,0,0
セ,横浜DeNAベイスターズ,大貫 晋一,,投手,左,,0,0,0,0,0,0
セ,横浜DeNAベイスターズ,小園 健太,,投手,右,,0,0,0,0,0,0
セ,横浜DeNAベイスターズ,小園 健太,,投手,左,,0,0,0,0,0,0
セ,横浜DeNAベイスターズ,山﨑 康晃,,投手,右,0.256,39,10,1,10,6,1
セ,横浜DeNAベイスターズ,山﨑 康晃,,投手,左,0.256,39,10,2,12,4,1
セ,横浜DeNAベイスターズ,坂本 裕哉,,投手,右,0.323,62,20,5,11,11,0
セ,横浜DeNAベイスターズ,坂本 裕哉,,投手,左,0.204,54,11,0,13,4,1
セ,横浜DeNAベイスターズ,入江 大生,,投手,右,0.284,67,19,5,21,8,0
セ,横浜DeNAベイスターズ,入江 大生,,投手,左,0.305,59,18,1,10,7,1
セ,横浜DeNAベイスターズ,吉野 光樹,,投手,右,0.282,39,11,2,7,4,1
セ,横浜DeNAベイスターズ,吉野 光樹,,投手,左,0.216,37,8,0,11,5,0
セ,横浜DeNAベイスターズ,藤浪 晋太郎,,投手,右,0.214,14,3,0,7,4,1
セ,横浜DeNAベイスターズ,藤浪 晋太郎,,投手,左,0.346,26,9,0,5,10,0
セ,横浜DeNAベイスターズ,篠木 健太郎,,投手,右,0.250,132,33,3,30,10,1
セ,横浜DeNAベイスターズ,篠木 健太郎,,投手,左,0.292,144,42,1,27,14,1
セ,横浜DeNAベイスターズ,武田 陸玖,,投手,右,0.200,5,1,0,1,3,0
セ,横浜DeNAベイスターズ,武田 陸玖,,投手,左,0.250,4,1,0,0,1,0
セ,横浜DeNAベイスターズ,橋本 達弥,,投手,右,0.000,10,0,0,5,5,0
セ,横浜DeNAベイスターズ,橋本 達弥,,投手,左,0.250,12,3,0,4,3,0
セ,横浜DeNAベイスターズ,尾形 崇斗,,投手,右,0.212,151,32,7,54,16,4
セ,横浜DeNAベイスターズ,尾形 崇斗,,投手,左,0.191,136,26,1,39,19,1
セ,横浜DeNAベイスターズ,松本 凌人,,投手,右,0.150,20,3,0,7,3,0
セ,横浜DeNAベイスターズ,松本 凌人,,投手,左,0.111,18,2,1,7,4,0
セ,横浜DeNAベイスターズ,若松 尚輝,,投手,右,0.160,50,8,0,14,5,1
セ,横浜DeNAベイスターズ,若松 尚輝,,投手,左,0.271,59,16,2,9,8,0
セ,横浜DeNAベイスターズ,佐々木 千隼,,投手,右,,0,0,0,0,0,0
セ,横浜DeNAベイスターズ,佐々木 千隼,,投手,左,,0,0,0,0,0,0
セ,横浜DeNAベイスターズ,コックス,,投手,右,0.263,19,5,2,2,2,0
セ,横浜DeNAベイスターズ,コックス,,投手,左,0.333,15,5,0,5,0,0
セ,横浜DeNAベイスターズ,ビド,,投手,右,0.438,16,7,1,5,6,1
セ,横浜DeNAベイスターズ,ビド,,投手,左,0.286,14,4,0,2,3,0
セ,横浜DeNAベイスターズ,深沢 鳳介,,投手,右,0.198,86,17,1,18,5,1
セ,横浜DeNAベイスターズ,深沢 鳳介,,投手,左,0.317,82,26,2,12,6,0
セ,横浜DeNAベイスターズ,森原 康平,,投手,右,,0,0,0,0,0,0
セ,横浜DeNAベイスターズ,森原 康平,,投手,左,,0,0,0,0,0,0
セ,横浜DeNAベイスターズ,坂口 翔颯,,投手,右,,0,0,0,0,0,0
セ,横浜DeNAベイスターズ,坂口 翔颯,,投手,左,,0,0,0,0,0,0
セ,横浜DeNAベイスターズ,片山 皓心,,投手,右,0.206,63,13,1,18,5,0
セ,横浜DeNAベイスターズ,片山 皓心,,投手,左,0.265,34,9,1,6,8,1
セ,横浜DeNAベイスターズ,ルイーズ,,投手,右,0.286,63,18,1,12,8,0
セ,横浜DeNAベイスターズ,ルイーズ,,投手,左,0.208,77,16,1,16,5,1
セ,横浜DeNAベイスターズ,浜地 真澄,,投手,右,0.275,40,11,1,10,0,0
セ,横浜DeNAベイスターズ,浜地 真澄,,投手,左,0.081,37,3,0,3,1,0
セ,横浜DeNAベイスターズ,中川 颯,,投手,右,0.364,22,8,1,2,0,0
セ,横浜DeNAベイスターズ,中川 颯,,投手,左,0.333,18,6,1,2,2,0
セ,横浜DeNAベイスターズ,石田 裕太郎,,投手,右,0.275,167,46,4,48,13,3
セ,横浜DeNAベイスターズ,石田 裕太郎,,投手,左,0.231,216,50,2,51,7,3
セ,横浜DeNAベイスターズ,平良 拳太郎,,投手,右,0.213,160,34,3,58,12,1
セ,横浜DeNAベイスターズ,平良 拳太郎,,投手,左,0.270,189,51,5,39,6,4
セ,横浜DeNAベイスターズ,レイノルズ,,投手,右,0.165,103,17,2,39,7,1
セ,横浜DeNAベイスターズ,レイノルズ,,投手,左,0.144,90,13,0,33,8,2
セ,横浜DeNAベイスターズ,中川 虎大,,投手,右,0.260,73,19,2,24,9,0
セ,横浜DeNAベイスターズ,中川 虎大,,投手,左,0.154,78,12,1,29,8,0
セ,横浜DeNAベイスターズ,宮城 滝太,,投手,右,0.313,48,15,3,9,6,0
セ,横浜DeNAベイスターズ,宮城 滝太,,投手,左,0.193,57,11,0,19,2,1
セ,横浜DeNAベイスターズ,岩田 将貴,,投手,右,0.233,30,7,0,5,3,0
セ,横浜DeNAベイスターズ,岩田 将貴,,投手,左,0.310,58,18,0,10,2,1
セ,横浜DeNAベイスターズ,堀岡 隼人,,投手,右,0.333,18,6,0,5,2,0
セ,横浜DeNAベイスターズ,堀岡 隼人,,投手,左,0.200,15,3,1,2,2,0
セ,横浜DeNAベイスターズ,庄司 陽斗,,投手,右,0.500,6,3,1,1,1,0
セ,横浜DeNAベイスターズ,庄司 陽斗,,投手,左,0.167,12,2,0,2,0,0
セ,横浜DeNAベイスターズ,馬場 皐輔,,投手,右,0.211,19,4,0,9,2,0
セ,横浜DeNAベイスターズ,馬場 皐輔,,投手,左,0.417,12,5,0,1,2,0
セ,横浜DeNAベイスターズ,マルセリーノ,,投手,右,0.236,55,13,1,14,3,3
セ,横浜DeNAベイスターズ,マルセリーノ,,投手,左,0.368,57,21,2,16,11,1
セ,横浜DeNAベイスターズ,清水 麻成,,投手,右,,0,0,0,0,0,0
セ,横浜DeNAベイスターズ,清水 麻成,,投手,左,,0,0,0,0,0,0
セ,横浜DeNAベイスターズ,金渕 光希,,投手,右,,0,0,0,0,0,0
セ,横浜DeNAベイスターズ,金渕 光希,,投手,左,,0,0,0,0,0,0
セ,横浜DeNAベイスターズ,吉岡 暖,,投手,右,,0,0,0,0,0,0
セ,横浜DeNAベイスターズ,吉岡 暖,,投手,左,,0,0,0,0,0,0
セ,横浜DeNAベイスターズ,森下 瑠大,,投手,右,,0,0,0,0,0,0
セ,横浜DeNAベイスターズ,森下 瑠大,,投手,左,,0,0,0,0,0,0
セ,横浜DeNAベイスターズ,松本 隆之介,,投手,右,,0,0,0,0,0,0
セ,横浜DeNAベイスターズ,松本 隆之介,,投手,左,,0,0,0,0,0,0
セ,広島東洋カープ,齊藤 汰直,,投手,右,0.429,21,9,0,2,0,0
セ,広島東洋カープ,齊藤 汰直,,投手,左,0.391,23,9,1,3,4,0
セ,広島東洋カープ,森浦 大輔,,投手,右,0.132,106,14,2,45,11,1
セ,広島東洋カープ,森浦 大輔,,投手,左,0.301,73,22,1,22,4,2
セ,広島東洋カープ,大瀬良 大地,,投手,右,0.526,19,10,1,5,0,0
セ,広島東洋カープ,大瀬良 大地,,投手,左,0.185,27,5,0,5,2,0
セ,広島東洋カープ,森 翔平,,投手,右,0.233,176,41,5,38,14,0
セ,広島東洋カープ,森 翔平,,投手,左,0.228,123,28,4,26,12,1
セ,広島東洋カープ,常廣 羽也斗,,投手,右,0.429,14,6,0,1,3,0
セ,広島東洋カープ,常廣 羽也斗,,投手,左,0.167,18,3,0,5,4,0
セ,広島東洋カープ,森下 暢仁,,投手,右,0.278,230,64,9,51,16,1
セ,広島東洋カープ,森下 暢仁,,投手,左,0.199,196,39,3,39,27,2
セ,広島東洋カープ,床田 寛樹,,投手,右,0.264,258,68,6,39,16,1
セ,広島東洋カープ,床田 寛樹,,投手,左,0.273,187,51,5,34,15,1
セ,広島東洋カープ,栗林 良吏,,投手,右,0.231,169,39,3,30,6,1
セ,広島東洋カープ,栗林 良吏,,投手,左,0.169,183,31,2,56,7,1
セ,広島東洋カープ,中﨑 翔太,,投手,右,0.218,55,12,0,14,2,1
セ,広島東洋カープ,中﨑 翔太,,投手,左,0.212,33,7,2,7,11,0
セ,広島東洋カープ,髙 太一,,投手,右,0.231,78,18,1,23,10,1
セ,広島東洋カープ,髙 太一,,投手,左,0.224,85,19,0,22,6,2
セ,広島東洋カープ,黒原 拓未,,投手,右,0.474,19,9,0,3,2,0
セ,広島東洋カープ,黒原 拓未,,投手,左,0.444,27,12,0,6,2,0
セ,広島東洋カープ,益田 武尚,,投手,右,0.333,42,14,0,7,2,2
セ,広島東洋カープ,益田 武尚,,投手,左,0.364,33,12,0,5,4,0
セ,広島東洋カープ,佐藤 柳之介,,投手,右,,0,0,0,0,0,0
セ,広島東洋カープ,佐藤 柳之介,,投手,左,,0,0,0,0,0,0
セ,広島東洋カープ,ケムナ 誠,,投手,右,,0,0,0,0,0,0
セ,広島東洋カープ,ケムナ 誠,,投手,左,,0,0,0,0,0,0
セ,広島東洋カープ,滝田 一希,,投手,右,,0,0,0,0,0,0
セ,広島東洋カープ,滝田 一希,,投手,左,,0,0,0,0,0,0
セ,広島東洋カープ,高橋 昂也,,投手,右,,0,0,0,0,0,0
セ,広島東洋カープ,高橋 昂也,,投手,左,,0,0,0,0,0,0
セ,広島東洋カープ,工藤 泰己,,投手,右,0.286,7,2,0,1,1,0
セ,広島東洋カープ,工藤 泰己,,投手,左,0.250,4,1,0,2,0,0
セ,広島東洋カープ,塹江 敦哉,,投手,右,0.186,43,8,0,14,4,1
セ,広島東洋カープ,塹江 敦哉,,投手,左,0.172,58,10,0,16,9,1
セ,広島東洋カープ,赤木 晴哉,,投手,右,0.304,23,7,0,1,1,0
セ,広島東洋カープ,赤木 晴哉,,投手,左,0.429,14,6,0,2,0,0
セ,広島東洋カープ,長谷部 銀次,,投手,右,,0,0,0,0,0,0
セ,広島東洋カープ,長谷部 銀次,,投手,左,,0,0,0,0,0,0
セ,広島東洋カープ,鈴木 健矢,,投手,右,0.213,122,26,1,20,4,3
セ,広島東洋カープ,鈴木 健矢,,投手,左,0.272,81,22,2,7,11,2
セ,広島東洋カープ,ターノック,,投手,右,0.250,84,21,0,21,4,4
セ,広島東洋カープ,ターノック,,投手,左,0.292,96,28,0,28,12,1
セ,広島東洋カープ,島内 颯太郎,,投手,右,0.286,21,6,0,6,7,1
セ,広島東洋カープ,島内 颯太郎,,投手,左,0.125,16,2,0,5,2,1
セ,広島東洋カープ,松本 竜也,,投手,右,0.500,2,1,0,1,1,1
セ,広島東洋カープ,松本 竜也,,投手,左,1.000,1,1,0,0,0,0
セ,広島東洋カープ,髙木 快大,,投手,右,,0,0,0,0,0,0
セ,広島東洋カープ,髙木 快大,,投手,左,,0,0,0,0,0,0
セ,広島東洋カープ,斉藤 優汰,,投手,右,0.275,51,14,3,13,1,1
セ,広島東洋カープ,斉藤 優汰,,投手,左,0.196,56,11,0,11,10,0
セ,広島東洋カープ,アドゥワ 誠,,投手,右,0.237,38,9,1,12,3,1
セ,広島東洋カープ,アドゥワ 誠,,投手,左,0.457,35,16,2,5,3,1
セ,広島東洋カープ,杉田 健,,投手,右,,0,0,0,0,0,0
セ,広島東洋カープ,杉田 健,,投手,左,,0,0,0,0,0,0
セ,広島東洋カープ,岡本 駿,,投手,右,0.226,195,44,6,45,20,1
セ,広島東洋カープ,岡本 駿,,投手,左,0.277,188,52,3,38,14,0
セ,広島東洋カープ,玉村 昇悟,,投手,右,0.283,120,34,4,26,8,1
セ,広島東洋カープ,玉村 昇悟,,投手,左,0.179,106,19,2,21,6,3
セ,広島東洋カープ,遠藤 淳志,,投手,右,0.231,104,24,4,27,6,0
セ,広島東洋カープ,遠藤 淳志,,投手,左,0.192,73,14,0,21,8,1
セ,広島東洋カープ,菊地 ハルン,,投手,右,0.290,31,9,2,7,3,1
セ,広島東洋カープ,菊地 ハルン,,投手,左,0.304,23,7,0,6,3,0
セ,広島東洋カープ,ハーン,,投手,右,0.188,80,15,0,31,6,1
セ,広島東洋カープ,ハーン,,投手,左,0.196,51,10,0,14,4,1
セ,広島東洋カープ,日髙 暖己,,投手,右,,0,0,0,0,0,0
セ,広島東洋カープ,日髙 暖己,,投手,左,,0,0,0,0,0,0
セ,広島東洋カープ,辻 大雅,,投手,右,0.259,58,15,2,16,12,0
セ,広島東洋カープ,辻 大雅,,投手,左,0.197,61,12,2,18,8,1
セ,広島東洋カープ,小船 翼,,投手,右,,0,0,0,0,0,0
セ,広島東洋カープ,小船 翼,,投手,左,,0,0,0,0,0,0
セ,広島東洋カープ,竹下 海斗,,投手,右,,0,0,0,0,0,0
セ,広島東洋カープ,竹下 海斗,,投手,左,,0,0,0,0,0,0
セ,広島東洋カープ,河野 佳,,投手,右,,0,0,0,0,0,0
セ,広島東洋カープ,河野 佳,,投手,左,,0,0,0,0,0,0
セ,広島東洋カープ,杉原 望来,,投手,右,,0,0,0,0,0,0
セ,広島東洋カープ,杉原 望来,,投手,左,,0,0,0,0,0,0
セ,広島東洋カープ,アリア,,投手,右,,0,0,0,0,0,0
セ,広島東洋カープ,アリア,,投手,左,,0,0,0,0,0,0
セ,中日ドラゴンズ,中西 聖輝,,投手,右,0.236,55,13,2,15,8,3
セ,中日ドラゴンズ,中西 聖輝,,投手,左,0.244,82,20,2,22,9,0
セ,中日ドラゴンズ,橋本 侑樹,,投手,右,0.214,70,15,2,26,5,1
セ,中日ドラゴンズ,橋本 侑樹,,投手,左,0.286,63,18,1,13,5,1
セ,中日ドラゴンズ,草加 勝,,投手,右,0.200,40,8,1,7,5,1
セ,中日ドラゴンズ,草加 勝,,投手,左,0.250,44,11,1,12,3,0
セ,中日ドラゴンズ,櫻井 頼之介,,投手,右,0.337,92,31,7,21,9,0
セ,中日ドラゴンズ,櫻井 頼之介,,投手,左,0.256,125,32,2,33,10,0
セ,中日ドラゴンズ,柳 裕也,,投手,右,0.259,239,62,6,52,9,2
セ,中日ドラゴンズ,柳 裕也,,投手,左,0.224,281,63,5,61,21,1
セ,中日ドラゴンズ,髙橋 宏斗,,投手,右,0.217,161,35,1,56,15,2
セ,中日ドラゴンズ,髙橋 宏斗,,投手,左,0.229,201,46,3,53,20,1
セ,中日ドラゴンズ,涌井 秀章,,投手,右,0.286,105,30,5,21,3,1
セ,中日ドラゴンズ,涌井 秀章,,投手,左,0.276,116,32,3,17,1,0
セ,中日ドラゴンズ,金丸 夢斗,,投手,右,0.258,318,82,9,76,18,3
セ,中日ドラゴンズ,金丸 夢斗,,投手,左,0.249,225,56,5,53,11,0
セ,中日ドラゴンズ,大野 雄大,,投手,右,0.187,267,50,11,57,24,2
セ,中日ドラゴンズ,大野 雄大,,投手,左,0.236,178,42,1,27,10,3
セ,中日ドラゴンズ,仲地 礼亜,,投手,右,0.250,12,3,0,4,2,0
セ,中日ドラゴンズ,仲地 礼亜,,投手,左,0.421,19,8,1,4,1,0
セ,中日ドラゴンズ,アブレウ,,投手,右,0.209,43,9,0,14,6,2
セ,中日ドラゴンズ,アブレウ,,投手,左,0.214,28,6,0,10,5,0
セ,中日ドラゴンズ,松木平 優太,,投手,右,,0,0,0,0,0,0
セ,中日ドラゴンズ,松木平 優太,,投手,左,,0,0,0,0,0,0
セ,中日ドラゴンズ,根尾 昂,,投手,右,0.318,22,7,2,8,0,1
セ,中日ドラゴンズ,根尾 昂,,投手,左,0.154,13,2,1,5,3,0
セ,中日ドラゴンズ,伊藤 茉央,,投手,右,0.200,40,8,1,7,3,0
セ,中日ドラゴンズ,伊藤 茉央,,投手,左,0.385,26,10,1,2,0,0
セ,中日ドラゴンズ,杉浦 稔大,,投手,右,0.208,24,5,0,7,3,0
セ,中日ドラゴンズ,杉浦 稔大,,投手,左,0.417,24,10,1,3,3,0
セ,中日ドラゴンズ,福 敬登,,投手,右,0.000,3,0,0,1,0,0
セ,中日ドラゴンズ,福 敬登,,投手,左,0.400,5,2,1,1,1,0
セ,中日ドラゴンズ,福田 幸之介,,投手,右,,0,0,0,0,0,0
セ,中日ドラゴンズ,福田 幸之介,,投手,左,,0,0,0,0,0,0
セ,中日ドラゴンズ,松葉 貴大,,投手,右,0.297,37,11,1,4,4,1
セ,中日ドラゴンズ,松葉 貴大,,投手,左,0.222,27,6,1,5,1,0
セ,中日ドラゴンズ,勝野 昌慶,,投手,右,0.273,11,3,1,3,2,0
セ,中日ドラゴンズ,勝野 昌慶,,投手,左,0.250,12,3,0,6,5,0
セ,中日ドラゴンズ,梅野 雄吾,,投手,右,0.200,5,1,0,2,2,0
セ,中日ドラゴンズ,梅野 雄吾,,投手,左,0.750,4,3,0,1,2,0
セ,中日ドラゴンズ,吉田 聖弥,,投手,右,0.127,79,10,0,22,12,1
セ,中日ドラゴンズ,吉田 聖弥,,投手,左,0.217,69,15,1,21,14,0
セ,中日ドラゴンズ,清水 達也,,投手,右,0.500,18,9,1,1,2,0
セ,中日ドラゴンズ,清水 達也,,投手,左,0.500,12,6,0,3,3,0
セ,中日ドラゴンズ,篠﨑 国忠,,投手,右,0.333,3,1,0,0,1,0
セ,中日ドラゴンズ,篠﨑 国忠,,投手,左,0.250,8,2,0,3,0,0
セ,中日ドラゴンズ,宮内 春輝,,投手,右,,0,0,0,0,0,0
セ,中日ドラゴンズ,宮内 春輝,,投手,左,,0,0,0,0,0,0
セ,中日ドラゴンズ,藤嶋 健人,,投手,右,0.230,74,17,3,15,8,0
セ,中日ドラゴンズ,藤嶋 健人,,投手,左,0.247,73,18,2,9,11,1
セ,中日ドラゴンズ,齋藤 綱記,,投手,右,0.245,53,13,4,11,6,2
セ,中日ドラゴンズ,齋藤 綱記,,投手,左,0.198,86,17,1,30,7,0
セ,中日ドラゴンズ,高橋 幸佑,,投手,右,,0,0,0,0,0,0
セ,中日ドラゴンズ,高橋 幸佑,,投手,左,,0,0,0,0,0,0
セ,中日ドラゴンズ,森 博人,,投手,右,0.200,10,2,0,3,0,0
セ,中日ドラゴンズ,森 博人,,投手,左,0.091,11,1,0,6,1,0
セ,中日ドラゴンズ,有馬 惠叶,,投手,右,,0,0,0,0,0,0
セ,中日ドラゴンズ,有馬 惠叶,,投手,左,,0,0,0,0,0,0
セ,中日ドラゴンズ,牧野 憲伸,,投手,右,0.231,26,6,2,1,5,0
セ,中日ドラゴンズ,牧野 憲伸,,投手,左,0.250,40,10,1,10,5,0
セ,中日ドラゴンズ,三浦 瑞樹,,投手,右,0.364,11,4,0,4,1,0
セ,中日ドラゴンズ,三浦 瑞樹,,投手,左,0.182,11,2,0,2,2,0
セ,中日ドラゴンズ,近藤 廉,,投手,右,0.200,5,1,0,1,3,0
セ,中日ドラゴンズ,近藤 廉,,投手,左,0.286,7,2,0,2,0,0
セ,中日ドラゴンズ,松山 晋也,,投手,右,0.132,68,9,1,25,5,1
セ,中日ドラゴンズ,松山 晋也,,投手,左,0.278,72,20,0,16,8,1
セ,中日ドラゴンズ,メヒア,,投手,右,0.250,32,8,1,6,3,0
セ,中日ドラゴンズ,メヒア,,投手,左,0.306,36,11,0,7,1,2
セ,中日ドラゴンズ,マラー,,投手,右,0.231,238,55,7,43,12,0
セ,中日ドラゴンズ,マラー,,投手,左,0.235,162,38,3,43,11,2
セ,中日ドラゴンズ,井上 剣也,,投手,右,,0,0,0,0,0,0
セ,中日ドラゴンズ,井上 剣也,,投手,左,,0,0,0,0,0,0
セ,中日ドラゴンズ,土生 翔太,,投手,右,,0,0,0,0,0,0
セ,中日ドラゴンズ,土生 翔太,,投手,左,,0,0,0,0,0,0
セ,中日ドラゴンズ,梅津 晃大,,投手,右,,0,0,0,0,0,0
セ,中日ドラゴンズ,梅津 晃大,,投手,左,,0,0,0,0,0,0
セ,中日ドラゴンズ,森山 暁生,,投手,右,,0,0,0,0,0,0
セ,中日ドラゴンズ,森山 暁生,,投手,左,,0,0,0,0,0,0
セ,中日ドラゴンズ,マルティネス,,投手,右,,0,0,0,0,0,0
セ,中日ドラゴンズ,マルティネス,,投手,左,,0,0,0,0,0,0
セ,東京ヤクルトスワローズ,キハダ,,投手,右,0.256,86,22,1,31,15,3
セ,東京ヤクルトスワローズ,キハダ,,投手,左,0.185,54,10,3,24,13,1
セ,東京ヤクルトスワローズ,石山 泰稚,,投手,右,,0,0,0,0,0,0
セ,東京ヤクルトスワローズ,石山 泰稚,,投手,左,,0,0,0,0,0,0
セ,東京ヤクルトスワローズ,西舘 昂汰,,投手,右,0.091,11,1,0,2,0,0
セ,東京ヤクルトスワローズ,西舘 昂汰,,投手,左,0.200,5,1,0,1,5,0
セ,東京ヤクルトスワローズ,中村 優斗,,投手,右,,0,0,0,0,0,0
セ,東京ヤクルトスワローズ,中村 優斗,,投手,左,,0,0,0,0,0,0
セ,東京ヤクルトスワローズ,清水 昇,,投手,右,0.315,54,17,1,13,4,0
セ,東京ヤクルトスワローズ,清水 昇,,投手,左,0.203,79,16,1,21,3,0
セ,東京ヤクルトスワローズ,奥川 恭伸,,投手,右,0.221,226,50,10,52,7,0
セ,東京ヤクルトスワローズ,奥川 恭伸,,投手,左,0.223,247,55,3,50,17,0
セ,東京ヤクルトスワローズ,石川 雅規,,投手,右,0.667,3,2,1,0,0,0
セ,東京ヤクルトスワローズ,石川 雅規,,投手,左,1.000,3,3,0,0,0,1
セ,東京ヤクルトスワローズ,木澤 尚文,,投手,右,0.267,15,4,0,2,1,2
セ,東京ヤクルトスワローズ,木澤 尚文,,投手,左,0.222,18,4,0,3,7,0
セ,東京ヤクルトスワローズ,吉村 貢司郎,,投手,右,0.249,169,42,10,33,14,1
セ,東京ヤクルトスワローズ,吉村 貢司郎,,投手,左,0.238,231,55,8,46,10,2
セ,東京ヤクルトスワローズ,星 知弥,,投手,右,0.260,73,19,2,10,5,0
セ,東京ヤクルトスワローズ,星 知弥,,投手,左,0.278,79,22,1,18,10,0
セ,東京ヤクルトスワローズ,山野 太一,,投手,右,0.239,310,74,8,71,17,4
セ,東京ヤクルトスワローズ,山野 太一,,投手,左,0.156,186,29,2,60,9,5
セ,東京ヤクルトスワローズ,松本 健吾,,投手,右,0.232,155,36,1,35,15,3
セ,東京ヤクルトスワローズ,松本 健吾,,投手,左,0.296,223,66,8,47,9,0
セ,東京ヤクルトスワローズ,小川 泰弘,,投手,右,0.361,72,26,4,10,8,2
セ,東京ヤクルトスワローズ,小川 泰弘,,投手,左,0.188,85,16,2,17,9,1
セ,東京ヤクルトスワローズ,荘司 宏太,,投手,右,0.200,45,9,1,15,8,1
セ,東京ヤクルトスワローズ,荘司 宏太,,投手,左,0.314,51,16,1,19,6,0
セ,東京ヤクルトスワローズ,山崎 太陽,,投手,右,,0,0,0,0,0,0
セ,東京ヤクルトスワローズ,山崎 太陽,,投手,左,,0,0,0,0,0,0
セ,東京ヤクルトスワローズ,田口 麗斗,,投手,右,0.310,29,9,2,6,4,1
セ,東京ヤクルトスワローズ,田口 麗斗,,投手,左,0.303,33,10,0,5,2,1
セ,東京ヤクルトスワローズ,石原 勇輝,,投手,右,0.182,22,4,0,9,1,0
セ,東京ヤクルトスワローズ,石原 勇輝,,投手,左,0.185,27,5,0,3,5,1
セ,東京ヤクルトスワローズ,高梨 裕稔,,投手,右,0.230,113,26,3,35,9,3
セ,東京ヤクルトスワローズ,高梨 裕稔,,投手,左,0.238,130,31,5,21,5,0
セ,東京ヤクルトスワローズ,拓也,,投手,右,0.556,9,5,2,2,3,0
セ,東京ヤクルトスワローズ,拓也,,投手,左,0.304,23,7,0,4,1,0
セ,東京ヤクルトスワローズ,増居 翔太,,投手,右,0.175,63,11,2,9,9,0
セ,東京ヤクルトスワローズ,増居 翔太,,投手,左,0.149,47,7,2,12,4,0
セ,東京ヤクルトスワローズ,大西 広樹,,投手,右,0.300,20,6,0,2,1,1
セ,東京ヤクルトスワローズ,大西 広樹,,投手,左,0.571,14,8,2,1,3,0
セ,東京ヤクルトスワローズ,小澤 怜史,,投手,右,0.393,28,11,2,7,3,1
セ,東京ヤクルトスワローズ,小澤 怜史,,投手,左,0.125,40,5,1,14,3,0
セ,東京ヤクルトスワローズ,大道 温貴,,投手,右,0.500,6,3,0,0,1,0
セ,東京ヤクルトスワローズ,大道 温貴,,投手,左,0.500,4,2,0,1,0,0
セ,東京ヤクルトスワローズ,高橋 奎二,,投手,右,0.305,177,54,11,43,14,4
セ,東京ヤクルトスワローズ,高橋 奎二,,投手,左,0.254,126,32,0,29,11,2
セ,東京ヤクルトスワローズ,鈴木 蓮吾,,投手,右,,0,0,0,0,0,0
セ,東京ヤクルトスワローズ,鈴木 蓮吾,,投手,左,,0,0,0,0,0,0
セ,東京ヤクルトスワローズ,長谷川 宙輝,,投手,右,0.250,4,1,1,0,1,0
セ,東京ヤクルトスワローズ,長谷川 宙輝,,投手,左,1.000,1,1,0,0,1,1
セ,東京ヤクルトスワローズ,坂本 拓己,,投手,右,,0,0,0,0,0,0
セ,東京ヤクルトスワローズ,坂本 拓己,,投手,左,,0,0,0,0,0,0
セ,東京ヤクルトスワローズ,ウォルターズ,,投手,右,0.211,57,12,3,19,8,2
セ,東京ヤクルトスワローズ,ウォルターズ,,投手,左,0.288,80,23,2,15,7,2
セ,東京ヤクルトスワローズ,飯田 琉斗,,投手,右,1.000,1,1,0,0,1,0
セ,東京ヤクルトスワローズ,飯田 琉斗,,投手,左,0.500,2,1,0,0,0,0
セ,東京ヤクルトスワローズ,リランソ,,投手,右,0.175,63,11,1,23,6,1
セ,東京ヤクルトスワローズ,リランソ,,投手,左,0.167,48,8,0,12,13,2
セ,東京ヤクルトスワローズ,阪口 皓亮,,投手,右,0.170,53,9,0,14,3,0
セ,東京ヤクルトスワローズ,阪口 皓亮,,投手,左,0.256,43,11,1,9,5,1
セ,東京ヤクルトスワローズ,丸山 翔大,,投手,右,0.140,57,8,1,17,3,2
セ,東京ヤクルトスワローズ,丸山 翔大,,投手,左,0.260,73,19,2,19,5,0
セ,東京ヤクルトスワローズ,下川 隼佑,,投手,右,0.429,14,6,0,2,1,0
セ,東京ヤクルトスワローズ,下川 隼佑,,投手,左,0.250,16,4,0,3,3,1
セ,東京ヤクルトスワローズ,廣澤 優,,投手,右,0.242,62,15,1,7,5,1
セ,東京ヤクルトスワローズ,廣澤 優,,投手,左,0.135,74,10,1,22,9,0
セ,東京ヤクルトスワローズ,沼田 翔平,,投手,右,,0,0,0,0,0,0
セ,東京ヤクルトスワローズ,沼田 翔平,,投手,左,,0,0,0,0,0,0
セ,東京ヤクルトスワローズ,青柳 晃洋,,投手,右,,0,0,0,0,0,0
セ,東京ヤクルトスワローズ,青柳 晃洋,,投手,左,,0,0,0,0,0,0
セ,東京ヤクルトスワローズ,竹山 日向,,投手,右,,0,0,0,0,0,0
セ,東京ヤクルトスワローズ,竹山 日向,,投手,左,,0,0,0,0,0,0
セ,東京ヤクルトスワローズ,小宮 悠瞳,,投手,右,,0,0,0,0,0,0
セ,東京ヤクルトスワローズ,小宮 悠瞳,,投手,左,,0,0,0,0,0,0
セ,東京ヤクルトスワローズ,西濱 勇星,,投手,右,,0,0,0,0,0,0
セ,東京ヤクルトスワローズ,西濱 勇星,,投手,左,,0,0,0,0,0,0
セ,東京ヤクルトスワローズ,翔聖,,投手,右,,0,0,0,0,0,0
セ,東京ヤクルトスワローズ,翔聖,,投手,左,,0,0,0,0,0,0
セ,東京ヤクルトスワローズ,佐藤 琢磨,,投手,右,,0,0,0,0,0,0
セ,東京ヤクルトスワローズ,佐藤 琢磨,,投手,左,,0,0,0,0,0,0
パ,福岡ソフトバンクホークス,スチュワート・ジュニア,,投手,右,0.271,133,36,5,32,12,3
パ,福岡ソフトバンクホークス,スチュワート・ジュニア,,投手,左,0.320,125,40,2,25,19,0
パ,福岡ソフトバンクホークス,上沢 直之,,投手,右,0.212,198,42,4,52,10,4
パ,福岡ソフトバンクホークス,上沢 直之,,投手,左,0.261,226,59,7,50,15,1
パ,福岡ソフトバンクホークス,津森 宥紀,,投手,右,0.113,62,7,0,19,7,2
パ,福岡ソフトバンクホークス,津森 宥紀,,投手,左,0.189,74,14,1,18,6,1
パ,福岡ソフトバンクホークス,稲川 竜汰,,投手,右,0.000,1,0,0,0,0,0
パ,福岡ソフトバンクホークス,稲川 竜汰,,投手,左,0.000,1,0,0,0,2,0
パ,福岡ソフトバンクホークス,ラトリッジ,,投手,右,,0,0,0,0,0,0
パ,福岡ソフトバンクホークス,ラトリッジ,,投手,左,,0,0,0,0,0,0
パ,福岡ソフトバンクホークス,東浜 巨,,投手,右,,0,0,0,0,0,0
パ,福岡ソフトバンクホークス,東浜 巨,,投手,左,,0,0,0,0,0,0
パ,福岡ソフトバンクホークス,張 峻ウェイ,,投手,右,,0,0,0,0,0,0
パ,福岡ソフトバンクホークス,張 峻ウェイ,,投手,左,,0,0,0,0,0,0
パ,福岡ソフトバンクホークス,徐 若熙,,投手,右,0.377,53,20,3,7,6,0
パ,福岡ソフトバンクホークス,徐 若熙,,投手,左,0.254,71,18,2,21,5,1
パ,福岡ソフトバンクホークス,大津 亮介,,投手,右,0.245,212,52,8,45,8,2
パ,福岡ソフトバンクホークス,大津 亮介,,投手,左,0.220,282,62,6,62,17,0
パ,福岡ソフトバンクホークス,村上 泰斗,,投手,右,0.000,1,0,0,1,0,0
パ,福岡ソフトバンクホークス,村上 泰斗,,投手,左,0.333,3,1,0,2,1,0
パ,福岡ソフトバンクホークス,藤原 大翔,,投手,右,0.300,10,3,0,2,4,0
パ,福岡ソフトバンクホークス,藤原 大翔,,投手,左,0.294,17,5,0,3,2,0
パ,福岡ソフトバンクホークス,鈴木 豪太,,投手,右,0.174,69,12,2,18,2,0
パ,福岡ソフトバンクホークス,鈴木 豪太,,投手,左,0.192,73,14,1,16,6,0
パ,福岡ソフトバンクホークス,岩井 俊介,,投手,右,0.143,7,1,0,3,4,1
パ,福岡ソフトバンクホークス,岩井 俊介,,投手,左,0.250,12,3,0,3,1,1
パ,福岡ソフトバンクホークス,安德 駿,,投手,右,,0,0,0,0,0,0
パ,福岡ソフトバンクホークス,安德 駿,,投手,左,,0,0,0,0,0,0
パ,福岡ソフトバンクホークス,大江 竜聖,,投手,右,0.667,3,2,0,1,0,0
パ,福岡ソフトバンクホークス,大江 竜聖,,投手,左,0.125,8,1,0,2,0,1
パ,福岡ソフトバンクホークス,中村 稔弥,,投手,右,0.143,21,3,0,3,0,0
パ,福岡ソフトバンクホークス,中村 稔弥,,投手,左,0.250,16,4,1,5,0,1
パ,福岡ソフトバンクホークス,アルメンタ,,投手,右,0.154,13,2,0,3,2,1
パ,福岡ソフトバンクホークス,アルメンタ,,投手,左,0.571,7,4,0,2,3,2
パ,福岡ソフトバンクホークス,モイネロ,,投手,右,0.109,55,6,2,13,3,1
パ,福岡ソフトバンクホークス,モイネロ,,投手,左,0.143,42,6,0,9,1,0
パ,福岡ソフトバンクホークス,尾形 崇斗,,投手,右,0.212,151,32,7,54,16,4
パ,福岡ソフトバンクホークス,尾形 崇斗,,投手,左,0.191,136,26,1,39,19,1
パ,福岡ソフトバンクホークス,杉山 一樹,,投手,右,0.180,89,16,1,37,9,0
パ,福岡ソフトバンクホークス,杉山 一樹,,投手,左,0.208,77,16,1,31,12,0
パ,福岡ソフトバンクホークス,前田 悠伍,,投手,右,0.213,207,44,6,38,19,0
パ,福岡ソフトバンクホークス,前田 悠伍,,投手,左,0.226,137,31,1,34,5,3
パ,福岡ソフトバンクホークス,伊藤 優輔,,投手,右,0.286,63,18,1,16,6,0
パ,福岡ソフトバンクホークス,伊藤 優輔,,投手,左,0.208,53,11,0,9,13,1
パ,福岡ソフトバンクホークス,北斗,,投手,右,0.333,6,2,0,1,1,0
パ,福岡ソフトバンクホークス,北斗,,投手,左,0.500,6,3,1,0,2,0
パ,福岡ソフトバンクホークス,大関 友久,,投手,右,0.336,122,41,8,15,9,0
パ,福岡ソフトバンクホークス,大関 友久,,投手,左,0.259,108,28,3,21,11,1
パ,福岡ソフトバンクホークス,藤井 皓哉,,投手,右,,0,0,0,0,0,0
パ,福岡ソフトバンクホークス,藤井 皓哉,,投手,左,,0,0,0,0,0,0
パ,福岡ソフトバンクホークス,松本 晴,,投手,右,0.252,206,52,6,58,16,4
パ,福岡ソフトバンクホークス,松本 晴,,投手,左,0.225,160,36,3,50,17,5
パ,福岡ソフトバンクホークス,相良 雅斗,,投手,右,,0,0,0,0,0,0
パ,福岡ソフトバンクホークス,相良 雅斗,,投手,左,,0,0,0,0,0,0
パ,福岡ソフトバンクホークス,前田 純,,投手,右,0.208,48,10,0,16,3,0
パ,福岡ソフトバンクホークス,前田 純,,投手,左,0.379,29,11,0,4,1,0
パ,福岡ソフトバンクホークス,大山 凌,,投手,右,0.500,2,1,0,0,0,0
パ,福岡ソフトバンクホークス,大山 凌,,投手,左,0.500,4,2,0,1,0,0
パ,福岡ソフトバンクホークス,オスナ,,投手,右,0.266,79,21,2,19,2,1
パ,福岡ソフトバンクホークス,オスナ,,投手,左,0.143,63,9,1,19,6,2
パ,福岡ソフトバンクホークス,木村 大成,,投手,右,,0,0,0,0,0,0
パ,福岡ソフトバンクホークス,木村 大成,,投手,左,,0,0,0,0,0,0
パ,福岡ソフトバンクホークス,大竹 風雅,,投手,右,0.300,10,3,0,4,1,0
パ,福岡ソフトバンクホークス,大竹 風雅,,投手,左,0.176,17,3,0,3,3,0
パ,福岡ソフトバンクホークス,大野 稼頭央,,投手,右,0.231,13,3,0,1,2,2
パ,福岡ソフトバンクホークス,大野 稼頭央,,投手,左,0.333,21,7,1,4,3,0
パ,福岡ソフトバンクホークス,ヘルナンデス,,投手,右,0.210,62,13,2,25,9,1
パ,福岡ソフトバンクホークス,ヘルナンデス,,投手,左,0.203,59,12,0,18,4,2
パ,福岡ソフトバンクホークス,上茶谷 大河,,投手,右,0.230,152,35,8,41,9,3
パ,福岡ソフトバンクホークス,上茶谷 大河,,投手,左,0.252,135,34,6,29,10,1
パ,福岡ソフトバンクホークス,松本 裕樹,,投手,右,0.169,83,14,1,31,2,0
パ,福岡ソフトバンクホークス,松本 裕樹,,投手,左,0.287,101,29,2,16,5,0
パ,福岡ソフトバンクホークス,木村 光,,投手,右,0.179,56,10,3,15,9,2
パ,福岡ソフトバンクホークス,木村 光,,投手,左,0.258,62,16,3,10,5,0
パ,福岡ソフトバンクホークス,岩崎 峻典,,投手,右,,0,0,0,0,0,0
パ,福岡ソフトバンクホークス,岩崎 峻典,,投手,左,,0,0,0,0,0,0
パ,福岡ソフトバンクホークス,ロドリゲス,,投手,右,,0,0,0,0,0,0
パ,福岡ソフトバンクホークス,ロドリゲス,,投手,左,,0,0,0,0,0,0
パ,福岡ソフトバンクホークス,小林 樹斗,,投手,右,0.267,15,4,1,3,2,0
パ,福岡ソフトバンクホークス,小林 樹斗,,投手,左,0.238,21,5,2,4,0,0
パ,福岡ソフトバンクホークス,長谷川 威展,,投手,右,,0,0,0,0,0,0
パ,福岡ソフトバンクホークス,長谷川 威展,,投手,左,,0,0,0,0,0,0
パ,福岡ソフトバンクホークス,宮里 優吾,,投手,右,,0,0,0,0,0,0
パ,福岡ソフトバンクホークス,宮里 優吾,,投手,左,,0,0,0,0,0,0
パ,福岡ソフトバンクホークス,河野 伸一朗,,投手,右,,0,0,0,0,0,0
パ,福岡ソフトバンクホークス,河野 伸一朗,,投手,左,,0,0,0,0,0,0
パ,福岡ソフトバンクホークス,川口 冬弥,,投手,右,,0,0,0,0,0,0
パ,福岡ソフトバンクホークス,川口 冬弥,,投手,左,,0,0,0,0,0,0
パ,福岡ソフトバンクホークス,村田 賢一,,投手,右,,0,0,0,0,0,0
パ,福岡ソフトバンクホークス,村田 賢一,,投手,左,,0,0,0,0,0,0
パ,福岡ソフトバンクホークス,津嘉山 憲志郎,,投手,右,,0,0,0,0,0,0
パ,福岡ソフトバンクホークス,津嘉山 憲志郎,,投手,左,,0,0,0,0,0,0
パ,福岡ソフトバンクホークス,相原 雄太,,投手,右,,0,0,0,0,0,0
パ,福岡ソフトバンクホークス,相原 雄太,,投手,左,,0,0,0,0,0,0
パ,福岡ソフトバンクホークス,井﨑 燦志郎,,投手,右,,0,0,0,0,0,0
パ,福岡ソフトバンクホークス,井﨑 燦志郎,,投手,左,,0,0,0,0,0,0
パ,福岡ソフトバンクホークス,岡田 皓一朗,,投手,右,,0,0,0,0,0,0
パ,福岡ソフトバンクホークス,岡田 皓一朗,,投手,左,,0,0,0,0,0,0
パ,福岡ソフトバンクホークス,澤柳 亮太郎,,投手,右,,0,0,0,0,0,0
パ,福岡ソフトバンクホークス,澤柳 亮太郎,,投手,左,,0,0,0,0,0,0
パ,福岡ソフトバンクホークス,ハモンド,,投手,右,,0,0,0,0,0,0
パ,福岡ソフトバンクホークス,ハモンド,,投手,左,,0,0,0,0,0,0
パ,福岡ソフトバンクホークス,大矢 琉晟,,投手,右,,0,0,0,0,0,0
パ,福岡ソフトバンクホークス,大矢 琉晟,,投手,左,,0,0,0,0,0,0
パ,福岡ソフトバンクホークス,山崎 琢磨,,投手,右,,0,0,0,0,0,0
パ,福岡ソフトバンクホークス,山崎 琢磨,,投手,左,,0,0,0,0,0,0
パ,福岡ソフトバンクホークス,熊谷 太雅,,投手,右,,0,0,0,0,0,0
パ,福岡ソフトバンクホークス,熊谷 太雅,,投手,左,,0,0,0,0,0,0
パ,福岡ソフトバンクホークス,塩士 暖,,投手,右,,0,0,0,0,0,0
パ,福岡ソフトバンクホークス,塩士 暖,,投手,左,,0,0,0,0,0,0
パ,福岡ソフトバンクホークス,長﨑 蓮汰,,投手,右,,0,0,0,0,0,0
パ,福岡ソフトバンクホークス,長﨑 蓮汰,,投手,左,,0,0,0,0,0,0
パ,福岡ソフトバンクホークス,田上 奏大,,投手,右,,0,0,0,0,0,0
パ,福岡ソフトバンクホークス,田上 奏大,,投手,左,,0,0,0,0,0,0
パ,福岡ソフトバンクホークス,長水 啓眞,,投手,右,,0,0,0,0,0,0
パ,福岡ソフトバンクホークス,長水 啓眞,,投手,左,,0,0,0,0,0,0
パ,福岡ソフトバンクホークス,内野 海斗,,投手,右,,0,0,0,0,0,0
パ,福岡ソフトバンクホークス,内野 海斗,,投手,左,,0,0,0,0,0,0
パ,福岡ソフトバンクホークス,岡植 純平,,投手,右,,0,0,0,0,0,0
パ,福岡ソフトバンクホークス,岡植 純平,,投手,左,,0,0,0,0,0,0
パ,福岡ソフトバンクホークス,佐々木 明都,,投手,右,,0,0,0,0,0,0
パ,福岡ソフトバンクホークス,佐々木 明都,,投手,左,,0,0,0,0,0,0
パ,福岡ソフトバンクホークス,飛田 悠成,,投手,右,,0,0,0,0,0,0
パ,福岡ソフトバンクホークス,飛田 悠成,,投手,左,,0,0,0,0,0,0
パ,福岡ソフトバンクホークス,サルディ,,投手,右,,0,0,0,0,0,0
パ,福岡ソフトバンクホークス,サルディ,,投手,左,,0,0,0,0,0,0
パ,北海道日本ハムファイターズ,矢澤 宏太,,投手,右,,0,0,0,0,0,0
パ,北海道日本ハムファイターズ,矢澤 宏太,,投手,左,0.500,2,1,0,0,1,0
パ,北海道日本ハムファイターズ,生田目 翼,,投手,右,0.278,18,5,1,5,1,0
パ,北海道日本ハムファイターズ,生田目 翼,,投手,左,0.257,35,9,1,5,2,0
パ,北海道日本ハムファイターズ,加藤 貴之,,投手,右,0.241,174,42,5,25,5,0
パ,北海道日本ハムファイターズ,加藤 貴之,,投手,左,0.242,215,52,4,26,4,0
パ,北海道日本ハムファイターズ,北山 亘基,,投手,右,0.219,187,41,8,46,20,2
パ,北海道日本ハムファイターズ,北山 亘基,,投手,左,0.191,293,56,4,80,10,2
パ,北海道日本ハムファイターズ,達 孝太,,投手,右,0.239,159,38,4,45,9,2
パ,北海道日本ハムファイターズ,達 孝太,,投手,左,0.182,231,42,5,63,15,3
パ,北海道日本ハムファイターズ,伊藤 大海,,投手,右,0.252,222,56,6,64,19,1
パ,北海道日本ハムファイターズ,伊藤 大海,,投手,左,0.282,369,104,8,79,14,3
パ,北海道日本ハムファイターズ,山﨑 福也,,投手,右,0.205,78,16,2,14,7,0
パ,北海道日本ハムファイターズ,山﨑 福也,,投手,左,0.267,105,28,3,6,8,1
パ,北海道日本ハムファイターズ,玉井 大翔,,投手,右,0.292,24,7,1,1,0,1
パ,北海道日本ハムファイターズ,玉井 大翔,,投手,左,0.182,11,2,1,2,1,0
パ,北海道日本ハムファイターズ,上原 健太,,投手,右,0.182,55,10,5,14,2,1
パ,北海道日本ハムファイターズ,上原 健太,,投手,左,0.247,73,18,2,14,11,0
パ,北海道日本ハムファイターズ,杉浦 稔大,,投手,右,0.208,24,5,0,7,3,0
パ,北海道日本ハムファイターズ,杉浦 稔大,,投手,左,0.417,24,10,1,3,3,0
パ,北海道日本ハムファイターズ,金村 尚真,,投手,右,0.262,42,11,0,9,0,0
パ,北海道日本ハムファイターズ,金村 尚真,,投手,左,0.264,53,14,3,11,7,0
パ,北海道日本ハムファイターズ,宮西 尚生,,投手,右,0.250,12,3,0,3,0,0
パ,北海道日本ハムファイターズ,宮西 尚生,,投手,左,0.600,10,6,0,0,2,0
パ,北海道日本ハムファイターズ,田中 正義,,投手,右,0.246,61,15,2,16,4,2
パ,北海道日本ハムファイターズ,田中 正義,,投手,左,0.172,64,11,0,18,3,0
パ,北海道日本ハムファイターズ,大川 慈英,,投手,右,0.167,6,1,0,1,1,0
パ,北海道日本ハムファイターズ,大川 慈英,,投手,左,0.412,17,7,2,1,4,0
パ,北海道日本ハムファイターズ,河野 竜生,,投手,右,0.167,6,1,0,2,0,1
パ,北海道日本ハムファイターズ,河野 竜生,,投手,左,0.286,7,2,0,1,2,0
パ,北海道日本ハムファイターズ,細野 晴希,,投手,右,0.176,136,24,5,44,10,1
パ,北海道日本ハムファイターズ,細野 晴希,,投手,左,0.248,133,33,1,37,12,6
パ,北海道日本ハムファイターズ,ラオ,,投手,右,0.250,4,1,1,2,0,0
パ,北海道日本ハムファイターズ,ラオ,,投手,左,0.250,16,4,0,2,0,1
パ,北海道日本ハムファイターズ,柴田 獅子,,投手,右,0.364,22,8,2,4,1,0
パ,北海道日本ハムファイターズ,柴田 獅子,,投手,左,0.167,18,3,0,7,3,2
パ,北海道日本ハムファイターズ,藤田 琉生,,投手,右,,0,0,0,0,0,0
パ,北海道日本ハムファイターズ,藤田 琉生,,投手,左,,0,0,0,0,0,0
パ,北海道日本ハムファイターズ,堀 瑞輝,,投手,右,0.265,49,13,1,15,3,0
パ,北海道日本ハムファイターズ,堀 瑞輝,,投手,左,0.192,52,10,1,20,5,0
パ,北海道日本ハムファイターズ,浅利 太門,,投手,右,,0,0,0,0,0,0
パ,北海道日本ハムファイターズ,浅利 太門,,投手,左,,0,0,0,0,0,0
パ,北海道日本ハムファイターズ,古林 睿煬,,投手,右,0.227,22,5,0,6,4,0
パ,北海道日本ハムファイターズ,古林 睿煬,,投手,左,0.370,27,10,2,9,6,0
パ,北海道日本ハムファイターズ,島本 浩也,,投手,右,0.208,53,11,1,10,5,0
パ,北海道日本ハムファイターズ,島本 浩也,,投手,左,0.250,72,18,1,9,7,1
パ,北海道日本ハムファイターズ,福谷 浩司,,投手,右,0.346,26,9,3,3,0,0
パ,北海道日本ハムファイターズ,福谷 浩司,,投手,左,0.240,25,6,1,3,3,0
パ,北海道日本ハムファイターズ,福島 蓮,,投手,右,0.184,125,23,2,36,11,0
パ,北海道日本ハムファイターズ,福島 蓮,,投手,左,0.288,132,38,5,33,12,1
パ,北海道日本ハムファイターズ,畔柳 亨丞,,投手,右,0.231,13,3,0,6,3,0
パ,北海道日本ハムファイターズ,畔柳 亨丞,,投手,左,0.188,16,3,0,2,2,1
パ,北海道日本ハムファイターズ,柳川 大晟,,投手,右,0.106,66,7,0,28,11,0
パ,北海道日本ハムファイターズ,柳川 大晟,,投手,左,0.167,84,14,1,26,8,0
パ,北海道日本ハムファイターズ,齋藤 友貴哉,,投手,右,0.333,24,8,0,6,5,0
パ,北海道日本ハムファイターズ,齋藤 友貴哉,,投手,左,0.351,37,13,2,4,5,0
パ,北海道日本ハムファイターズ,池田 隆英,,投手,右,0.111,9,1,0,2,1,0
パ,北海道日本ハムファイターズ,池田 隆英,,投手,左,0.429,14,6,2,4,1,0
パ,北海道日本ハムファイターズ,菊地 大稀,,投手,右,0.364,11,4,0,4,0,0
パ,北海道日本ハムファイターズ,菊地 大稀,,投手,左,0.214,14,3,1,2,2,0
パ,北海道日本ハムファイターズ,清水 大暉,,投手,右,0.500,2,1,0,0,2,0
パ,北海道日本ハムファイターズ,清水 大暉,,投手,左,0.333,6,2,0,1,1,0
パ,北海道日本ハムファイターズ,山城 航太郎,,投手,右,,0,0,0,0,0,0
パ,北海道日本ハムファイターズ,山城 航太郎,,投手,左,,0,0,0,0,0,0
パ,北海道日本ハムファイターズ,山本 拓実,,投手,右,0.167,24,4,1,8,3,0
パ,北海道日本ハムファイターズ,山本 拓実,,投手,左,0.259,27,7,1,6,4,1
パ,北海道日本ハムファイターズ,有原 航平,,投手,右,0.260,104,27,2,23,7,3
パ,北海道日本ハムファイターズ,有原 航平,,投手,左,0.265,234,62,7,38,15,0
パ,北海道日本ハムファイターズ,松岡 洸希,,投手,右,,0,0,0,0,0,0
パ,北海道日本ハムファイターズ,松岡 洸希,,投手,左,,0,0,0,0,0,0
パ,北海道日本ハムファイターズ,清宮 虎多朗,,投手,右,1.000,1,1,0,0,1,0
パ,北海道日本ハムファイターズ,清宮 虎多朗,,投手,左,1.000,1,1,0,0,0,0
パ,北海道日本ハムファイターズ,孫 易磊,,投手,右,0.267,30,8,1,7,2,0
パ,北海道日本ハムファイターズ,孫 易磊,,投手,左,0.196,56,11,0,15,8,0
パ,北海道日本ハムファイターズ,加藤 大和,,投手,右,,0,0,0,0,0,0
パ,北海道日本ハムファイターズ,加藤 大和,,投手,左,,0,0,0,0,0,0
パ,北海道日本ハムファイターズ,松本 遼大,,投手,右,,0,0,0,0,0,0
パ,北海道日本ハムファイターズ,松本 遼大,,投手,左,,0,0,0,0,0,0
パ,北海道日本ハムファイターズ,宮内 春輝,,投手,右,,0,0,0,0,0,0
パ,北海道日本ハムファイターズ,宮内 春輝,,投手,左,,0,0,0,0,0,0
パ,北海道日本ハムファイターズ,川勝 空人,,投手,右,,0,0,0,0,0,0
パ,北海道日本ハムファイターズ,川勝 空人,,投手,左,,0,0,0,0,0,0
パ,北海道日本ハムファイターズ,澁谷 純希,,投手,右,,0,0,0,0,0,0
パ,北海道日本ハムファイターズ,澁谷 純希,,投手,左,,0,0,0,0,0,0
パ,北海道日本ハムファイターズ,横山 永遠,,投手,右,,0,0,0,0,0,0
パ,北海道日本ハムファイターズ,横山 永遠,,投手,左,,0,0,0,0,0,0
パ,北海道日本ハムファイターズ,福田 俊,,投手,右,,0,0,0,0,0,0
パ,北海道日本ハムファイターズ,福田 俊,,投手,左,,0,0,0,0,0,0
パ,北海道日本ハムファイターズ,安西 叶翔,,投手,右,,0,0,0,0,0,0
パ,北海道日本ハムファイターズ,安西 叶翔,,投手,左,,0,0,0,0,0,0
パ,北海道日本ハムファイターズ,根本 悠楓,,投手,右,,0,0,0,0,0,0
パ,北海道日本ハムファイターズ,根本 悠楓,,投手,左,,0,0,0,0,0,0
パ,オリックス・バファローズ,エスピノーザ,,投手,右,0.229,210,48,3,53,6,0
パ,オリックス・バファローズ,エスピノーザ,,投手,左,0.214,262,56,5,67,21,1
パ,オリックス・バファローズ,山下 舜平大,,投手,右,,0,0,0,0,0,0
パ,オリックス・バファローズ,山下 舜平大,,投手,左,,0,0,0,0,0,0
パ,オリックス・バファローズ,東 晃平,,投手,右,,0,0,0,0,0,0
パ,オリックス・バファローズ,東 晃平,,投手,左,,0,0,0,0,0,0
パ,オリックス・バファローズ,寺西 成騎,,投手,右,0.268,97,26,2,22,7,2
パ,オリックス・バファローズ,寺西 成騎,,投手,左,0.287,115,33,1,23,11,0
パ,オリックス・バファローズ,椋木 蓮,,投手,右,0.224,58,13,0,12,1,1
パ,オリックス・バファローズ,椋木 蓮,,投手,左,0.172,87,15,1,20,4,1
パ,オリックス・バファローズ,平野 佳寿,,投手,右,0.333,3,1,1,0,0,0
パ,オリックス・バファローズ,平野 佳寿,,投手,左,0.333,6,2,0,1,0,0
パ,オリックス・バファローズ,曽谷 龍平,,投手,右,0.254,169,43,9,43,8,2
パ,オリックス・バファローズ,曽谷 龍平,,投手,左,0.265,117,31,0,27,5,3
パ,オリックス・バファローズ,宮城 大弥,,投手,右,0.378,37,14,1,7,2,0
パ,オリックス・バファローズ,宮城 大弥,,投手,左,0.261,23,6,0,10,1,0
パ,オリックス・バファローズ,山岡 泰輔,,投手,右,0.161,31,5,1,12,3,0
パ,オリックス・バファローズ,山岡 泰輔,,投手,左,0.391,23,9,0,5,2,0
パ,オリックス・バファローズ,阿部 翔太,,投手,右,0.296,27,8,1,6,5,2
パ,オリックス・バファローズ,阿部 翔太,,投手,左,0.500,22,11,2,2,3,0
パ,オリックス・バファローズ,山﨑 颯一郎,,投手,右,0.205,78,16,2,24,6,1
パ,オリックス・バファローズ,山﨑 颯一郎,,投手,左,0.167,90,15,2,25,9,0
パ,オリックス・バファローズ,九里 亜蓮,,投手,右,0.196,214,42,5,71,28,5
パ,オリックス・バファローズ,九里 亜蓮,,投手,左,0.257,303,78,8,61,29,5
パ,オリックス・バファローズ,吉田 輝星,,投手,右,0.286,42,12,1,12,5,0
パ,オリックス・バファローズ,吉田 輝星,,投手,左,0.256,39,10,2,9,2,1
パ,オリックス・バファローズ,齋藤 響介,,投手,右,0.571,7,4,0,0,0,0
パ,オリックス・バファローズ,齋藤 響介,,投手,左,0.692,13,9,0,1,2,0
パ,オリックス・バファローズ,富山 凌雅,,投手,右,0.273,11,3,0,1,0,0
パ,オリックス・バファローズ,富山 凌雅,,投手,左,0.300,30,9,0,6,3,0
パ,オリックス・バファローズ,田嶋 大樹,,投手,右,0.286,126,36,6,21,10,3
パ,オリックス・バファローズ,田嶋 大樹,,投手,左,0.298,114,34,6,22,6,1
パ,オリックス・バファローズ,藤川 敦也,,投手,右,,0,0,0,0,0,0
パ,オリックス・バファローズ,藤川 敦也,,投手,左,,0,0,0,0,0,0
パ,オリックス・バファローズ,古田島 成龍,,投手,右,0.333,12,4,0,2,2,0
パ,オリックス・バファローズ,古田島 成龍,,投手,左,0.300,20,6,2,5,2,1
パ,オリックス・バファローズ,森 陽樹,,投手,右,,0,0,0,0,0,0
パ,オリックス・バファローズ,森 陽樹,,投手,左,,0,0,0,0,0,0
パ,オリックス・バファローズ,岩嵜 翔,,投手,右,0.130,23,3,2,6,4,0
パ,オリックス・バファローズ,岩嵜 翔,,投手,左,0.316,38,12,1,6,6,1
パ,オリックス・バファローズ,佐藤 龍月,,投手,右,,0,0,0,0,0,0
パ,オリックス・バファローズ,佐藤 龍月,,投手,左,,0,0,0,0,0,0
パ,オリックス・バファローズ,マチャド,,投手,右,0.229,70,16,2,23,4,1
パ,オリックス・バファローズ,マチャド,,投手,左,0.176,91,16,2,20,2,0
パ,オリックス・バファローズ,髙谷 舟,,投手,右,1.000,4,4,1,0,1,0
パ,オリックス・バファローズ,髙谷 舟,,投手,左,0.250,4,1,0,1,0,0
パ,オリックス・バファローズ,本田 仁海,,投手,右,0.500,2,1,0,0,2,0
パ,オリックス・バファローズ,本田 仁海,,投手,左,0.600,5,3,0,2,0,0
パ,オリックス・バファローズ,山口 廉王,,投手,右,0.444,9,4,1,4,0,0
パ,オリックス・バファローズ,山口 廉王,,投手,左,0.143,7,1,0,1,3,0
パ,オリックス・バファローズ,東松 快征,,投手,右,0.333,3,1,1,1,3,0
パ,オリックス・バファローズ,東松 快征,,投手,左,0.200,10,2,1,3,4,0
パ,オリックス・バファローズ,片山 楽生,,投手,右,0.316,79,25,2,12,7,1
パ,オリックス・バファローズ,片山 楽生,,投手,左,0.194,72,14,2,12,6,0
パ,オリックス・バファローズ,横山 楓,,投手,右,0.200,15,3,0,9,1,0
パ,オリックス・バファローズ,横山 楓,,投手,左,0.375,8,3,0,2,1,1
パ,オリックス・バファローズ,東山 玲士,,投手,右,0.143,7,1,0,1,0,0
パ,オリックス・バファローズ,東山 玲士,,投手,左,0.222,18,4,0,5,3,1
パ,オリックス・バファローズ,山田 修義,,投手,右,0.000,4,0,0,1,4,0
パ,オリックス・バファローズ,山田 修義,,投手,左,0.250,24,6,0,8,4,0
パ,オリックス・バファローズ,ペルドモ,,投手,右,0.406,32,13,1,8,5,0
パ,オリックス・バファローズ,ペルドモ,,投手,左,0.323,31,10,1,3,3,1
パ,オリックス・バファローズ,宮國 凌空,,投手,右,0.323,31,10,0,5,2,0
パ,オリックス・バファローズ,宮國 凌空,,投手,左,0.462,26,12,0,3,3,0
パ,オリックス・バファローズ,博志,,投手,右,0.164,55,9,0,8,3,1
パ,オリックス・バファローズ,博志,,投手,左,0.283,46,13,2,8,10,0
パ,オリックス・バファローズ,入山 海斗,,投手,右,0.178,45,8,1,9,2,1
パ,オリックス・バファローズ,入山 海斗,,投手,左,0.132,68,9,2,12,9,3
パ,オリックス・バファローズ,ジェリー,,投手,右,0.283,173,49,3,41,11,7
パ,オリックス・バファローズ,ジェリー,,投手,左,0.256,227,58,1,41,16,2
パ,オリックス・バファローズ,陳 睦衡,,投手,右,,0,0,0,0,0,0
パ,オリックス・バファローズ,陳 睦衡,,投手,左,,0,0,0,0,0,0
パ,オリックス・バファローズ,佐藤 一磨,,投手,右,0.357,14,5,4,3,1,0
パ,オリックス・バファローズ,佐藤 一磨,,投手,左,0.200,15,3,1,1,7,0
パ,オリックス・バファローズ,川瀬 堅斗,,投手,右,0.379,29,11,2,5,5,0
パ,オリックス・バファローズ,川瀬 堅斗,,投手,左,0.296,27,8,1,3,4,0
パ,オリックス・バファローズ,才木 海翔,,投手,右,0.200,10,2,1,2,0,0
パ,オリックス・バファローズ,才木 海翔,,投手,左,0.235,17,4,0,3,4,0
パ,オリックス・バファローズ,髙島 泰都,,投手,右,0.282,156,44,0,26,10,3
パ,オリックス・バファローズ,髙島 泰都,,投手,左,0.332,196,65,8,41,18,3
パ,オリックス・バファローズ,権田 琉成,,投手,右,0.132,53,7,1,16,3,0
パ,オリックス・バファローズ,権田 琉成,,投手,左,0.323,62,20,3,10,6,0
パ,オリックス・バファローズ,マシュー,,投手,右,,0,0,0,0,0,0
パ,オリックス・バファローズ,マシュー,,投手,左,,0,0,0,0,0,0
パ,オリックス・バファローズ,渡邉 一生,,投手,右,,0,0,0,0,0,0
パ,オリックス・バファローズ,渡邉 一生,,投手,左,,0,0,0,0,0,0
パ,オリックス・バファローズ,寿賀 弘都,,投手,右,,0,0,0,0,0,0
パ,オリックス・バファローズ,寿賀 弘都,,投手,左,,0,0,0,0,0,0
パ,オリックス・バファローズ,芦田 丈飛,,投手,右,,0,0,0,0,0,0
パ,オリックス・バファローズ,芦田 丈飛,,投手,左,,0,0,0,0,0,0
パ,オリックス・バファローズ,上原 堆我,,投手,右,,0,0,0,0,0,0
パ,オリックス・バファローズ,上原 堆我,,投手,左,,0,0,0,0,0,0
パ,オリックス・バファローズ,乾 健斗,,投手,右,,0,0,0,0,0,0
パ,オリックス・バファローズ,乾 健斗,,投手,左,,0,0,0,0,0,0
パ,オリックス・バファローズ,小木田 敦也,,投手,右,,0,0,0,0,0,0
パ,オリックス・バファローズ,小木田 敦也,,投手,左,,0,0,0,0,0,0
パ,オリックス・バファローズ,宇田川 優希,,投手,右,,0,0,0,0,0,0
パ,オリックス・バファローズ,宇田川 優希,,投手,左,,0,0,0,0,0,0
パ,オリックス・バファローズ,前 佑囲斗,,投手,右,,0,0,0,0,0,0
パ,オリックス・バファローズ,前 佑囲斗,,投手,左,,0,0,0,0,0,0
パ,オリックス・バファローズ,河内 康介,,投手,右,,0,0,0,0,0,0
パ,オリックス・バファローズ,河内 康介,,投手,左,,0,0,0,0,0,0
パ,埼玉西武ライオンズ,上田 大河,,投手,右,0.219,32,7,1,5,2,0
パ,埼玉西武ライオンズ,上田 大河,,投手,左,0.267,45,12,2,11,4,0
パ,埼玉西武ライオンズ,渡邉 勇太朗,,投手,右,0.207,213,44,2,47,12,0
パ,埼玉西武ライオンズ,渡邉 勇太朗,,投手,左,0.259,243,63,8,49,24,0
パ,埼玉西武ライオンズ,髙橋 光成,,投手,右,0.212,165,35,4,42,13,1
パ,埼玉西武ライオンズ,髙橋 光成,,投手,左,0.208,289,60,7,62,32,2
パ,埼玉西武ライオンズ,與座 海人,,投手,右,,0,0,0,0,0,0
パ,埼玉西武ライオンズ,與座 海人,,投手,左,,0,0,0,0,0,0
パ,埼玉西武ライオンズ,隅田 知一郎,,投手,右,0.198,262,52,7,65,12,0
パ,埼玉西武ライオンズ,隅田 知一郎,,投手,左,0.242,289,70,2,70,9,1
パ,埼玉西武ライオンズ,松本 航,,投手,右,0.250,8,2,0,2,0,0
パ,埼玉西武ライオンズ,松本 航,,投手,左,0.250,12,3,1,3,2,0
パ,埼玉西武ライオンズ,佐藤 隼輔,,投手,右,0.289,38,11,0,7,1,0
パ,埼玉西武ライオンズ,佐藤 隼輔,,投手,左,0.241,58,14,0,17,5,1
パ,埼玉西武ライオンズ,岩城 颯空,,投手,右,0.277,47,13,6,13,6,0
パ,埼玉西武ライオンズ,岩城 颯空,,投手,左,0.197,66,13,1,18,9,0
パ,埼玉西武ライオンズ,武内 夏暉,,投手,右,0.232,237,55,5,66,16,0
パ,埼玉西武ライオンズ,武内 夏暉,,投手,左,0.235,234,55,4,34,7,2
パ,埼玉西武ライオンズ,糸川 亮太,,投手,右,0.250,28,7,2,4,0,0
パ,埼玉西武ライオンズ,糸川 亮太,,投手,左,0.353,17,6,2,2,3,0
パ,埼玉西武ライオンズ,森脇 亮介,,投手,右,0.280,25,7,0,2,2,0
パ,埼玉西武ライオンズ,森脇 亮介,,投手,左,0.229,35,8,0,9,3,0
パ,埼玉西武ライオンズ,青山 美夏人,,投手,右,0.500,2,1,0,1,1,0
パ,埼玉西武ライオンズ,青山 美夏人,,投手,左,0.286,7,2,0,1,0,0
パ,埼玉西武ライオンズ,ワイナンス,,投手,右,0.304,79,24,4,23,7,1
パ,埼玉西武ライオンズ,ワイナンス,,投手,左,0.193,83,16,2,18,12,2
パ,埼玉西武ライオンズ,甲斐野 央,,投手,右,0.208,72,15,3,25,7,0
パ,埼玉西武ライオンズ,甲斐野 央,,投手,左,0.170,88,15,0,25,21,0
パ,埼玉西武ライオンズ,山田 陽翔,,投手,右,0.111,9,1,0,2,2,0
パ,埼玉西武ライオンズ,山田 陽翔,,投手,左,0.286,14,4,0,4,3,1
パ,埼玉西武ライオンズ,堀越 啓太,,投手,右,0.250,4,1,0,0,0,0
パ,埼玉西武ライオンズ,堀越 啓太,,投手,左,0.400,5,2,0,1,0,0
パ,埼玉西武ライオンズ,成田 晴風,,投手,右,0.333,3,1,1,0,1,0
パ,埼玉西武ライオンズ,成田 晴風,,投手,左,0.600,5,3,0,0,2,0
パ,埼玉西武ライオンズ,ボー・タカハシ,,投手,右,,0,0,0,0,0,0
パ,埼玉西武ライオンズ,ボー・タカハシ,,投手,左,,0,0,0,0,0,0
パ,埼玉西武ライオンズ,羽田 慎之介,,投手,右,0.500,16,8,0,1,7,1
パ,埼玉西武ライオンズ,羽田 慎之介,,投手,左,0.118,17,2,0,9,3,1
パ,埼玉西武ライオンズ,ウィンゲンター,,投手,右,0.139,36,5,0,16,5,0
パ,埼玉西武ライオンズ,ウィンゲンター,,投手,左,0.234,47,11,1,11,5,0
パ,埼玉西武ライオンズ,狩生 聖真,,投手,右,,0,0,0,0,0,0
パ,埼玉西武ライオンズ,狩生 聖真,,投手,左,,0,0,0,0,0,0
パ,埼玉西武ライオンズ,杉山 遙希,,投手,右,0.182,11,2,0,2,0,0
パ,埼玉西武ライオンズ,杉山 遙希,,投手,左,0.375,8,3,0,2,1,0
パ,埼玉西武ライオンズ,篠原 響,,投手,右,0.228,57,13,1,17,4,1
パ,埼玉西武ライオンズ,篠原 響,,投手,左,0.197,76,15,0,22,12,0
パ,埼玉西武ライオンズ,黒木 優太,,投手,右,0.133,15,2,0,7,2,0
パ,埼玉西武ライオンズ,黒木 優太,,投手,左,0.143,14,2,0,3,1,0
パ,埼玉西武ライオンズ,Ｅ．ラミレス,,投手,右,0.143,14,2,0,2,0,0
パ,埼玉西武ライオンズ,Ｅ．ラミレス,,投手,左,0.250,20,5,3,3,3,1
パ,埼玉西武ライオンズ,黒田 将矢,,投手,右,0.250,48,12,1,6,7,0
パ,埼玉西武ライオンズ,黒田 将矢,,投手,左,0.280,50,14,1,13,5,1
パ,埼玉西武ライオンズ,中村 祐太,,投手,右,0.143,42,6,3,13,0,0
パ,埼玉西武ライオンズ,中村 祐太,,投手,左,0.205,39,8,1,13,3,1
パ,埼玉西武ライオンズ,平良 海馬,,投手,右,0.152,210,32,1,66,21,4
パ,埼玉西武ライオンズ,平良 海馬,,投手,左,0.224,250,56,2,56,23,3
パ,埼玉西武ライオンズ,冨士 大和,,投手,右,0.625,8,5,1,1,0,0
パ,埼玉西武ライオンズ,冨士 大和,,投手,左,0.400,5,2,0,2,1,0
パ,埼玉西武ライオンズ,豆田 泰志,,投手,右,0.263,57,15,0,15,6,0
パ,埼玉西武ライオンズ,豆田 泰志,,投手,左,0.193,57,11,0,11,5,0
パ,埼玉西武ライオンズ,菅井 信也,,投手,右,0.258,66,17,1,9,4,0
パ,埼玉西武ライオンズ,菅井 信也,,投手,左,0.200,75,15,1,11,11,2
パ,埼玉西武ライオンズ,佐藤 爽,,投手,右,0.257,74,19,5,13,6,1
パ,埼玉西武ライオンズ,佐藤 爽,,投手,左,0.203,64,13,0,11,4,1
パ,埼玉西武ライオンズ,浜屋 将太,,投手,右,0.227,22,5,0,6,5,0
パ,埼玉西武ライオンズ,浜屋 将太,,投手,左,0.317,41,13,0,7,8,0
パ,埼玉西武ライオンズ,上間 永遠,,投手,右,,0,0,0,0,0,0
パ,埼玉西武ライオンズ,上間 永遠,,投手,左,,0,0,0,0,0,0
パ,埼玉西武ライオンズ,佐々木 健,,投手,右,,0,0,0,0,0,0
パ,埼玉西武ライオンズ,佐々木 健,,投手,左,,0,0,0,0,0,0
パ,埼玉西武ライオンズ,宮澤 太成,,投手,右,,0,0,0,0,0,0
パ,埼玉西武ライオンズ,宮澤 太成,,投手,左,,0,0,0,0,0,0
パ,埼玉西武ライオンズ,斎藤 佳紳,,投手,右,,0,0,0,0,0,0
パ,埼玉西武ライオンズ,斎藤 佳紳,,投手,左,,0,0,0,0,0,0
パ,埼玉西武ライオンズ,三浦 大輝,,投手,右,,0,0,0,0,0,0
パ,埼玉西武ライオンズ,三浦 大輝,,投手,左,,0,0,0,0,0,0
パ,埼玉西武ライオンズ,濱岡 蒼太,,投手,右,,0,0,0,0,0,0
パ,埼玉西武ライオンズ,濱岡 蒼太,,投手,左,,0,0,0,0,0,0
パ,埼玉西武ライオンズ,シンクレア,,投手,右,,0,0,0,0,0,0
パ,埼玉西武ライオンズ,シンクレア,,投手,左,,0,0,0,0,0,0
パ,埼玉西武ライオンズ,平口 寛人,,投手,右,,0,0,0,0,0,0
パ,埼玉西武ライオンズ,平口 寛人,,投手,左,,0,0,0,0,0,0
パ,埼玉西武ライオンズ,川下 将勲,,投手,右,,0,0,0,0,0,0
パ,埼玉西武ライオンズ,川下 将勲,,投手,左,,0,0,0,0,0,0
パ,埼玉西武ライオンズ,木瀬 翔太,,投手,右,,0,0,0,0,0,0
パ,埼玉西武ライオンズ,木瀬 翔太,,投手,左,,0,0,0,0,0,0
パ,埼玉西武ライオンズ,正木 悠馬,,投手,右,,0,0,0,0,0,0
パ,埼玉西武ライオンズ,正木 悠馬,,投手,左,,0,0,0,0,0,0
パ,埼玉西武ライオンズ,高橋 礼,,投手,右,,0,0,0,0,0,0
パ,埼玉西武ライオンズ,高橋 礼,,投手,左,,0,0,0,0,0,0
パ,埼玉西武ライオンズ,ムサ,,投手,右,,0,0,0,0,0,0
パ,埼玉西武ライオンズ,ムサ,,投手,左,,0,0,0,0,0,0
パ,埼玉西武ライオンズ,フレッド,,投手,右,,0,0,0,0,0,0
パ,埼玉西武ライオンズ,フレッド,,投手,左,,0,0,0,0,0,0
パ,埼玉西武ライオンズ,ゴンザレス,,投手,右,,0,0,0,0,0,0
パ,埼玉西武ライオンズ,ゴンザレス,,投手,左,,0,0,0,0,0,0
パ,埼玉西武ライオンズ,オリバー,,投手,右,,0,0,0,0,0,0
パ,埼玉西武ライオンズ,オリバー,,投手,左,,0,0,0,0,0,0
パ,埼玉西武ライオンズ,モーレ,,投手,右,,0,0,0,0,0,0
パ,埼玉西武ライオンズ,モーレ,,投手,左,,0,0,0,0,0,0
パ,東北楽天ゴールデンイーグルス,岸 孝之,,投手,右,0.260,104,27,4,21,9,1
パ,東北楽天ゴールデンイーグルス,岸 孝之,,投手,左,0.194,98,19,1,18,5,0
パ,東北楽天ゴールデンイーグルス,藤原 聡大,,投手,右,0.500,34,17,2,4,4,1
パ,東北楽天ゴールデンイーグルス,藤原 聡大,,投手,左,0.281,57,16,1,12,5,2
パ,東北楽天ゴールデンイーグルス,コントレラス,,投手,右,0.346,26,9,2,2,3,1
パ,東北楽天ゴールデンイーグルス,コントレラス,,投手,左,0.250,24,6,1,3,7,1
パ,東北楽天ゴールデンイーグルス,古謝 樹,,投手,右,0.249,189,47,5,37,18,1
パ,東北楽天ゴールデンイーグルス,古謝 樹,,投手,左,0.254,177,45,5,47,10,4
パ,東北楽天ゴールデンイーグルス,前田 健太,,投手,右,0.237,114,27,3,27,5,0
パ,東北楽天ゴールデンイーグルス,前田 健太,,投手,左,0.228,123,28,1,23,13,0
パ,東北楽天ゴールデンイーグルス,荘司 康誠,,投手,右,0.272,213,58,10,64,14,2
パ,東北楽天ゴールデンイーグルス,荘司 康誠,,投手,左,0.235,281,66,9,77,20,1
パ,東北楽天ゴールデンイーグルス,伊藤 樹,,投手,右,0.150,20,3,0,4,3,0
パ,東北楽天ゴールデンイーグルス,伊藤 樹,,投手,左,0.300,30,9,0,9,6,0
パ,東北楽天ゴールデンイーグルス,早川 隆久,,投手,右,0.190,237,45,10,73,19,0
パ,東北楽天ゴールデンイーグルス,早川 隆久,,投手,左,0.222,230,51,4,46,12,1
パ,東北楽天ゴールデンイーグルス,ウレーニャ,,投手,右,0.289,83,24,2,15,6,3
パ,東北楽天ゴールデンイーグルス,ウレーニャ,,投手,左,0.282,142,40,3,24,17,3
パ,東北楽天ゴールデンイーグルス,マルテ,,投手,右,0.211,19,4,0,4,1,0
パ,東北楽天ゴールデンイーグルス,マルテ,,投手,左,0.136,22,3,1,9,0,0
パ,東北楽天ゴールデンイーグルス,中込 陽翔,,投手,右,0.160,25,4,0,4,5,3
パ,東北楽天ゴールデンイーグルス,中込 陽翔,,投手,左,0.400,30,12,3,4,2,1
パ,東北楽天ゴールデンイーグルス,酒居 知史,,投手,右,,0,0,0,0,0,0
パ,東北楽天ゴールデンイーグルス,酒居 知史,,投手,左,,0,0,0,0,0,0
パ,東北楽天ゴールデンイーグルス,田中 千晴,,投手,右,0.292,24,7,0,6,5,1
パ,東北楽天ゴールデンイーグルス,田中 千晴,,投手,左,0.316,38,12,0,12,6,0
パ,東北楽天ゴールデンイーグルス,渡辺 翔太,,投手,右,0.438,16,7,0,2,1,1
パ,東北楽天ゴールデンイーグルス,渡辺 翔太,,投手,左,0.364,11,4,0,0,2,0
パ,東北楽天ゴールデンイーグルス,江原 雅裕,,投手,右,0.273,11,3,0,5,2,0
パ,東北楽天ゴールデンイーグルス,江原 雅裕,,投手,左,0.429,14,6,0,3,2,0
パ,東北楽天ゴールデンイーグルス,加治屋 蓮,,投手,右,0.296,81,24,1,23,9,2
パ,東北楽天ゴールデンイーグルス,加治屋 蓮,,投手,左,0.236,72,17,1,12,4,4
パ,東北楽天ゴールデンイーグルス,宋 家豪,,投手,右,0.577,26,15,1,1,2,0
パ,東北楽天ゴールデンイーグルス,宋 家豪,,投手,左,0.342,38,13,1,7,2,0
パ,東北楽天ゴールデンイーグルス,九谷 瑠,,投手,右,0.193,57,11,1,14,7,0
パ,東北楽天ゴールデンイーグルス,九谷 瑠,,投手,左,0.174,69,12,1,21,7,1
パ,東北楽天ゴールデンイーグルス,藤平 尚真,,投手,右,0.292,65,19,1,22,5,0
パ,東北楽天ゴールデンイーグルス,藤平 尚真,,投手,左,0.133,75,10,1,19,4,0
パ,東北楽天ゴールデンイーグルス,藤井 聖,,投手,右,0.294,85,25,1,11,4,1
パ,東北楽天ゴールデンイーグルス,藤井 聖,,投手,左,0.261,88,23,3,16,4,1
パ,東北楽天ゴールデンイーグルス,西垣 雅矢,,投手,右,0.222,54,12,1,19,5,0
パ,東北楽天ゴールデンイーグルス,西垣 雅矢,,投手,左,0.369,65,24,4,16,11,2
パ,東北楽天ゴールデンイーグルス,津留﨑 大成,,投手,右,0.191,47,9,2,15,6,1
パ,東北楽天ゴールデンイーグルス,津留﨑 大成,,投手,左,0.196,46,9,0,9,6,1
パ,東北楽天ゴールデンイーグルス,坂井 陽翔,,投手,右,,0,0,0,0,0,0
パ,東北楽天ゴールデンイーグルス,坂井 陽翔,,投手,左,,0,0,0,0,0,0
パ,東北楽天ゴールデンイーグルス,日當 直喜,,投手,右,0.308,13,4,1,1,0,0
パ,東北楽天ゴールデンイーグルス,日當 直喜,,投手,左,0.308,13,4,0,3,2,0
パ,東北楽天ゴールデンイーグルス,鈴木 翔天,,投手,右,0.306,36,11,2,10,6,0
パ,東北楽天ゴールデンイーグルス,鈴木 翔天,,投手,左,0.274,62,17,1,17,7,1
パ,東北楽天ゴールデンイーグルス,瀧中 瞭太,,投手,右,0.249,181,45,4,26,12,4
パ,東北楽天ゴールデンイーグルス,瀧中 瞭太,,投手,左,0.282,213,60,5,30,18,3
パ,東北楽天ゴールデンイーグルス,辛島 航,,投手,右,,0,0,0,0,0,0
パ,東北楽天ゴールデンイーグルス,辛島 航,,投手,左,,0,0,0,0,0,0
パ,東北楽天ゴールデンイーグルス,泰 勝利,,投手,右,0.190,42,8,2,15,4,1
パ,東北楽天ゴールデンイーグルス,泰 勝利,,投手,左,0.133,30,4,0,10,11,0
パ,東北楽天ゴールデンイーグルス,古賀 康誠,,投手,右,0.500,2,1,0,1,0,0
パ,東北楽天ゴールデンイーグルス,古賀 康誠,,投手,左,0.500,4,2,0,0,0,0
パ,東北楽天ゴールデンイーグルス,西口 直人,,投手,右,0.167,6,1,0,2,0,0
パ,東北楽天ゴールデンイーグルス,西口 直人,,投手,左,0.143,7,1,0,3,0,0
パ,東北楽天ゴールデンイーグルス,林 優樹,,投手,右,,0,0,0,0,0,0
パ,東北楽天ゴールデンイーグルス,林 優樹,,投手,左,,0,0,0,0,0,0
パ,東北楽天ゴールデンイーグルス,今野 龍太,,投手,右,,0,0,0,0,0,0
パ,東北楽天ゴールデンイーグルス,今野 龍太,,投手,左,,0,0,0,0,0,0
パ,東北楽天ゴールデンイーグルス,大内 誠弥,,投手,右,,0,0,0,0,0,0
パ,東北楽天ゴールデンイーグルス,大内 誠弥,,投手,左,,0,0,0,0,0,0
パ,東北楽天ゴールデンイーグルス,内 星龍,,投手,右,0.238,63,15,2,18,6,0
パ,東北楽天ゴールデンイーグルス,内 星龍,,投手,左,0.200,55,11,2,7,8,0
パ,東北楽天ゴールデンイーグルス,柴田 大地,,投手,右,0.303,33,10,3,11,9,1
パ,東北楽天ゴールデンイーグルス,柴田 大地,,投手,左,0.245,49,12,0,11,11,0
パ,東北楽天ゴールデンイーグルス,伊藤 大晟,,投手,右,,0,0,0,0,0,0
パ,東北楽天ゴールデンイーグルス,伊藤 大晟,,投手,左,,0,0,0,0,0,0
パ,東北楽天ゴールデンイーグルス,德山 一翔,,投手,右,,0,0,0,0,0,0
パ,東北楽天ゴールデンイーグルス,德山 一翔,,投手,左,,0,0,0,0,0,0
パ,東北楽天ゴールデンイーグルス,松田 啄磨,,投手,右,,0,0,0,0,0,0
パ,東北楽天ゴールデンイーグルス,松田 啄磨,,投手,左,,0,0,0,0,0,0
パ,東北楽天ゴールデンイーグルス,中沢 匠磨,,投手,右,,0,0,0,0,0,0
パ,東北楽天ゴールデンイーグルス,中沢 匠磨,,投手,左,,0,0,0,0,0,0
パ,東北楽天ゴールデンイーグルス,蕭 齊,,投手,右,,0,0,0,0,0,0
パ,東北楽天ゴールデンイーグルス,蕭 齊,,投手,左,,0,0,0,0,0,0
パ,千葉ロッテマリーンズ,カスティーヨ,,投手,右,0.444,9,4,0,2,1,0
パ,千葉ロッテマリーンズ,カスティーヨ,,投手,左,0.000,11,0,0,0,0,0
パ,千葉ロッテマリーンズ,毛利 海大,,投手,右,0.252,131,33,5,17,17,0
パ,千葉ロッテマリーンズ,毛利 海大,,投手,左,0.301,146,44,3,27,8,1
パ,千葉ロッテマリーンズ,小島 和哉,,投手,右,0.247,219,54,8,48,18,3
パ,千葉ロッテマリーンズ,小島 和哉,,投手,左,0.247,146,36,3,28,12,4
パ,千葉ロッテマリーンズ,横山 陸人,,投手,右,0.163,80,13,0,21,10,1
パ,千葉ロッテマリーンズ,横山 陸人,,投手,左,0.258,89,23,2,12,9,3
パ,千葉ロッテマリーンズ,種市 篤暉,,投手,右,0.300,10,3,0,2,0,0
パ,千葉ロッテマリーンズ,種市 篤暉,,投手,左,0.167,18,3,0,5,0,0
パ,千葉ロッテマリーンズ,石垣 元気,,投手,右,,0,0,0,0,0,0
パ,千葉ロッテマリーンズ,石垣 元気,,投手,左,,0,0,0,0,0,0
パ,千葉ロッテマリーンズ,唐川 侑己,,投手,右,0.364,11,4,2,2,0,0
パ,千葉ロッテマリーンズ,唐川 侑己,,投手,左,0.111,9,1,1,2,1,0
パ,千葉ロッテマリーンズ,石川 柊太,,投手,右,0.174,23,4,1,3,2,1
パ,千葉ロッテマリーンズ,石川 柊太,,投手,左,0.318,22,7,1,4,4,0
パ,千葉ロッテマリーンズ,東妻 勇輔,,投手,右,0.375,8,3,0,0,0,0
パ,千葉ロッテマリーンズ,東妻 勇輔,,投手,左,0.800,5,4,0,0,1,0
パ,千葉ロッテマリーンズ,菊地 吏玖,,投手,右,0.333,6,2,1,0,1,0
パ,千葉ロッテマリーンズ,菊地 吏玖,,投手,左,0.333,6,2,0,0,1,0
パ,千葉ロッテマリーンズ,西野 勇士,,投手,右,0.250,60,15,4,11,2,0
パ,千葉ロッテマリーンズ,西野 勇士,,投手,左,0.289,76,22,1,7,5,0
パ,千葉ロッテマリーンズ,廣畑 敦也,,投手,右,0.333,12,4,2,3,0,1
パ,千葉ロッテマリーンズ,廣畑 敦也,,投手,左,0.360,25,9,1,0,2,1
パ,千葉ロッテマリーンズ,大谷 輝龍,,投手,右,,0,0,0,0,0,0
パ,千葉ロッテマリーンズ,大谷 輝龍,,投手,左,,0,0,0,0,0,0
パ,千葉ロッテマリーンズ,八木 彬,,投手,右,0.158,95,15,1,21,4,3
パ,千葉ロッテマリーンズ,八木 彬,,投手,左,0.193,88,17,1,18,8,0
パ,千葉ロッテマリーンズ,高野 脩汰,,投手,右,0.237,76,18,4,24,7,1
パ,千葉ロッテマリーンズ,高野 脩汰,,投手,左,0.209,86,18,1,19,9,0
パ,千葉ロッテマリーンズ,田中 晴也,,投手,右,0.317,120,38,6,33,12,2
パ,千葉ロッテマリーンズ,田中 晴也,,投手,左,0.194,155,30,2,27,15,1
パ,千葉ロッテマリーンズ,坂本 光士郎,,投手,右,0.213,47,10,0,16,6,0
パ,千葉ロッテマリーンズ,坂本 光士郎,,投手,左,0.269,52,14,1,15,8,3
パ,千葉ロッテマリーンズ,小野 郁,,投手,右,0.230,61,14,3,15,2,1
パ,千葉ロッテマリーンズ,小野 郁,,投手,左,0.203,69,14,0,19,8,1
パ,千葉ロッテマリーンズ,奥村 頼人,,投手,右,,0,0,0,0,0,0
パ,千葉ロッテマリーンズ,奥村 頼人,,投手,左,,0,0,0,0,0,0
パ,千葉ロッテマリーンズ,一條 力真,,投手,右,,0,0,0,0,0,0
パ,千葉ロッテマリーンズ,一條 力真,,投手,左,,0,0,0,0,0,0
パ,千葉ロッテマリーンズ,ジャクソン,,投手,右,0.221,235,52,8,56,30,2
パ,千葉ロッテマリーンズ,ジャクソン,,投手,左,0.227,269,61,5,70,24,6
パ,千葉ロッテマリーンズ,冨士 隼斗,,投手,右,,0,0,0,0,0,0
パ,千葉ロッテマリーンズ,冨士 隼斗,,投手,左,,0,0,0,0,0,0
パ,千葉ロッテマリーンズ,鈴木 昭汰,,投手,右,0.247,77,19,3,17,5,0
パ,千葉ロッテマリーンズ,鈴木 昭汰,,投手,左,0.191,89,17,1,21,7,1
パ,千葉ロッテマリーンズ,ルケーシー,,投手,右,0.050,20,1,0,4,2,0
パ,千葉ロッテマリーンズ,ルケーシー,,投手,左,0.125,16,2,0,4,4,0
パ,千葉ロッテマリーンズ,益田 直也,,投手,右,0.277,47,13,2,8,3,0
パ,千葉ロッテマリーンズ,益田 直也,,投手,左,0.174,69,12,2,10,7,2
パ,千葉ロッテマリーンズ,木村 優人,,投手,右,0.167,30,5,1,5,5,0
パ,千葉ロッテマリーンズ,木村 優人,,投手,左,0.300,30,9,2,6,2,0
パ,千葉ロッテマリーンズ,澤田 圭佑,,投手,右,0.254,71,18,4,21,6,0
パ,千葉ロッテマリーンズ,澤田 圭佑,,投手,左,0.200,70,14,2,13,1,1
パ,千葉ロッテマリーンズ,中森 俊介,,投手,右,0.228,57,13,3,15,6,0
パ,千葉ロッテマリーンズ,中森 俊介,,投手,左,0.179,67,12,0,13,2,0
パ,千葉ロッテマリーンズ,河村 説人,,投手,右,0.284,81,23,6,9,5,1
パ,千葉ロッテマリーンズ,河村 説人,,投手,左,0.300,90,27,2,9,6,1
パ,千葉ロッテマリーンズ,早坂 響,,投手,右,,0,0,0,0,0,0
パ,千葉ロッテマリーンズ,早坂 響,,投手,左,,0,0,0,0,0,0
パ,千葉ロッテマリーンズ,大聖,,投手,右,,0,0,0,0,0,0
パ,千葉ロッテマリーンズ,大聖,,投手,左,0.600,5,3,0,1,0,0
パ,千葉ロッテマリーンズ,坂井 遼,,投手,右,,0,0,0,0,0,0
パ,千葉ロッテマリーンズ,坂井 遼,,投手,左,,0,0,0,0,0,0
パ,千葉ロッテマリーンズ,廣池 康志郎,,投手,右,0.259,135,35,5,24,6,4
パ,千葉ロッテマリーンズ,廣池 康志郎,,投手,左,0.273,198,54,5,33,16,3
パ,千葉ロッテマリーンズ,宮﨑 颯,,投手,右,0.333,9,3,1,2,1,1
パ,千葉ロッテマリーンズ,宮﨑 颯,,投手,左,0.313,16,5,0,2,0,1
パ,千葉ロッテマリーンズ,ロング,,投手,右,0.252,107,27,3,19,13,0
パ,千葉ロッテマリーンズ,ロング,,投手,左,0.336,146,49,6,26,14,3
パ,千葉ロッテマリーンズ,吉川 悠斗,,投手,右,0.313,16,5,0,2,2,0
パ,千葉ロッテマリーンズ,吉川 悠斗,,投手,左,0.286,21,6,1,5,6,0
パ,千葉ロッテマリーンズ,森 遼大朗,,投手,右,,0,0,0,0,0,0
パ,千葉ロッテマリーンズ,森 遼大朗,,投手,左,,0,0,0,0,0,0
パ,千葉ロッテマリーンズ,髙橋 快秀,,投手,右,0.111,9,1,0,1,2,0
パ,千葉ロッテマリーンズ,髙橋 快秀,,投手,左,0.455,11,5,1,1,1,0
パ,千葉ロッテマリーンズ,本前 郁也,,投手,右,,0,0,0,0,0,0
パ,千葉ロッテマリーンズ,本前 郁也,,投手,左,,0,0,0,0,0,0
パ,千葉ロッテマリーンズ,秋山 正雲,,投手,右,,0,0,0,0,0,0
パ,千葉ロッテマリーンズ,秋山 正雲,,投手,左,,0,0,0,0,0,0
パ,千葉ロッテマリーンズ,中村 亮太,,投手,右,,0,0,0,0,0,0
パ,千葉ロッテマリーンズ,中村 亮太,,投手,左,,0,0,0,0,0,0
パ,千葉ロッテマリーンズ,永島田 輝斗,,投手,右,,0,0,0,0,0,0
パ,千葉ロッテマリーンズ,永島田 輝斗,,投手,左,,0,0,0,0,0,0
パ,千葉ロッテマリーンズ,中山 優人,,投手,右,,0,0,0,0,0,0
パ,千葉ロッテマリーンズ,中山 優人,,投手,左,,0,0,0,0,0,0
パ,千葉ロッテマリーンズ,茨木 佑太,,投手,右,,0,0,0,0,0,0
パ,千葉ロッテマリーンズ,茨木 佑太,,投手,左,,0,0,0,0,0,0
パ,千葉ロッテマリーンズ,長島 幸佑,,投手,右,,0,0,0,0,0,0
パ,千葉ロッテマリーンズ,長島 幸佑,,投手,左,,0,0,0,0,0,0
パ,千葉ロッテマリーンズ,武内 涼太,,投手,右,,0,0,0,0,0,0
パ,千葉ロッテマリーンズ,武内 涼太,,投手,左,,0,0,0,0,0,0
パ,千葉ロッテマリーンズ,ラドニー,,投手,右,,0,0,0,0,0,0
パ,千葉ロッテマリーンズ,ラドニー,,投手,左,,0,0,0,0,0,0