選手名,チーム,試合,打率,本塁打,打点,安打,盗塁,出塁率,長打率,OPS,打席
赤星 優志,巨人,42,0,0,0,0,0,0,0,0,3
浅野 翔吾,巨人,9,0.185,1,1,5,0,0.214,0.333,0.547,28
石川 達也,巨人,7,0,0,0,0,0,0,0,0,0
石塚 裕惺,巨人,47,0.219,0,9,25,0,0.308,0.289,0.597,132
泉口 友汰,巨人,125,0.268,8,49,118,9,0.346,0.391,0.737,506
泉 圭輔,巨人,15,0,0,0,0,0,0,0,0,0
井上 温大,巨人,22,0.053,0,2,2,0,0.05,0.053,0.103,44
ウィットリー,巨人,14,0.045,0,1,1,0,0.125,0.045,0.17,26
宇都宮 葵星,巨人,6,0.5,0,0,1,0,0.5,0.5,1,2
浦田 俊輔,巨人,118,0.271,0,27,114,36,0.332,0.31,0.642,474
大城 卓三,巨人,108,0.265,10,43,87,0,0.34,0.433,0.773,369
岡田 悠希,巨人,3,0.143,0,1,1,0,0.25,0.143,0.393,8
小笠原 慎之介,巨人,11,0.238,0,2,5,0,0.238,0.429,0.667,23
甲斐 拓也,巨人,13,0.1,2,2,2,0,0.143,0.4,0.543,22
門脇 誠,巨人,70,0.167,0,5,10,3,0.231,0.233,0.464,68
キャベッジ,巨人,103,0.235,13,29,81,4,0.286,0.394,0.68,370
岸田 行倫,巨人,58,0.239,4,15,43,0,0.294,0.328,0.622,201
北浦 竜次,巨人,13,0,0,0,0,0,0,0,0,0
小濱 佑斗,巨人,31,0.2,1,9,11,0,0.254,0.309,0.563,59
小林 誠司,巨人,19,0.091,0,0,1,0,0.231,0.182,0.413,13
坂本 勇人,巨人,66,0.176,5,19,27,0,0.262,0.307,0.569,172
佐々木 俊輔,巨人,119,0.26,10,39,88,9,0.325,0.41,0.735,376
笹原 操希,巨人,42,0.216,2,15,21,1,0.262,0.361,0.623,104
代木 大和,巨人,12,0,0,0,0,0,0.5,0,0.5,2
鈴木 大和,巨人,12,0.263,0,5,5,1,0.364,0.316,0.68,22
ダルベック,巨人,132,0.255,25,81,124,0,0.318,0.462,0.78,538
大勢,巨人,32,0,0,0,0,0,0,0,0,0
高梨 雄平,巨人,18,0,0,0,0,0,0,0,0,0
竹丸 和幸,巨人,21,0.067,0,2,2,0,0.125,0.067,0.192,36
田中 瑛斗,巨人,60,0,0,0,0,0,0,0,0,0
田中 将大,巨人,13,0,0,0,0,0,0,0,0,24
田和 廉,巨人,32,0,0,0,0,0,0,0,0,0
知念 大成,巨人,15,0.276,0,2,8,0,0.276,0.31,0.586,29
ティマ,巨人,14,0.091,0,0,3,0,0.091,0.091,0.182,33
戸郷 翔征,巨人,13,0.188,0,1,3,0,0.235,0.25,0.485,20
中川 皓太,巨人,48,0,0,0,0,0,0,0,0,0
中山 礼都,巨人,60,0.191,2,16,27,3,0.255,0.27,0.525,157
西舘 勇陽,巨人,12,0.071,0,0,1,0,0.071,0.071,0.142,14
則本 昂大,巨人,17,0.091,0,0,1,0,0.091,0.091,0.182,13
ハワード,巨人,7,0,0,0,0,0,0,0,0,11
バルドナード,巨人,2,0,0,0,0,0,0,0,0,0
萩尾 匡也,巨人,7,0,0,0,0,1,0.143,0,0.143,7
平山 功太,巨人,37,0.255,3,11,28,5,0.299,0.391,0.69,117
船迫 大雅,巨人,48,0,0,0,0,0,0,0,0,0
平内 龍太,巨人,8,0,0,0,0,0,0,0,0,0
堀田 賢慎,巨人,38,0,0,0,0,0,0,0,0,0
マタ,巨人,7,0,0,0,0,0,0.077,0,0.077,14
マルティネス,巨人,55,0,0,0,0,0,0,0,0,0
増田 大輝,巨人,34,0.25,0,0,4,2,0.25,0.25,0.5,19
増田 陸,巨人,59,0.234,6,16,36,1,0.265,0.39,0.655,163
又木 鉄平,巨人,5,0,0,0,0,0,0,0,0,4
松本 剛,巨人,127,0.281,3,25,114,17,0.333,0.346,0.679,450
丸 佳浩,巨人,70,0.223,2,20,25,1,0.341,0.33,0.671,132
皆川 岳飛,巨人,14,0.125,0,0,2,0,0.176,0.125,0.301,17
宮原 駿介,巨人,5,0,0,0,0,0,0,0,0,0
森田 駿哉,巨人,31,0,0,0,0,0,0.333,0,0.333,3
山﨑 伊織,巨人,5,0.1,0,0,1,0,0.182,0.2,0.382,12
山城 京平,巨人,1,0,0,0,0,0,0,0,0,0
山瀬 慎之助,巨人,10,0.2,1,2,4,0,0.2,0.4,0.6,20
山田 龍聖,巨人,2,0,0,0,0,0,0,0,0,0
湯浅 大,巨人,4,0,0,0,0,0,0,0,0,2
吉川 尚輝,巨人,48,0.238,1,9,38,6,0.303,0.275,0.578,176
リチャード,巨人,10,0.1,1,3,2,0,0.308,0.3,0.608,26
ルシアーノ,巨人,12,0,0,0,0,0,0,0,0,0
若林 楽人,巨人,21,0.179,0,0,5,0,0.207,0.214,0.421,29
石井 大智,阪神,8,0,0,0,0,0,0,0,0,0
石黒 佑弥,阪神,13,0,0,0,0,0,0,0,0,1
井坪 陽生,阪神,2,0,0,0,0,0,0,0,0,2
伊藤 将司,阪神,11,0.118,0,2,2,0,0.118,0.176,0.294,17
糸原 健斗,阪神,15,0.067,0,0,1,0,0.067,0.133,0.2,15
伊原 陵人,阪神,8,0.25,0,1,3,0,0.25,0.25,0.5,14
茨木 秀俊,阪神,3,0,0,0,0,0,0.25,0,0.25,4
岩貞 祐太,阪神,1,0,0,0,0,0,0,0,0,0
岩崎 優,阪神,45,0,0,0,0,0,0,0,0,0
植田 海,阪神,26,0.333,0,1,1,5,0.667,0.333,1,6
梅野 隆太郎,阪神,24,0.182,1,3,12,1,0.236,0.258,0.494,74
大竹 耕太郎,阪神,17,0.154,0,0,4,0,0.154,0.154,0.308,29
大山 悠輔,阪神,134,0.282,18,81,137,0,0.364,0.445,0.809,563
岡城 快生,阪神,15,0.152,0,1,5,0,0.176,0.212,0.388,34
岡留 英貴,阪神,10,0,0,0,0,0,0,0,0,0
小野寺 暖,阪神,21,0.125,0,1,2,0,0.125,0.125,0.25,16
小幡 竜平,阪神,36,0.213,0,4,20,1,0.267,0.245,0.512,104
及川 雅貴,阪神,43,0,0,0,0,0,0,0,0,0
ガルシア,阪神,19,0.129,2,7,4,0,0.229,0.355,0.584,35
木浪 聖也,阪神,59,0.22,1,17,31,1,0.27,0.262,0.532,152
木下 里都,阪神,42,0,0,0,0,0,0,0,0,1
桐敷 拓馬,阪神,23,0,0,0,0,0,0,0,0,0
工藤 泰成,阪神,53,0,0,0,0,0,0,0,0,0
熊谷 敬宥,阪神,74,0.219,0,13,35,5,0.247,0.256,0.503,174
今朝丸 裕喜,阪神,3,0,0,0,0,0,0,0,0,3
才木 浩人,阪神,24,0.103,0,1,4,0,0.146,0.103,0.249,50
榮枝 裕貴,阪神,2,0,0,0,0,0,0,0,0,1
坂本 誠志郎,阪神,94,0.194,9,35,52,2,0.266,0.328,0.594,306
佐藤 輝明,阪神,136,0.315,37,100,161,8,0.392,0.62,1.012,584
椎葉 剛,阪神,4,0,0,0,0,0,0,0,0,1
島田 海吏,阪神,5,0,0,0,0,0,0,0,0,3
嶋村 麟士朗,阪神,30,0.195,1,5,8,0,0.195,0.268,0.463,41
下村 海翔,阪神,8,0,0,1,0,0,0.083,0,0.083,12
神宮 僚介,阪神,16,0,0,0,0,0,0,0,0,1
セベリーノ,阪神,19,0,0,0,0,0,0,0,0,0
髙寺 望夢,阪神,121,0.216,3,23,66,12,0.309,0.284,0.593,354
髙橋 遥人,阪神,22,0.143,0,1,7,0,0.143,0.163,0.306,56
立石 正広,阪神,38,0.192,2,10,24,1,0.205,0.256,0.461,127
谷端 将伍,阪神,1,0,0,0,0,0,0,0,0,3
近本 光司,阪神,83,0.307,5,16,106,10,0.368,0.397,0.765,380
津田 淳哉,阪神,9,0,0,0,0,0,0,0,0,0
ディベイニー,阪神,10,0.071,0,0,1,0,0.133,0.071,0.204,15
ドリス,阪神,51,0,0,0,0,0,0,0,0,0
富田 蓮,阪神,1,0,0,0,0,0,0,0,0,0
豊田 寛,阪神,4,0,0,0,0,0,0.25,0,0.25,4
中川 勇斗,阪神,10,0.053,0,2,1,0,0.25,0.105,0.355,25
中野 拓夢,阪神,136,0.287,0,23,140,9,0.338,0.32,0.658,557
西 勇輝,阪神,8,0,0,0,0,0,0,0,0,12
畠 世周,阪神,11,0,0,0,0,0,0,0,0,0
濱田 太貴,阪神,19,0.16,1,2,4,0,0.222,0.28,0.502,27
早川 太貴,阪神,9,0,0,0,0,0,0,0,0,2
福島 圭音,阪神,70,0.23,0,4,31,6,0.307,0.289,0.596,152
伏見 寅威,阪神,49,0.213,0,16,26,0,0.281,0.238,0.519,139
前川 右京,阪神,74,0.22,5,20,41,0,0.307,0.36,0.667,212
村上 頌樹,阪神,26,0.063,0,0,3,0,0.082,0.083,0.165,57
モレッタ,阪神,19,0,0,0,0,0,0,0,0,0
元山 飛優,阪神,51,0.254,0,7,35,3,0.34,0.268,0.608,166
百﨑 蒼生,阪神,2,0,0,0,0,0,0,0,0,2
森下 翔太,阪神,136,0.292,35,83,147,3,0.388,0.563,0.951,590
門別 啓人,阪神,11,0,0,0,0,0,0,0,0,2
湯浅 京己,阪神,25,0,0,0,0,0,0,0,0,0
ルーカス,阪神,6,0,0,0,0,0,0,0,0,7
東 克樹,DeNA,24,0.038,0,0,2,0,0.038,0.038,0.076,58
石上 泰輝,DeNA,33,0.195,0,4,16,1,0.239,0.268,0.507,92
石田 健大,DeNA,10,0,0,0,0,0,0,0,0,0
石田 裕太郎,DeNA,20,0.091,0,2,3,0,0.091,0.091,0.182,38
伊勢 大夢,DeNA,51,0,0,0,0,0,0,0,0,0
井上 絢登,DeNA,3,0,0,0,0,0,0,0,0,3
井上 朋也,DeNA,20,0.22,2,6,9,0,0.273,0.39,0.663,44
入江 大生,DeNA,7,0.167,0,2,1,0,0.167,0.333,0.5,9
岩田 将貴,DeNA,26,0,0,0,0,0,0,0,0,0
エンカーナシオン,DeNA,61,0.289,11,38,65,1,0.319,0.493,0.812,238
蝦名 達夫,DeNA,101,0.242,5,27,82,6,0.312,0.345,0.657,377
尾形 崇斗,DeNA,16,0.091,0,0,2,0,0.091,0.091,0.182,25
小田 康一郎,DeNA,6,0,0,0,0,0,0.091,0,0.091,11
梶原 昂希,DeNA,28,0.203,1,5,13,2,0.292,0.328,0.62,73
片山 皓心,DeNA,8,0,0,0,0,0,0,0,0,13
勝又 温史,DeNA,105,0.284,4,33,95,3,0.319,0.352,0.671,356
加藤 響,DeNA,1,0,0,0,0,0,0,0,0,1
神里 和毅,DeNA,65,0.105,0,1,2,1,0.227,0.211,0.438,23
京田 陽太,DeNA,51,0.22,1,11,26,1,0.264,0.28,0.544,127
九鬼 隆平,DeNA,9,0.222,0,0,2,0,0.222,0.333,0.555,9
コックス,DeNA,2,0,0,0,0,0,0,0,0,4
坂本 裕哉,DeNA,32,0,0,0,0,0,0,0,0,0
佐々木 千隼,DeNA,5,0,0,0,0,0,0,0,0,0
佐野 恵太,DeNA,126,0.264,8,52,121,0,0.339,0.386,0.725,511
篠木 健太郎,DeNA,13,0.174,0,0,4,0,0.208,0.174,0.382,26
柴田 竜拓,DeNA,46,0.091,0,1,1,0,0.083,0.091,0.174,15
島田 舜也,DeNA,4,0,0,0,0,0,0.25,0,0.25,6
庄司 陽斗,DeNA,1,0,0,0,0,0,0,0,0,1
関根 大気,DeNA,7,0.19,0,2,4,0,0.19,0.238,0.428,21
平良 拳太郎,DeNA,20,0,0,0,0,0,0.1,0,0.1,29
高見澤 郁魅,DeNA,1,0,0,0,0,0,0,0,0,1
竹田 祐,DeNA,8,0.133,0,1,2,0,0.188,0.133,0.321,16
武田 陸玖,DeNA,1,0,0,0,0,0,0,0,0,0
筒香 嘉智,DeNA,96,0.261,20,48,86,0,0.362,0.489,0.851,384
デュプランティエ,DeNA,2,0,0,0,0,0,0,0,0,3
戸柱 恭孝,DeNA,42,0.216,1,8,22,1,0.264,0.304,0.568,110
中川 虎大,DeNA,50,0,0,0,0,0,0,0,0,0
中川 颯,DeNA,6,0.333,0,0,1,0,0.333,0.333,0.666,3
成瀬 脩人,DeNA,25,0.237,0,6,14,0,0.25,0.271,0.521,60
橋本 達弥,DeNA,6,0,0,0,0,0,0,0,0,0
浜地 真澄,DeNA,31,0,0,0,0,0,0,0,0,0
林 琢真,DeNA,74,0.214,2,21,37,6,0.275,0.324,0.599,195
馬場 皐輔,DeNA,11,0,0,0,0,0,0,0,0,0
ヒュンメル,DeNA,59,0.209,5,18,27,0,0.304,0.364,0.668,148
ビシエド,DeNA,21,0.25,1,6,7,0,0.29,0.357,0.647,31
ビド,DeNA,2,0,0,0,0,0,0,0,0,2
深沢 鳳介,DeNA,10,0.056,0,0,1,0,0.105,0.056,0.161,22
藤浪 晋太郎,DeNA,3,0.5,0,0,1,0,0.5,0.5,1,3
古市 尊,DeNA,24,0.328,1,4,19,0,0.371,0.448,0.819,63
堀岡 隼人,DeNA,6,0,0,0,0,0,0,0,0,0
マルセリーノ,DeNA,26,0,0,0,0,0,0,0,0,0
牧 秀悟,DeNA,105,0.283,30,75,115,2,0.364,0.569,0.933,459
益子 京右,DeNA,1,0,0,0,0,0,0,0,0,0
松尾 汐恩,DeNA,87,0.249,4,19,67,1,0.302,0.353,0.655,294
松本 凌人,DeNA,13,0,0,0,0,0,0,0,0,0
三森 大貴,DeNA,69,0.238,0,9,31,16,0.275,0.269,0.544,138
宮城 滝太,DeNA,30,0,0,0,0,0,0,0,0,0
宮﨑 敏郎,DeNA,108,0.256,11,44,85,0,0.332,0.395,0.727,376
宮下 朝陽,DeNA,71,0.258,8,26,54,3,0.302,0.411,0.713,223
森 敬斗,DeNA,3,0.25,0,2,3,0,0.25,0.333,0.583,12
山﨑 康晃,DeNA,23,0,0,0,0,0,0,0,0,0
山本 祐大,DeNA,28,0.227,1,8,20,0,0.346,0.318,0.664,105
吉野 光樹,DeNA,29,0,0,0,0,0,0,0,0,0
ルイーズ,DeNA,44,0,0,0,0,0,0,0,0,0
レイノルズ,DeNA,61,0,0,0,0,0,0,0,0,0
若松 尚輝,DeNA,27,0,0,0,0,0,0,0,0,3
度会 隆輝,DeNA,131,0.273,9,50,125,5,0.332,0.382,0.714,501
アドゥワ 誠,広島,6,0.333,0,0,1,0,0.333,0.333,0.666,3
赤木 晴哉,広島,12,0,0,0,0,0,0,0,0,0
秋山 翔吾,広島,74,0.276,3,15,50,0,0.298,0.376,0.674,191
石原 貴規,広島,63,0.177,1,7,22,0,0.227,0.226,0.453,134
遠藤 淳志,広島,57,0,0,0,0,0,0,0,0,0
大瀬良 大地,広島,14,0.5,0,0,1,0,0.5,0.5,1,2
大盛 穂,広島,119,0.222,6,23,72,12,0.258,0.327,0.585,348
岡本 駿,広島,26,0.05,0,1,1,0,0.095,0.05,0.145,23
勝田 成,広島,102,0.208,0,10,48,5,0.277,0.229,0.506,265
菊地 ハルン,広島,15,0,0,0,0,0,0,0,0,0
菊池 涼介,広島,126,0.238,7,37,105,3,0.307,0.337,0.644,511
工藤 泰己,広島,2,0,0,0,0,0,0,0,0,0
久保 修,広島,19,0.167,0,0,1,1,0.286,0.167,0.453,7
栗林 良吏,広島,18,0.063,0,0,2,0,0.063,0.063,0.126,40
黒原 拓未,広島,10,0,0,0,0,0,0,0,0,0
小園 海斗,広島,101,0.257,1,23,95,4,0.311,0.32,0.631,401
齊藤 汰直,広島,10,0,0,0,0,0,0,0,0,0
斉藤 優汰,広島,7,0.111,0,0,1,0,0.2,0.111,0.311,10
坂倉 将吾,広島,133,0.253,14,70,121,3,0.336,0.392,0.728,545
佐々木 泰,広島,115,0.25,6,23,92,3,0.304,0.334,0.638,399
佐藤 啓介,広島,66,0.217,5,16,28,1,0.277,0.333,0.61,141
島内 颯太郎,広島,12,0,0,0,0,0,0,0,0,0
清水 叶人,広島,2,0,0,0,0,0,0.25,0,0.25,4
末包 昇大,広島,9,0.179,1,2,5,0,0.258,0.321,0.579,31
杉田 健,広島,5,0,0,0,0,0,0,0,0,0
鈴木 健矢,広島,34,0.083,0,1,1,0,0.154,0.083,0.237,14
ターノック,広島,21,0.286,0,0,2,0,0.286,0.429,0.715,10
髙 太一,広島,53,0,0,0,0,0,0,0,0,0
辰見 鴻之介,広島,65,0.136,0,2,3,27,0.174,0.182,0.356,25
玉村 昇悟,広島,14,0.071,0,0,1,0,0.133,0.143,0.276,17
田村 俊介,広島,4,0.083,0,1,1,0,0.083,0.083,0.166,12
辻 大雅,広島,36,0,0,0,0,0,0,0,0,0
常廣 羽也斗,広島,7,0,0,0,0,0,0,0,0,0
床田 寛樹,広島,22,0.171,0,2,7,0,0.19,0.171,0.361,46
中﨑 翔太,広島,27,0,0,0,0,0,0,0,0,0
中村 奨成,広島,51,0.229,2,7,33,0,0.284,0.333,0.617,162
名原 典彦,広島,78,0.25,3,16,65,6,0.29,0.346,0.636,278
西川 篤夢,広島,8,0.143,0,0,1,0,0.143,0.143,0.286,7
野間 峻祥,広島,51,0.209,0,4,19,4,0.311,0.231,0.542,106
ハーン,広島,37,0,0,0,0,0,0,0,0,0
林 晃汰,広島,8,0,0,0,0,0,0.154,0,0.154,13
平川 蓮,広島,29,0.186,1,11,19,0,0.231,0.255,0.486,109
ファビアン,広島,97,0.222,16,37,71,0,0.285,0.409,0.694,355
二俣 翔一,広島,43,0.19,1,5,11,0,0.25,0.293,0.543,66
塹江 敦哉,広島,28,0,0,0,0,0,0,0,0,0
前川 誠太,広島,25,0.095,0,2,2,0,0.208,0.095,0.303,25
益田 武尚,広島,16,0,0,0,0,0,0,0,0,0
松本 竜也,広島,1,0,0,0,0,0,0,0,0,0
モンテロ,広島,119,0.237,13,42,68,0,0.319,0.415,0.734,326
持丸 泰輝,広島,100,0.184,6,18,45,0,0.302,0.282,0.584,297
森 翔平,広島,17,0.043,0,0,1,0,0.12,0.043,0.163,29
森浦 大輔,広島,59,0,0,0,0,0,0,0,0,0
森下 暢仁,広島,22,0.219,0,3,7,0,0.242,0.25,0.492,37
矢野 雅哉,広島,44,0.167,1,5,8,2,0.268,0.229,0.497,58
渡邉 悠斗,広島,4,0,0,0,0,0,0,0,0,4
アブレウ,中日,24,0,0,0,0,0,0,0,0,0
阿部 寿樹,中日,76,0.254,3,23,30,0,0.373,0.381,0.754,143
石伊 雄太,中日,110,0.26,7,31,92,0,0.311,0.381,0.692,390
石川 昂弥,中日,101,0.251,11,42,87,1,0.317,0.403,0.72,382
石橋 康太,中日,4,0,0,0,0,0,0,0,0,3
板山 祐太郎,中日,78,0.235,6,24,43,1,0.302,0.404,0.706,202
伊藤 茉央,中日,20,0,0,0,0,0,0,0,0,0
上林 誠知,中日,25,0.23,2,4,14,2,0.288,0.361,0.649,66
鵜飼 航丞,中日,54,0.235,5,22,39,1,0.274,0.361,0.635,175
梅野 雄吾,中日,2,0,0,0,0,0,0,0,0,0
大島 洋平,中日,21,0.194,0,2,12,1,0.242,0.242,0.484,66
大野 雄大,中日,21,0.083,0,2,3,0,0.132,0.083,0.215,46
岡林 勇希,中日,89,0.23,3,19,70,2,0.291,0.298,0.589,341
尾田 剛樹,中日,35,0.125,0,0,1,4,0.222,0.125,0.347,10
カリステ,中日,26,0.197,1,3,12,1,0.269,0.279,0.548,67
勝野 昌慶,中日,7,0,0,0,0,0,0,0,0,0
加藤 匠馬,中日,35,0.147,0,2,10,1,0.216,0.176,0.392,77
金丸 夢斗,中日,25,0.042,0,0,2,0,0.061,0.042,0.103,51
川越 誠司,中日,5,0.4,0,1,2,0,0.4,0.8,1.2,5
木下 拓哉,中日,27,0.266,0,3,17,0,0.288,0.313,0.601,67
草加 勝,中日,23,0,0,0,0,0,0,0,0,0
近藤 廉,中日,4,0,0,0,0,0,0,0,0,0
サノー,中日,93,0.224,23,52,70,0,0.297,0.47,0.767,353
齋藤 綱記,中日,53,0,0,0,0,0,0,0,0,0
櫻井 頼之介,中日,14,0,0,0,0,0,0.077,0,0.077,15
篠﨑 国忠,中日,3,0,0,0,0,0,0,0,0,0
清水 達也,中日,6,0,0,0,0,0,0,0,0,0
杉浦 稔大,中日,18,0,0,0,0,0,0,0,0,0
高橋 周平,中日,60,0.25,0,5,27,0,0.325,0.287,0.612,121
髙橋 宏斗,中日,18,0.161,0,3,5,0,0.188,0.161,0.349,38
田中 幹也,中日,82,0.242,1,12,53,9,0.303,0.311,0.614,253
知野 直人,中日,6,0,0,0,0,0,0,0,0,3
辻本 倫太郎,中日,15,0.176,0,0,3,0,0.176,0.294,0.47,18
土田 龍空,中日,49,0.169,2,6,11,0,0.25,0.292,0.542,72
仲地 礼亜,中日,5,0,0,0,0,0,0,0,0,2
中西 聖輝,中日,8,0.083,0,0,1,0,0.083,0.167,0.25,14
根尾 昂,中日,9,0,0,0,0,0,0,0,0,0
橋本 侑樹,中日,45,0,0,0,0,0,0,0,0,0
花田 旭,中日,45,0.239,4,12,34,1,0.276,0.401,0.677,152
樋口 正修,中日,26,0.2,0,1,2,6,0.333,0.2,0.533,13
ブライト 健太,中日,5,0.071,0,0,1,0,0.133,0.071,0.204,15
福 敬登,中日,3,0,0,0,0,0,0,0,0,0
福永 裕基,中日,112,0.283,10,34,111,14,0.35,0.408,0.758,433
福元 悠真,中日,20,0.303,0,5,10,0,0.324,0.364,0.688,34
藤嶋 健人,中日,45,0,0,0,0,0,0,0,0,0
ボスラー,中日,88,0.187,8,20,47,0,0.24,0.319,0.559,271
細川 成也,中日,141,0.228,24,70,112,3,0.357,0.415,0.772,596
マラー,中日,19,0.19,2,10,8,0,0.19,0.405,0.595,43
牧野 憲伸,中日,23,0,0,0,0,0,0,0,0,0
松葉 貴大,中日,3,0,0,0,0,0,0,0,0,4
松山 晋也,中日,44,0,0,0,0,0,0,0,0,0
三浦 瑞樹,中日,4,0,0,0,0,0,0,0,0,0
味谷 大誠,中日,4,0.25,0,0,1,0,0.25,0.25,0.5,4
宮内 春輝,中日,2,0,0,0,0,0,0,0,0,0
村松 開人,中日,124,0.261,6,42,115,4,0.354,0.363,0.717,523
メヒア,中日,18,0,0,0,0,0,0,0,0,0
森 駿太,中日,1,0.25,1,3,1,0,0.25,1,1.25,4
森 博人,中日,15,0,0,0,0,0,0,0,0,0
柳 裕也,中日,24,0.079,0,0,3,0,0.103,0.079,0.182,50
山本 泰寛,中日,33,0.174,1,4,12,0,0.25,0.232,0.482,80
吉田 聖弥,中日,51,0,0,0,0,0,0,0,0,0
ロドリゲス,中日,5,0,0,0,0,0,0.091,0,0.091,11
涌井 秀章,中日,12,0,0,0,0,0,0.056,0,0.056,20
赤羽 由紘,ヤクルト,106,0.244,6,30,70,9,0.317,0.355,0.672,323
飯田 琉斗,ヤクルト,1,0,0,0,0,0,0,0,0,0
石井 巧,ヤクルト,25,0.137,1,2,7,1,0.241,0.235,0.476,59
石川 雅規,ヤクルト,1,0,0,0,0,0,0,0,0,0
石原 勇輝,ヤクルト,22,0,0,0,0,0,0,0,0,1
伊藤 琉偉,ヤクルト,77,0.159,2,8,20,2,0.248,0.23,0.478,143
岩田 幸宏,ヤクルト,124,0.26,1,24,107,38,0.305,0.296,0.601,444
ウォルターズ,ヤクルト,22,0,0,0,0,0,0,0,0,8
内山 壮真,ヤクルト,92,0.234,5,26,71,3,0.322,0.336,0.658,345
オスナ,ヤクルト,78,0.22,8,29,57,0,0.279,0.355,0.634,283
大西 広樹,ヤクルト,16,0,0,0,0,0,0,0,0,0
大道 温貴,ヤクルト,1,0,0,0,0,0,0,0,0,0
小川 泰弘,ヤクルト,8,0.214,0,1,3,0,0.214,0.214,0.428,14
奥川 恭伸,ヤクルト,22,0.045,0,2,2,0,0.087,0.045,0.132,48
キハダ,ヤクルト,41,0,0,0,0,0,0,0,0,0
木澤 尚文,ヤクルト,11,0,0,0,0,0,0,0,0,0
北村 恵吾,ヤクルト,8,0.077,0,1,1,0,0.077,0.077,0.154,13
古賀 優大,ヤクルト,88,0.266,1,33,81,2,0.299,0.318,0.617,329
小澤 怜史,ヤクルト,11,0,0,0,0,0,0,0,0,1
サンタナ,ヤクルト,126,0.251,17,45,95,0,0.36,0.455,0.815,447
阪口 皓亮,ヤクルト,34,0,0,0,0,0,0,0,0,0
澤井 廉,ヤクルト,19,0.163,1,2,7,0,0.217,0.279,0.496,46
塩見 泰隆,ヤクルト,37,0.169,2,5,13,1,0.217,0.286,0.503,83
清水 昇,ヤクルト,48,0,0,0,0,0,0,0,0,0
下川 隼佑,ヤクルト,3,0,0,0,0,0,0,0,0,0
荘司 宏太,ヤクルト,25,0,0,0,0,0,0,0,0,0
鈴木 叶,ヤクルト,45,0.186,2,14,26,2,0.208,0.286,0.494,144
セデーニョ,ヤクルト,10,0.185,0,2,5,0,0.214,0.259,0.473,28
高梨 裕稔,ヤクルト,14,0.167,0,3,4,0,0.2,0.208,0.408,27
高橋 奎二,ヤクルト,17,0.071,0,1,2,0,0.071,0.107,0.178,29
拓也,ヤクルト,7,0,0,0,0,0,0,0,0,0
田口 麗斗,ヤクルト,14,0,0,0,0,0,0,0,0,0
武岡 龍世,ヤクルト,98,0.223,4,27,59,1,0.286,0.328,0.614,291
田中 陽翔,ヤクルト,32,0.227,2,8,17,1,0.28,0.32,0.6,82
中村 優斗,ヤクルト,2,0,0,0,0,0,0,0,0,0
中村 悠平,ヤクルト,32,0.19,0,1,11,0,0.254,0.276,0.53,65
長岡 秀樹,ヤクルト,122,0.248,8,39,116,5,0.317,0.351,0.668,520
並木 秀尊,ヤクルト,35,0.239,1,3,17,12,0.25,0.296,0.546,74
西舘 昂汰,ヤクルト,1,0,0,0,0,0,0,0,0,1
西村 瑠伊斗,ヤクルト,36,0.294,1,14,25,0,0.344,0.412,0.756,93
橋本 星哉,ヤクルト,13,0.143,0,1,2,0,0.188,0.214,0.402,16
長谷川 宙輝,ヤクルト,1,0,0,0,0,0,0,0,0,0
廣澤 優,ヤクルト,41,0,0,0,0,0,0,0,0,0
星 知弥,ヤクルト,49,0,0,0,0,0,0,0,0,0
増居 翔太,ヤクルト,8,0.125,0,0,1,0,0.222,0.25,0.472,11
増田 珠,ヤクルト,119,0.289,9,37,113,4,0.347,0.391,0.738,432
松下 歩叶,ヤクルト,33,0.228,1,8,21,1,0.276,0.293,0.569,98
松本 健吾,ヤクルト,23,0.1,0,2,3,0,0.1,0.1,0.2,30
松本 直樹,ヤクルト,14,0.242,0,4,8,0,0.306,0.303,0.609,37
丸山 和郁,ヤクルト,51,0.336,4,14,41,6,0.383,0.508,0.891,133
丸山 翔大,ヤクルト,39,0,0,0,0,0,0,0,0,1
宮本 丈,ヤクルト,49,0.292,1,8,21,1,0.342,0.403,0.745,80
モイセエフ ニキータ,ヤクルト,4,0,0,0,0,0,0.333,0,0.333,6
モンテル,ヤクルト,53,0.278,3,9,27,7,0.311,0.433,0.744,103
茂木 栄五郎,ヤクルト,23,0.233,0,2,7,0,0.395,0.267,0.662,39
矢野 泰二郎,ヤクルト,7,0.25,0,0,1,0,0.4,0.25,0.65,5
山田 哲人,ヤクルト,25,0.279,2,4,12,0,0.326,0.419,0.745,46
山野 太一,ヤクルト,24,0.149,0,3,7,0,0.18,0.149,0.329,53
山野辺 翔,ヤクルト,21,0.231,0,3,6,0,0.259,0.308,0.567,28
吉村 貢司郎,ヤクルト,20,0.088,0,0,3,0,0.114,0.088,0.202,37
リランソ,ヤクルト,39,0,0,0,0,0,0,0,0,0
アルメンタ,ソフトバンク,2,0,0,0,0,0,0,0,0,1
イヒネ イツア,ソフトバンク,8,0,0,0,0,0,0,0,0,2
石塚 綜一郎,ソフトバンク,7,0.25,0,3,5,0,0.348,0.4,0.748,23
伊藤 優輔,ソフトバンク,33,0,0,0,0,0,0,0,0,0
稲川 竜汰,ソフトバンク,1,0,0,0,0,0,0,0,0,0
今宮 健太,ソフトバンク,60,0.23,2,15,35,0,0.285,0.309,0.594,168
岩井 俊介,ソフトバンク,5,0,0,0,0,0,0,0,0,0
海野 隆司,ソフトバンク,86,0.194,1,14,43,0,0.261,0.257,0.518,265
上沢 直之,ソフトバンク,21,0,0,0,0,0,0,0,0,0
オスナ,ソフトバンク,46,0,0,0,0,0,0,0,0,0
大江 竜聖,ソフトバンク,3,0,0,0,0,0,0,0,0,0
大関 友久,ソフトバンク,10,0,0,0,0,0,0,0,0,2
大竹 風雅,ソフトバンク,6,0,0,0,0,0,0,0,0,0
大津 亮介,ソフトバンク,22,0,0,0,0,0,0,0,0,7
大野 稼頭央,ソフトバンク,4,0,0,0,0,0,0,0,0,0
大山 凌,ソフトバンク,4,0,0,0,0,0,0,0,0,0
尾形 崇斗,ソフトバンク,10,0,0,0,0,0,0,0,0,0
緒方 理貢,ソフトバンク,12,0.333,0,0,2,1,0.333,0.333,0.666,6
上茶谷 大河,ソフトバンク,35,0,0,0,0,0,0,0,0,0
川瀬 晃,ソフトバンク,71,0.208,0,20,32,0,0.273,0.279,0.552,180
川村 友斗,ソフトバンク,103,0.095,0,1,4,2,0.136,0.119,0.255,45
木村 光,ソフトバンク,37,0,0,0,0,0,0,0,0,0
栗原 陵矢,ソフトバンク,138,0.272,39,117,142,0,0.368,0.558,0.926,612
小林 樹斗,ソフトバンク,10,0,0,0,0,0,0,0,0,0
近藤 健介,ソフトバンク,135,0.308,30,105,147,6,0.431,0.562,0.993,587
笹川 吉康,ソフトバンク,14,0.156,0,4,5,0,0.2,0.281,0.481,35
徐 若熙,ソフトバンク,6,0,0,0,0,0,0,0,0,2
周東 佑京,ソフトバンク,123,0.277,4,38,130,28,0.34,0.364,0.704,537
庄子 雄大,ソフトバンク,104,0.247,1,26,62,20,0.313,0.303,0.616,289
スチュワート・ジュニア,ソフトバンク,14,0.25,0,0,1,0,0.25,0.25,0.5,4
杉山 一樹,ソフトバンク,54,0,0,0,0,0,0,0,0,0
鈴木 豪太,ソフトバンク,39,0,0,0,0,0,0,0,0,0
ダウンズ,ソフトバンク,8,0.083,0,0,1,1,0.083,0.083,0.166,12
髙橋 隆慶,ソフトバンク,3,0.4,1,1,2,0,0.4,1,1.4,5
谷川原 健太,ソフトバンク,84,0.217,0,3,13,1,0.254,0.267,0.521,63
津森 宥紀,ソフトバンク,50,0,0,0,0,0,0,0,0,0
中村 晃,ソフトバンク,31,0.136,0,3,6,0,0.174,0.182,0.356,46
中村 稔弥,ソフトバンク,7,0,0,0,0,0,0,0,0,0
野村 勇,ソフトバンク,66,0.234,5,10,29,3,0.291,0.403,0.694,134
廣瀨 隆太,ソフトバンク,30,0.232,1,11,19,0,0.323,0.341,0.664,98
藤原 大翔,ソフトバンク,2,0,0,0,0,0,0,0,0,0
ヘルナンデス,ソフトバンク,45,0,0,0,0,0,0,0,0,0
北斗,ソフトバンク,1,0,0,0,0,0,0,0,0,0
前田 純,ソフトバンク,4,0,0,0,0,0,0,0,0,0
前田 悠伍,ソフトバンク,18,0,0,0,0,0,0,0,0,2
牧原 大成,ソフトバンク,132,0.3,5,48,139,11,0.341,0.387,0.728,506
正木 智也,ソフトバンク,97,0.282,28,59,111,0,0.382,0.534,0.916,461
松本 晴,ソフトバンク,21,0,0,0,0,0,0,0,0,2
松本 裕樹,ソフトバンク,57,0,0,0,0,0,0,0,0,0
村上 泰斗,ソフトバンク,1,0,0,0,0,0,0,0,0,0
モイネロ,ソフトバンク,7,0,0,0,0,0,0,0,0,0
柳田 悠岐,ソフトバンク,125,0.303,18,68,136,0,0.348,0.477,0.825,483
柳町 達,ソフトバンク,83,0.269,2,43,71,0,0.346,0.383,0.729,302
山川 穂高,ソフトバンク,57,0.182,11,28,32,0,0.303,0.386,0.689,208
山本 恵大,ソフトバンク,18,0.268,3,7,15,0,0.339,0.464,0.803,62
山本 祐大,ソフトバンク,53,0.262,4,36,48,0,0.305,0.393,0.698,201
ラトリッジ,ソフトバンク,1,0,0,0,0,0,0,0,0,0
渡邉 陸,ソフトバンク,17,0.222,1,2,8,0,0.317,0.417,0.734,41
淺間 大基,日本ハム,19,0.163,2,3,8,1,0.226,0.306,0.532,53
有薗 直輝,日本ハム,33,0.236,1,11,25,2,0.322,0.34,0.662,121
有原 航平,日本ハム,17,0,0,0,0,0,0,0,0,0
池田 隆英,日本ハム,8,0,0,0,0,0,0,0,0,0
五十幡 亮汰,日本ハム,99,0.23,0,3,26,13,0.256,0.283,0.539,124
伊藤 大海,日本ハム,26,0,0,0,0,0,0,0,0,6
今川 優馬,日本ハム,17,0.227,4,9,10,1,0.32,0.523,0.843,50
上原 健太,日本ハム,42,0,0,0,0,0,0,0,0,0
梅林 優貴,日本ハム,2,0,0,0,0,0,0,0,0,5
エドポロ ケイン,日本ハム,4,0,0,0,0,0,0,0,0,10
大川 慈英,日本ハム,5,0,0,0,0,0,0,0,0,0
大塚 瑠晏,日本ハム,59,0.185,6,16,25,0,0.26,0.363,0.623,152
カストロ,日本ハム,71,0.215,8,24,43,4,0.279,0.365,0.644,222
加藤 貴之,日本ハム,20,1,0,1,1,0,1,1,2,2
金村 尚真,日本ハム,16,0,0,0,0,0,0,0,0,0
上川畑 大悟,日本ハム,23,0.22,0,4,11,0,0.264,0.28,0.544,56
河野 竜生,日本ハム,5,0,0,0,0,0,0,0,0,0
菊地 大稀,日本ハム,6,0,0,0,0,0,0,0,0,0
北山 亘基,日本ハム,23,0,0,1,0,0,0,0,0,6
清宮 幸太郎,日本ハム,133,0.24,23,65,106,2,0.328,0.435,0.763,504
畔柳 亨丞,日本ハム,7,0,0,0,0,0,0,0,0,0
古林 睿煬,日本ハム,7,0,0,0,0,0,0,0,0,0
郡司 裕也,日本ハム,108,0.245,6,24,78,0,0.35,0.348,0.698,376
齋藤 友貴哉,日本ハム,17,0,0,0,0,0,0,0,0,0
柴田 獅子,日本ハム,16,0.355,1,3,11,0,0.375,0.484,0.859,32
島本 浩也,日本ハム,45,0,0,0,0,0,0,0,0,0
清水 大暉,日本ハム,2,0,0,0,0,0,0,0,0,0
清水 優心,日本ハム,21,0.125,1,4,4,0,0.222,0.25,0.472,37
進藤 勇也,日本ハム,65,0.217,8,18,30,0,0.28,0.464,0.744,156
孫 易磊,日本ハム,20,0,0,0,0,0,0,0,0,0
清宮 虎多朗,日本ハム,1,0,0,0,0,0,0,0,0,0
達 孝太,日本ハム,27,0,0,0,0,0,0,0,0,0
田中 正義,日本ハム,40,0,0,0,0,0,0,0,0,0
玉井 大翔,日本ハム,12,0,0,0,0,0,0,0,0,0
田宮 裕涼,日本ハム,93,0.266,7,29,70,4,0.289,0.407,0.696,284
常谷 拓輝,日本ハム,5,0.091,0,0,1,0,0.231,0.091,0.322,13
中島 卓也,日本ハム,1,0.25,0,0,1,0,0.25,0.25,0.5,4
生田目 翼,日本ハム,14,0,0,0,0,0,0,0,0,0
奈良間 大己,日本ハム,115,0.246,5,24,55,7,0.302,0.362,0.664,248
西川 遥輝,日本ハム,25,0.194,1,6,12,2,0.351,0.323,0.674,77
野村 佑希,日本ハム,116,0.26,17,60,102,4,0.299,0.427,0.726,421
福島 蓮,日本ハム,26,0,0,0,0,0,0,0,0,5
福谷 浩司,日本ハム,12,0,0,0,0,0,0,0,0,0
細川 凌平,日本ハム,83,0.221,2,11,25,8,0.328,0.301,0.629,137
細野 晴希,日本ハム,12,0,0,0,0,0,0,0,0,0
堀 瑞輝,日本ハム,42,0,0,0,0,0,0,0,0,0
マルティネス,日本ハム,21,0.139,2,4,5,0,0.244,0.306,0.55,41
松岡 洸希,日本ハム,2,0,0,0,0,0,0,0,0,0
万波 中正,日本ハム,117,0.255,21,53,106,0,0.316,0.453,0.769,457
水谷 瞬,日本ハム,62,0.239,6,23,48,2,0.286,0.378,0.664,217
水野 達稀,日本ハム,130,0.285,11,56,138,15,0.332,0.438,0.77,543
宮崎 一樹,日本ハム,6,0.118,1,1,2,0,0.118,0.294,0.412,17
宮西 尚生,日本ハム,8,0,0,0,0,0,0,0,0,0
矢澤 宏太,日本ハム,71,0.215,3,5,23,5,0.25,0.393,0.643,112
柳川 大晟,日本ハム,52,0,0,0,0,0,0,0,0,0
山縣 秀,日本ハム,59,0.226,0,5,21,2,0.258,0.258,0.516,102
山﨑 福也,日本ハム,17,0,0,0,0,0,0,0,0,3
山本 拓実,日本ハム,15,0,0,0,0,0,0,0,0,0
吉田 賢吾,日本ハム,53,0.269,8,19,39,1,0.289,0.531,0.82,149
ラオ,日本ハム,3,0,0,0,0,0,0,0,0,0
レイエス,日本ハム,128,0.313,32,82,149,0,0.375,0.571,0.946,531
浅村 栄斗,楽天,87,0.217,9,35,62,1,0.315,0.343,0.658,333
石原 彪,楽天,7,0.222,0,1,2,0,0.364,0.222,0.586,12
伊藤 樹,楽天,5,0,0,0,0,0,0,0,0,0
伊藤 光,楽天,22,0.133,1,2,4,0,0.235,0.233,0.468,36
伊藤 裕季也,楽天,19,0.188,3,8,9,0,0.245,0.438,0.683,53
入江 大樹,楽天,17,0.208,0,0,5,0,0.269,0.25,0.519,26
ウレーニャ,楽天,15,0,0,0,0,0,0,0,0,0
内 星龍,楽天,25,0,0,0,0,0,0,0,0,0
江原 雅裕,楽天,4,0,0,0,0,0,0,0,0,0
太田 光,楽天,95,0.204,3,17,50,0,0.254,0.265,0.519,270
小郷 裕哉,楽天,52,0.234,1,9,36,7,0.285,0.305,0.59,166
加治屋 蓮,楽天,44,0,0,0,0,0,0,0,0,0
金子 京介,楽天,4,0.1,0,0,1,0,0.182,0.1,0.282,11
岸 孝之,楽天,10,0,0,0,0,0,0,0,0,1
九谷 瑠,楽天,37,0,0,0,0,0,0,0,0,0
黒川 史陽,楽天,124,0.246,4,26,104,1,0.319,0.308,0.627,477
コントレラス,楽天,5,0,0,0,0,0,0,0,0,0
ゴンザレス,楽天,3,0.125,0,0,1,0,0.125,0.125,0.25,8
古賀 康誠,楽天,1,0,0,0,0,0,0,0,0,0
古謝 樹,楽天,19,0,0,0,0,0,0,0,0,3
小深田 大翔,楽天,80,0.219,0,8,30,9,0.272,0.277,0.549,152
小森 航大郎,楽天,17,0,0,1,0,1,0,0,0,15
阪上 翔也,楽天,5,0,0,0,0,0,0,0,0,11
佐藤 直樹,楽天,71,0.244,6,19,54,4,0.265,0.394,0.659,230
繁永 晟,楽天,23,0.19,0,4,11,0,0.238,0.241,0.479,65
柴田 大地,楽天,32,0,0,0,0,0,0,0,0,0
荘司 康誠,楽天,24,0,0,0,0,0,0,0,0,4
鈴木 翔天,楽天,29,0,0,0,0,0,0,0,0,0
鈴木 大地,楽天,34,0.163,0,3,8,0,0.226,0.204,0.43,55
宋 家豪,楽天,18,0,0,0,0,0,0,0,0,0
泰 勝利,楽天,25,0,0,0,0,0,0,0,0,0
平良 竜哉,楽天,95,0.243,9,20,59,11,0.287,0.387,0.674,260
瀧中 瞭太,楽天,19,0,0,0,0,0,0.25,0,0.25,4
辰己 涼介,楽天,131,0.257,14,49,124,7,0.335,0.393,0.728,545
田中 貴也,楽天,4,0.5,0,0,1,0,0.5,0.5,1,3
田中 千晴,楽天,18,0,0,0,0,0,0,0,0,0
津留﨑 大成,楽天,24,0,0,0,0,0,0,0,0,0
中込 陽翔,楽天,16,0,0,0,0,0,0,0,0,0
中島 大輔,楽天,118,0.272,5,26,106,10,0.329,0.385,0.714,436
西垣 雅矢,楽天,40,0,0,0,0,0,0,0,0,0
西口 直人,楽天,9,0,0,0,0,0,0,0,0,0
早川 隆久,楽天,22,0,0,0,0,0,0,0,0,2
日當 直喜,楽天,5,0,0,0,0,0,0,0,0,0
藤井 聖,楽天,9,0,0,0,0,0,0,0,0,0
藤平 尚真,楽天,45,0,0,0,0,0,0,0,0,0
藤原 聡大,楽天,14,0,0,0,0,0,0,0,0,0
ボイト,楽天,20,0.119,0,3,8,0,0.189,0.164,0.353,74
堀内 謙伍,楽天,47,0.19,1,6,19,0,0.291,0.26,0.551,120
マッカスカー,楽天,97,0.251,23,67,86,0,0.327,0.506,0.833,385
マルテ,楽天,16,0,0,0,0,0,0,0,0,0
前田 健太,楽天,14,0,0,0,0,0,0,0,0,1
武藤 敦貴,楽天,24,0.19,0,2,4,2,0.28,0.238,0.518,25
宗山 塁,楽天,61,0.271,8,24,59,5,0.339,0.44,0.779,242
村林 一輝,楽天,130,0.269,4,57,123,7,0.327,0.339,0.666,508
陽 柏翔,楽天,7,0.222,0,0,2,0,0.3,0.222,0.522,10
吉野 創士,楽天,20,0.118,0,0,4,0,0.143,0.147,0.29,36
吉納 翼,楽天,4,0,0,0,0,0,0.133,0,0.133,15
YG安田,楽天,65,0.293,6,28,63,0,0.346,0.447,0.793,234
ワォーターズ,楽天,11,0.286,0,0,4,0,0.286,0.357,0.643,14
渡辺 翔太,楽天,6,0,0,0,0,0,0,0,0,0
渡邊 佳明,楽天,71,0.247,1,17,36,0,0.304,0.315,0.619,163
青山 美夏人,西武,2,0,0,0,0,0,0,0,0,0
秋山 俊,西武,5,0.143,0,0,2,0,0.143,0.143,0.286,14
石井 一成,西武,70,0.236,7,22,53,0,0.28,0.382,0.662,244
糸川 亮太,西武,9,0,0,0,0,0,0,0,0,0
岩城 颯空,西武,31,0,0,0,0,0,0,0,0,0
ウィンゲンター,西武,25,0,0,0,0,0,0,0,0,0
上田 大河,西武,14,0,0,0,0,0,0,0,0,0
カナリオ,西武,129,0.251,16,53,118,12,0.307,0.41,0.717,512
甲斐野 央,西武,54,0,0,0,0,0,0,0,0,0
岸 潤一郎,西武,96,0.233,1,12,40,3,0.278,0.308,0.586,191
栗山 巧,西武,11,0.154,0,0,2,0,0.214,0.154,0.368,14
黒木 優太,西武,16,0,0,0,0,0,0,0,0,0
黒田 将矢,西武,29,0,0,0,0,0,0,0,0,0
桑原 将志,西武,62,0.227,3,15,49,2,0.295,0.329,0.624,239
源田 壮亮,西武,115,0.218,1,27,59,1,0.283,0.28,0.563,312
古賀 悠斗,西武,91,0.266,4,27,53,2,0.352,0.372,0.724,235
小島 大河,西武,95,0.267,9,37,87,0,0.309,0.38,0.689,350
児玉 亮涼,西武,11,0,0,0,0,0,0,0,0,3
是澤 涼輔,西武,1,0,0,0,0,0,1,0,1,1
佐藤 隼輔,西武,35,0,0,0,0,0,0,0,0,0
佐藤 爽,西武,9,0,0,0,0,0,0,0,0,0
佐藤 太陽,西武,14,0.231,1,2,6,0,0.231,0.423,0.654,26
篠原 響,西武,44,0,0,0,0,0,0,0,0,0
菅井 信也,西武,10,0,0,0,0,0,0,0,0,0
杉山 遙希,西武,1,0,0,0,0,0,0,0,0,0
隅田 知一郎,西武,23,0,0,1,0,0,0,0,0,3
平良 海馬,西武,22,0.167,0,0,1,0,0.167,0.167,0.334,6
髙橋 光成,西武,21,0.333,0,0,1,0,0.333,0.333,0.666,3
髙松 渡,西武,11,0,0,0,0,5,0,0,0,1
滝澤 夏央,西武,119,0.278,1,31,108,12,0.353,0.314,0.667,460
武内 夏暉,西武,22,0,0,0,0,0,0,0,0,4
茶野 篤政,西武,16,0.143,0,0,1,0,0.25,0.143,0.393,8
柘植 世那,西武,29,0.314,1,2,16,0,0.327,0.412,0.739,55
外崎 修汰,西武,33,0.18,2,8,16,1,0.229,0.281,0.51,96
仲田 慶介,西武,25,0.241,0,3,7,0,0.258,0.517,0.775,31
仲三 優太,西武,11,0.129,1,3,4,0,0.229,0.226,0.455,35
中村 剛也,西武,24,0.246,1,7,14,0,0.283,0.368,0.651,60
中村 祐太,西武,22,0,0,0,0,0,0,0,0,0
成田 晴風,西武,2,0,0,0,0,0,0,0,0,0
西川 愛也,西武,97,0.225,3,27,66,5,0.258,0.317,0.575,316
ネビン,西武,100,0.268,21,47,98,0,0.339,0.496,0.835,416
長谷川 信哉,西武,82,0.263,11,36,69,6,0.319,0.454,0.773,292
羽田 慎之介,西武,8,0,0,0,0,0,0,0,0,0
浜屋 将太,西武,25,0,0,0,0,0,0,0,0,0
平沢 大河,西武,87,0.258,3,19,71,1,0.317,0.364,0.681,301
蛭間 拓哉,西武,36,0.27,0,8,24,0,0.298,0.382,0.68,98
冨士 大和,西武,3,0,0,0,0,0,0,0,0,0
堀越 啓太,西武,2,0,0,0,0,0,0,0,0,0
松本 航,西武,9,0,0,0,0,0,0,0,0,0
豆田 泰志,西武,30,0,0,0,0,0,0,0,0,0
村田 怜音,西武,4,0,0,0,0,0,0.1,0,0.1,10
森脇 亮介,西武,23,0,0,0,0,0,0,0,0,0
山田 陽翔,西武,9,0,0,0,0,0,0,0,0,0
山村 崇嘉,西武,29,0.2,1,6,16,0,0.256,0.25,0.506,88
Ｅ．ラミレス,西武,9,0,0,0,0,0,0,0,0,0
林 安可,西武,76,0.22,8,29,52,0,0.294,0.381,0.675,262
ワイナンス,西武,8,0,0,0,0,0,0,0,0,2
若林 楽人,西武,5,0.143,0,0,2,0,0.294,0.143,0.437,17
渡部 聖弥,西武,125,0.253,11,46,118,3,0.295,0.373,0.668,500
渡邉 勇太朗,西武,20,0,0,0,0,0,0,0,0,5
阿部 翔太,オリックス,13,0,0,0,0,0,0,0,0,0
池田 陵真,オリックス,9,0.125,1,2,3,0,0.192,0.292,0.484,26
石川 亮,オリックス,10,0,0,0,0,0,0,0,0,8
入山 海斗,オリックス,39,0,0,0,0,0,0,0,0,0
岩嵜 翔,オリックス,23,0,0,0,0,0,0,0,0,0
エスピノーザ,オリックス,23,0,0,0,0,0,0,0,0,5
大城 滉二,オリックス,22,0.229,0,4,11,0,0.26,0.271,0.531,51
太田 椋,オリックス,123,0.284,9,50,130,0,0.352,0.406,0.758,508
片山 楽生,オリックス,30,0,0,0,0,0,0,0,0,1
川瀬 堅斗,オリックス,12,0,0,0,0,0,0,0,0,0
来田 涼斗,オリックス,101,0.263,9,43,85,4,0.3,0.418,0.718,348
宜保 翔,オリックス,28,0.163,0,0,7,2,0.2,0.186,0.386,47
窪田 洋祐,オリックス,2,0,0,0,0,0,0,0,0,1
九里 亜蓮,オリックス,26,0,0,0,0,0,0,0,0,6
紅林 弘太郎,オリックス,134,0.263,18,60,122,1,0.337,0.436,0.773,524
古田島 成龍,オリックス,10,0,0,0,0,0,0,0,0,0
権田 琉成,オリックス,27,0,0,0,0,0,0,0,0,0
才木 海翔,オリックス,13,0,0,0,0,0,0,0,0,0
齋藤 響介,オリックス,2,0,0,0,0,0,0,0,0,0
佐藤 一磨,オリックス,7,0,0,0,0,0,0,0,0,0
シーモア,オリックス,42,0.158,3,15,22,0,0.181,0.252,0.433,144
ジェリー,オリックス,21,0,0,0,0,0,0,0,0,1
杉澤 龍,オリックス,30,0.303,2,7,20,1,0.356,0.5,0.856,74
杉本 裕太郎,オリックス,24,0.164,0,5,12,0,0.213,0.233,0.446,80
曽谷 龍平,オリックス,14,0,0,0,0,0,0,0,0,5
髙島 泰都,オリックス,23,0,0,0,0,0,0,0,0,0
髙谷 舟,オリックス,1,0,0,0,0,0,0,0,0,0
田嶋 大樹,オリックス,18,1,0,0,1,0,1,1,2,1
陳 睦衡,オリックス,1,0,0,0,0,0,0,0,0,0
寺西 成騎,オリックス,27,0,0,0,0,0,0,0,0,0
東松 快征,オリックス,6,0,0,0,0,0,0,0,0,0
富山 凌雅,オリックス,18,0,0,0,0,0,0,0,0,0
内藤 鵬,オリックス,6,0.182,0,1,4,0,0.182,0.227,0.409,22
中川 圭太,オリックス,113,0.252,6,33,99,3,0.314,0.338,0.652,438
西川 龍馬,オリックス,141,0.273,13,54,154,1,0.312,0.396,0.708,604
西野 真弘,オリックス,43,0.218,0,2,24,0,0.277,0.255,0.532,122
野口 智哉,オリックス,82,0.228,4,21,33,2,0.285,0.352,0.637,163
東山 玲士,オリックス,12,0,0,0,0,0,0,0,0,0
平沼 翔太,オリックス,27,0.216,0,2,8,0,0.256,0.27,0.526,39
平野 佳寿,オリックス,3,0,0,0,0,0,0,0,0,0
廣岡 大志,オリックス,14,0.196,1,4,10,0,0.236,0.255,0.491,55
博志,オリックス,21,0,0,0,0,0,0,0,0,0
福永 奨,オリックス,28,0.125,1,2,4,0,0.152,0.25,0.402,36
ペルドモ,オリックス,10,0,0,0,0,0,0,0,0,0
堀 柊那,オリックス,12,0.16,0,1,4,0,0.16,0.16,0.32,25
本田 仁海,オリックス,2,0,0,0,0,0,0,0,0,0
マチャド,オリックス,51,0,0,0,0,0,0,0,0,0
宮城 大弥,オリックス,3,0,0,0,0,0,0,0,0,0
宮國 凌空,オリックス,8,0,0,0,0,0,0,0,0,0
麦谷 祐介,オリックス,58,0.151,1,5,13,2,0.187,0.221,0.408,92
椋木 蓮,オリックス,49,0,0,0,0,0,0,0,0,0
宗 佑磨,オリックス,133,0.245,14,65,113,6,0.337,0.387,0.724,538
森 友哉,オリックス,66,0.243,7,24,55,0,0.321,0.376,0.697,252
山岡 泰輔,オリックス,20,0,0,0,0,0,0,0,0,0
山口 廉王,オリックス,3,0,0,0,0,0,0,0,0,0
山﨑 颯一郎,オリックス,52,0,0,0,0,0,0,0,0,0
山田 修義,オリックス,15,0,0,0,0,0,0,0,0,0
山中 稜真,オリックス,91,0.262,2,26,82,2,0.33,0.345,0.675,350
横山 楓,オリックス,7,0,0,0,0,0,0,0,0,0
横山 聖哉,オリックス,7,0.125,0,0,2,0,0.176,0.125,0.301,18
吉田 輝星,オリックス,26,0,0,0,0,0,0,0,0,0
若月 健矢,オリックス,112,0.219,2,19,64,0,0.278,0.298,0.576,336
渡部 遼人,オリックス,96,0.226,3,13,49,18,0.309,0.295,0.604,252
愛斗,ロッテ,41,0.209,1,9,18,3,0.227,0.291,0.518,90
東妻 勇輔,ロッテ,1,0,0,0,0,0,0,0,0,0
池田 来翔,ロッテ,80,0.224,0,1,19,4,0.233,0.294,0.527,88
石川 柊太,ロッテ,6,0,0,0,0,0,0,0,0,0
石川 慎吾,ロッテ,16,0.121,1,7,4,0,0.216,0.242,0.458,37
石垣 元気,ロッテ,2,0,0,0,0,0,0,0,0,0
石垣 勝海,ロッテ,8,0.2,0,1,1,0,0.2,0.2,0.4,5
井上 広大,ロッテ,47,0.175,7,13,20,0,0.215,0.386,0.601,121
上田 希由翔,ロッテ,57,0.221,7,15,34,0,0.273,0.396,0.669,165
岡 大海,ロッテ,26,0.133,0,0,6,2,0.204,0.156,0.36,50
小川 龍成,ロッテ,132,0.261,2,23,116,8,0.296,0.317,0.613,481
小島 和哉,ロッテ,19,0,0,0,0,0,0,0,0,3
小野 郁,ロッテ,38,0,0,0,0,0,0,0,0,0
カスティーヨ,ロッテ,7,0,0,0,0,0,0,0,0,0
角中 勝也,ロッテ,9,0.067,0,0,1,0,0.176,0.067,0.243,17
唐川 侑己,ロッテ,1,0,0,0,0,0,0,0,0,0
河村 説人,ロッテ,8,0,0,0,0,0,0,0,0,0
菊地 吏玖,ロッテ,2,0,0,0,0,0,0,0,0,0
木村 優人,ロッテ,3,0,0,0,0,0,0,0,0,0
坂本 光士郎,ロッテ,27,0,0,0,0,0,0,0,0,0
櫻井 ユウヤ,ロッテ,2,0,0,0,0,0,0,0,0,2
佐藤 都志也,ロッテ,124,0.231,17,55,89,1,0.318,0.404,0.722,441
澤田 圭佑,ロッテ,41,0,0,0,0,0,0,0,0,0
ジャクソン,ロッテ,24,0.2,0,0,1,0,0.2,0.2,0.4,5
鈴木 昭汰,ロッテ,53,0,0,0,0,0,0,0,0,0
ソト,ロッテ,112,0.222,17,47,74,0,0.287,0.417,0.704,366
高野 脩汰,ロッテ,31,0,0,0,0,0,0,0,0,0
髙橋 快秀,ロッテ,5,0,0,0,0,0,0,0,0,0
髙部 瑛斗,ロッテ,47,0.241,0,7,32,3,0.294,0.278,0.572,143
立松 由宇,ロッテ,3,0.333,0,0,2,0,0.333,0.333,0.666,6
田中 晴也,ロッテ,16,0,0,0,0,0,0,0,0,2
種市 篤暉,ロッテ,2,0,0,0,0,0,0,0,0,0
田村 龍弘,ロッテ,2,0,0,0,0,0,0,0,0,3
茶谷 健太,ロッテ,7,0.182,0,0,2,0,0.182,0.182,0.364,12
寺地 隆成,ロッテ,96,0.211,5,29,67,0,0.285,0.29,0.575,355
友杉 篤輝,ロッテ,87,0.236,0,16,60,3,0.276,0.268,0.544,276
中森 俊介,ロッテ,39,0,0,0,0,0,0,0,0,0
西川 史礁,ロッテ,127,0.292,8,51,145,2,0.355,0.4,0.755,546
西野 勇士,ロッテ,6,0,0,0,0,0,0,0,0,0
廣池 康志郎,ロッテ,16,0,0,0,0,0,0,0,0,4
廣畑 敦也,ロッテ,4,0,0,0,0,0,0,0,0,0
藤岡 裕大,ロッテ,9,0.136,0,1,3,0,0.2,0.136,0.336,26
藤原 恭大,ロッテ,100,0.262,8,40,101,12,0.354,0.365,0.719,443
ポランコ,ロッテ,52,0.188,5,14,25,0,0.262,0.361,0.623,149
益田 直也,ロッテ,37,0,0,0,0,0,0,0,0,0
松川 虎生,ロッテ,45,0.188,0,6,18,0,0.204,0.208,0.412,102
宮﨑 颯,ロッテ,10,0,0,0,0,0,0,0,0,0
宮崎 竜成,ロッテ,41,0.132,1,1,5,0,0.154,0.237,0.391,39
毛利 海大,ロッテ,17,0,0,0,0,0,0,0,0,2
森 遼大朗,ロッテ,1,0,0,0,0,0,0,0,0,0
八木 彬,ロッテ,44,0,0,0,0,0,0,0,0,0
安田 尚憲,ロッテ,73,0.262,6,29,55,0,0.313,0.424,0.737,227
山口 航輝,ロッテ,104,0.278,32,72,104,0,0.332,0.588,0.92,407
山﨑 剛,ロッテ,57,0.221,1,7,33,3,0.278,0.282,0.56,164
大聖,ロッテ,1,0,0,0,0,0,0,0,0,0
山本 大斗,ロッテ,71,0.183,2,9,22,0,0.261,0.267,0.528,134
横山 陸人,ロッテ,52,0,0,0,0,0,0,0,0,0
吉川 悠斗,ロッテ,2,0,0,0,0,0,0,0,0,0
ルケーシー,ロッテ,4,0,0,0,0,0,0,0,0,0
ロング,ロッテ,25,0,0,0,0,0,0,0,0,2
和田 康士朗,ロッテ,30,0.217,0,1,5,4,0.333,0.217,0.55,29