球団,リーグ,ポジション,選手,試合,刺殺,補殺,失策,併殺,捕逸,守備率,盗塁阻止率,更新日
阪神,セ,一塁手,大山 悠輔,134,1158,73,8,89,,0.994,,2026/09/27
阪神,セ,一塁手,小野寺 暖,2,3,0,0,0,,1,,2026/09/27
阪神,セ,一塁手,ガルシア,1,6,0,0,0,,1,,2026/09/27
阪神,セ,一塁手,木浪 聖也,2,18,4,0,3,,1,,2026/09/27
阪神,セ,一塁手,熊谷 敬宥,5,3,0,0,0,,1,,2026/09/27
阪神,セ,一塁手,元山 飛優,1,2,0,0,0,,1,,2026/09/27
阪神,セ,二塁手,植田 海,3,3,1,0,0,,1,,2026/09/27
阪神,セ,二塁手,熊谷 敬宥,8,7,21,0,3,,1,,2026/09/27
阪神,セ,二塁手,髙寺 望夢,11,16,27,0,3,,1,,2026/09/27
阪神,セ,二塁手,立石 正広,1,2,1,0,0,,1,,2026/09/27
阪神,セ,二塁手,谷端 将伍,1,2,2,0,1,,1,,2026/09/27
阪神,セ,二塁手,中野 拓夢,125,262,391,3,65,,0.995,,2026/09/27
阪神,セ,二塁手,元山 飛優,1,0,0,0,0,,0,,2026/09/27
阪神,セ,三塁手,木浪 聖也,3,1,8,1,1,,0.9,,2026/09/27
阪神,セ,三塁手,熊谷 敬宥,1,0,0,0,0,,0,,2026/09/27
阪神,セ,三塁手,佐藤 輝明,118,79,173,15,13,,0.944,,2026/09/27
阪神,セ,三塁手,立石 正広,18,12,20,0,1,,1,,2026/09/27
阪神,セ,三塁手,元山 飛優,1,0,0,0,0,,0,,2026/09/27
阪神,セ,遊撃手,小幡 竜平,34,37,73,6,16,,0.948,,2026/09/27
阪神,セ,遊撃手,木浪 聖也,31,41,72,3,12,,0.974,,2026/09/27
阪神,セ,遊撃手,熊谷 敬宥,52,62,114,6,30,,0.967,,2026/09/27
阪神,セ,遊撃手,元山 飛優,43,61,120,5,19,,0.973,,2026/09/27
阪神,セ,外野手,植田 海,6,0,0,0,0,,0,,2026/09/27
阪神,セ,外野手,岡城 快生,9,13,0,0,0,,1,,2026/09/27
阪神,セ,外野手,小野寺 暖,15,7,1,1,0,,0.889,,2026/09/27
阪神,セ,外野手,ガルシア,5,6,0,0,0,,1,,2026/09/27
阪神,セ,外野手,熊谷 敬宥,4,1,0,0,0,,1,,2026/09/27
阪神,セ,外野手,佐藤 輝明,18,34,0,2,0,,0.944,,2026/09/27
阪神,セ,外野手,島田 海吏,2,1,0,0,0,,1,,2026/09/27
阪神,セ,外野手,髙寺 望夢,97,126,2,1,1,,0.992,,2026/09/27
阪神,セ,外野手,立石 正広,13,23,0,2,0,,0.92,,2026/09/27
阪神,セ,外野手,近本 光司,83,171,2,1,0,,0.994,,2026/09/27
阪神,セ,外野手,ディベイニー,1,0,0,0,0,,0,,2026/09/27
阪神,セ,外野手,中川 勇斗,6,11,0,0,0,,1,,2026/09/27
阪神,セ,外野手,濱田 太貴,3,3,0,0,0,,1,,2026/09/27
阪神,セ,外野手,福島 圭音,34,42,0,2,0,,0.955,,2026/09/27
阪神,セ,外野手,前川 右京,52,61,1,2,0,,0.969,,2026/09/27
阪神,セ,外野手,森下 翔太,136,224,3,3,0,,0.987,,2026/09/27
阪神,セ,捕手,梅野 隆太郎,24,175,16,0,1,0,1,0.176,2026/09/27
阪神,セ,捕手,榮枝 裕貴,2,1,0,0,0,0,1,0,2026/09/27
阪神,セ,捕手,坂本 誠志郎,91,619,78,4,7,1,0.994,0.333,2026/09/27
阪神,セ,捕手,嶋村 麟士朗,7,7,1,0,0,1,1,0,2026/09/27
阪神,セ,捕手,伏見 寅威,43,282,26,0,3,0,1,0.5,2026/09/27
阪神,セ,投手,石井 大智,8,0,0,0,0,,0,,2026/09/27
阪神,セ,投手,石黒 佑弥,13,2,4,0,0,,1,,2026/09/27
阪神,セ,投手,伊藤 将司,11,1,11,0,1,,1,,2026/09/27
阪神,セ,投手,伊原 陵人,8,1,4,0,1,,1,,2026/09/27
阪神,セ,投手,茨木 秀俊,3,0,2,0,0,,1,,2026/09/27
阪神,セ,投手,岩貞 祐太,1,0,0,0,0,,0,,2026/09/27
阪神,セ,投手,岩崎 優,45,1,10,0,1,,1,,2026/09/27
阪神,セ,投手,大竹 耕太郎,17,6,18,0,1,,1,,2026/09/27
阪神,セ,投手,岡留 英貴,10,0,2,1,0,,0.667,,2026/09/27
阪神,セ,投手,及川 雅貴,43,1,9,0,0,,1,,2026/09/27
阪神,セ,投手,木下 里都,42,1,5,0,1,,1,,2026/09/27
阪神,セ,投手,桐敷 拓馬,23,1,4,0,0,,1,,2026/09/27
阪神,セ,投手,工藤 泰成,53,2,11,0,1,,1,,2026/09/27
阪神,セ,投手,今朝丸 裕喜,3,1,2,0,0,,1,,2026/09/27
阪神,セ,投手,才木 浩人,24,7,15,0,0,,1,,2026/09/27
阪神,セ,投手,椎葉 剛,4,0,1,1,0,,0.5,,2026/09/27
阪神,セ,投手,下村 海翔,8,4,3,0,0,,1,,2026/09/27
阪神,セ,投手,神宮 僚介,16,0,4,0,0,,1,,2026/09/27
阪神,セ,投手,セベリーノ,19,0,2,0,0,,1,,2026/09/27
阪神,セ,投手,髙橋 遥人,22,10,29,2,0,,0.951,,2026/09/27
阪神,セ,投手,津田 淳哉,9,0,2,0,0,,1,,2026/09/27
阪神,セ,投手,ドリス,51,3,3,0,0,,1,,2026/09/27
阪神,セ,投手,富田 蓮,1,0,0,0,0,,0,,2026/09/27
阪神,セ,投手,西 勇輝,8,2,5,0,0,,1,,2026/09/27
阪神,セ,投手,畠 世周,11,2,4,0,1,,1,,2026/09/27
阪神,セ,投手,早川 太貴,9,0,3,1,0,,0.75,,2026/09/27
阪神,セ,投手,村上 頌樹,26,8,20,1,1,,0.966,,2026/09/27
阪神,セ,投手,モレッタ,19,0,2,0,0,,1,,2026/09/27
阪神,セ,投手,門別 啓人,11,0,4,0,0,,1,,2026/09/27
阪神,セ,投手,湯浅 京己,25,1,4,0,0,,1,,2026/09/27
阪神,セ,投手,ルーカス,6,0,8,0,1,,1,,2026/09/27
巨人,セ,一塁手,大城 卓三,3,24,2,0,4,,1,,2026/09/27
巨人,セ,一塁手,岸田 行倫,1,3,0,0,1,,1,,2026/09/27
巨人,セ,一塁手,小濱 佑斗,4,10,1,0,2,,1,,2026/09/27
巨人,セ,一塁手,ダルベック,105,745,48,5,64,,0.994,,2026/09/27
巨人,セ,一塁手,ティマ,13,81,5,0,6,,1,,2026/09/27
巨人,セ,一塁手,増田 大輝,9,18,2,0,1,,1,,2026/09/27
巨人,セ,一塁手,増田 陸,49,324,27,3,26,,0.992,,2026/09/27
巨人,セ,一塁手,リチャード,4,15,1,0,2,,1,,2026/09/27
巨人,セ,二塁手,宇都宮 葵星,1,0,2,0,0,,1,,2026/09/27
巨人,セ,二塁手,浦田 俊輔,92,179,277,3,54,,0.993,,2026/09/27
巨人,セ,二塁手,門脇 誠,17,21,25,1,5,,0.979,,2026/09/27
巨人,セ,二塁手,小濱 佑斗,2,4,4,0,2,,1,,2026/09/27
巨人,セ,二塁手,増田 陸,7,7,7,1,4,,0.933,,2026/09/27
巨人,セ,二塁手,吉川 尚輝,46,80,107,0,25,,1,,2026/09/27
巨人,セ,三塁手,石塚 裕惺,32,15,45,6,3,,0.909,,2026/09/27
巨人,セ,三塁手,宇都宮 葵星,1,0,0,0,0,,0,,2026/09/27
巨人,セ,三塁手,浦田 俊輔,15,12,22,1,1,,0.971,,2026/09/27
巨人,セ,三塁手,門脇 誠,49,9,29,1,3,,0.974,,2026/09/27
巨人,セ,三塁手,小濱 佑斗,18,7,16,0,1,,1,,2026/09/27
巨人,セ,三塁手,坂本 勇人,44,23,47,1,4,,0.986,,2026/09/27
巨人,セ,三塁手,ダルベック,43,20,59,3,6,,0.963,,2026/09/27
巨人,セ,三塁手,増田 大輝,1,0,0,1,0,,0,,2026/09/27
巨人,セ,三塁手,湯浅 大,2,0,3,0,0,,1,,2026/09/27
巨人,セ,三塁手,吉川 尚輝,1,0,0,0,0,,0,,2026/09/27
巨人,セ,三塁手,リチャード,7,4,7,1,2,,0.917,,2026/09/27
巨人,セ,遊撃手,石塚 裕惺,2,4,4,0,2,,1,,2026/09/27
巨人,セ,遊撃手,泉口 友汰,124,174,361,12,73,,0.978,,2026/09/27
巨人,セ,遊撃手,浦田 俊輔,14,20,34,0,9,,1,,2026/09/27
巨人,セ,遊撃手,門脇 誠,4,0,4,0,0,,1,,2026/09/27
巨人,セ,遊撃手,小濱 佑斗,10,12,31,0,6,,1,,2026/09/27
巨人,セ,遊撃手,湯浅 大,1,1,2,0,0,,1,,2026/09/27
巨人,セ,外野手,浅野 翔吾,8,13,0,0,0,,1,,2026/09/27
巨人,セ,外野手,宇都宮 葵星,1,1,0,0,0,,1,,2026/09/27
巨人,セ,外野手,岡田 悠希,2,3,0,0,0,,1,,2026/09/27
巨人,セ,外野手,キャベッジ,95,138,4,4,1,,0.973,,2026/09/27
巨人,セ,外野手,佐々木 俊輔,110,166,4,1,1,,0.994,,2026/09/27
巨人,セ,外野手,笹原 操希,35,44,0,1,0,,0.978,,2026/09/27
巨人,セ,外野手,鈴木 大和,9,4,0,1,0,,0.8,,2026/09/27
巨人,セ,外野手,知念 大成,8,7,0,0,0,,1,,2026/09/27
巨人,セ,外野手,中山 礼都,44,52,1,1,0,,0.981,,2026/09/27
巨人,セ,外野手,萩尾 匡也,2,2,0,0,0,,1,,2026/09/27
巨人,セ,外野手,平山 功太,31,44,2,0,0,,1,,2026/09/27
巨人,セ,外野手,増田 大輝,17,10,0,0,0,,1,,2026/09/27
巨人,セ,外野手,松本 剛,122,186,5,2,2,,0.99,,2026/09/27
巨人,セ,外野手,丸 佳浩,24,25,1,1,0,,0.963,,2026/09/27
巨人,セ,外野手,皆川 岳飛,8,3,0,0,0,,1,,2026/09/27
巨人,セ,外野手,若林 楽人,10,9,0,0,0,,1,,2026/09/27
巨人,セ,捕手,大城 卓三,87,668,43,2,7,2,0.997,0.318,2026/09/27
巨人,セ,捕手,甲斐 拓也,8,37,2,0,1,0,1,0,2026/09/27
巨人,セ,捕手,岸田 行倫,51,366,35,3,2,3,0.993,0.273,2026/09/27
巨人,セ,捕手,小林 誠司,19,42,2,0,0,0,1,0,2026/09/27
巨人,セ,捕手,山瀬 慎之助,9,43,2,0,1,0,1,0.5,2026/09/27
巨人,セ,投手,赤星 優志,42,3,10,0,0,,1,,2026/09/27
巨人,セ,投手,石川 達也,7,1,1,0,0,,1,,2026/09/27
巨人,セ,投手,泉 圭輔,15,1,1,0,0,,1,,2026/09/27
巨人,セ,投手,井上 温大,22,3,23,0,0,,1,,2026/09/27
巨人,セ,投手,ウィットリー,14,3,6,4,1,,0.692,,2026/09/27
巨人,セ,投手,小笠原 慎之介,11,6,10,0,3,,1,,2026/09/27
巨人,セ,投手,北浦 竜次,13,2,2,0,0,,1,,2026/09/27
巨人,セ,投手,代木 大和,12,0,6,1,0,,0.857,,2026/09/27
巨人,セ,投手,大勢,32,1,2,0,0,,1,,2026/09/27
巨人,セ,投手,高梨 雄平,18,0,4,0,0,,1,,2026/09/27
巨人,セ,投手,竹丸 和幸,21,4,13,0,0,,1,,2026/09/27
巨人,セ,投手,田中 瑛斗,60,6,5,0,0,,1,,2026/09/27
巨人,セ,投手,田中 将大,13,0,9,1,0,,0.9,,2026/09/27
巨人,セ,投手,田和 廉,32,4,4,0,1,,1,,2026/09/27
巨人,セ,投手,戸郷 翔征,13,1,5,0,1,,1,,2026/09/27
巨人,セ,投手,中川 皓太,48,2,5,1,1,,0.875,,2026/09/27
巨人,セ,投手,西舘 勇陽,12,1,7,1,0,,0.889,,2026/09/27
巨人,セ,投手,則本 昂大,17,1,4,0,1,,1,,2026/09/27
巨人,セ,投手,ハワード,7,0,6,0,0,,1,,2026/09/27
巨人,セ,投手,バルドナード,2,0,1,0,0,,1,,2026/09/27
巨人,セ,投手,船迫 大雅,48,1,5,0,0,,1,,2026/09/27
巨人,セ,投手,平内 龍太,8,0,0,0,0,,0,,2026/09/27
巨人,セ,投手,堀田 賢慎,38,1,6,0,1,,1,,2026/09/27
巨人,セ,投手,マタ,7,0,2,0,0,,1,,2026/09/27
巨人,セ,投手,マルティネス,55,6,9,2,0,,0.882,,2026/09/27
巨人,セ,投手,又木 鉄平,5,2,0,0,0,,1,,2026/09/27
巨人,セ,投手,宮原 駿介,5,0,0,0,0,,0,,2026/09/27
巨人,セ,投手,森田 駿哉,31,2,8,0,0,,1,,2026/09/27
巨人,セ,投手,山﨑 伊織,5,3,5,0,0,,1,,2026/09/27
巨人,セ,投手,山城 京平,1,1,1,0,0,,1,,2026/09/27
巨人,セ,投手,山田 龍聖,2,0,0,0,0,,0,,2026/09/27
巨人,セ,投手,ルシアーノ,12,0,2,0,1,,1,,2026/09/27
DeNA,セ,一塁手,井上 朋也,3,18,1,0,1,,1,,2026/09/27
DeNA,セ,一塁手,小田 康一郎,1,3,2,0,0,,1,,2026/09/27
DeNA,セ,一塁手,京田 陽太,2,5,0,0,0,,1,,2026/09/27
DeNA,セ,一塁手,九鬼 隆平,2,1,0,0,0,,1,,2026/09/27
DeNA,セ,一塁手,佐野 恵太,104,744,85,4,54,,0.995,,2026/09/27
DeNA,セ,一塁手,筒香 嘉智,39,303,25,3,20,,0.991,,2026/09/27
DeNA,セ,一塁手,ビシエド,4,26,1,1,4,,0.964,,2026/09/27
DeNA,セ,一塁手,牧 秀悟,3,5,1,0,1,,1,,2026/09/27
DeNA,セ,一塁手,三森 大貴,5,3,3,1,1,,0.857,,2026/09/27
DeNA,セ,二塁手,石上 泰輝,1,2,0,0,0,,1,,2026/09/27
DeNA,セ,二塁手,小田 康一郎,1,2,1,0,1,,1,,2026/09/27
DeNA,セ,二塁手,京田 陽太,3,4,8,1,2,,0.923,,2026/09/27
DeNA,セ,二塁手,成瀬 脩人,12,22,25,2,7,,0.959,,2026/09/27
DeNA,セ,二塁手,林 琢真,19,22,47,3,3,,0.958,,2026/09/27
DeNA,セ,二塁手,牧 秀悟,102,211,297,10,52,,0.981,,2026/09/27
DeNA,セ,二塁手,三森 大貴,26,23,48,0,10,,1,,2026/09/27
DeNA,セ,二塁手,宮下 朝陽,1,0,0,0,0,,0,,2026/09/27
DeNA,セ,三塁手,小田 康一郎,1,1,0,0,0,,1,,2026/09/27
DeNA,セ,三塁手,京田 陽太,1,1,1,0,0,,1,,2026/09/27
DeNA,セ,三塁手,柴田 竜拓,44,4,11,0,0,,1,,2026/09/27
DeNA,セ,三塁手,筒香 嘉智,50,32,47,4,2,,0.952,,2026/09/27
DeNA,セ,三塁手,成瀬 脩人,3,1,0,0,0,,1,,2026/09/27
DeNA,セ,三塁手,林 琢真,15,0,8,1,0,,0.889,,2026/09/27
DeNA,セ,三塁手,宮﨑 敏郎,83,47,92,2,7,,0.986,,2026/09/27
DeNA,セ,三塁手,宮下 朝陽,1,1,2,0,1,,1,,2026/09/27
DeNA,セ,三塁手,度会 隆輝,11,6,13,0,0,,1,,2026/09/27
DeNA,セ,遊撃手,石上 泰輝,30,42,70,3,15,,0.974,,2026/09/27
DeNA,セ,遊撃手,京田 陽太,34,39,68,1,8,,0.991,,2026/09/27
DeNA,セ,遊撃手,柴田 竜拓,1,0,3,0,0,,1,,2026/09/27
DeNA,セ,遊撃手,成瀬 脩人,7,8,22,0,3,,1,,2026/09/27
DeNA,セ,遊撃手,林 琢真,30,29,96,0,17,,1,,2026/09/27
DeNA,セ,遊撃手,宮下 朝陽,60,79,141,4,22,,0.982,,2026/09/27
DeNA,セ,外野手,井上 朋也,9,18,0,1,0,,0.947,,2026/09/27
DeNA,セ,外野手,エンカーナシオン,56,94,2,3,0,,0.97,,2026/09/27
DeNA,セ,外野手,蝦名 達夫,94,184,2,1,0,,0.995,,2026/09/27
DeNA,セ,外野手,梶原 昂希,18,35,0,0,0,,1,,2026/09/27
DeNA,セ,外野手,勝又 温史,81,143,2,0,0,,1,,2026/09/27
DeNA,セ,外野手,神里 和毅,60,30,0,0,0,,1,,2026/09/27
DeNA,セ,外野手,九鬼 隆平,1,0,0,0,0,,0,,2026/09/27
DeNA,セ,外野手,佐野 恵太,20,29,0,0,0,,1,,2026/09/27
DeNA,セ,外野手,関根 大気,6,9,0,1,0,,0.9,,2026/09/27
DeNA,セ,外野手,ヒュンメル,31,40,0,3,0,,0.93,,2026/09/27
DeNA,セ,外野手,三森 大貴,32,43,2,0,1,,1,,2026/09/27
DeNA,セ,外野手,森 敬斗,3,3,0,1,0,,0.75,,2026/09/27
DeNA,セ,外野手,度会 隆輝,111,176,5,0,0,,1,,2026/09/27
DeNA,セ,捕手,戸柱 恭孝,35,266,12,2,1,2,0.993,0.143,2026/09/27
DeNA,セ,捕手,古市 尊,22,105,8,0,2,3,1,0.077,2026/09/27
DeNA,セ,捕手,益子 京右,1,2,0,1,0,0,0.667,0,2026/09/27
DeNA,セ,捕手,松尾 汐恩,79,575,55,2,4,2,0.997,0.238,2026/09/27
DeNA,セ,捕手,山本 祐大,25,210,14,1,2,0,0.996,0.19,2026/09/27
DeNA,セ,投手,東 克樹,24,10,31,0,1,,1,,2026/09/27
DeNA,セ,投手,石田 健大,10,1,1,0,0,,1,,2026/09/27
DeNA,セ,投手,石田 裕太郎,20,11,17,0,1,,1,,2026/09/27
DeNA,セ,投手,伊勢 大夢,51,4,3,1,0,,0.875,,2026/09/27
DeNA,セ,投手,入江 大生,7,2,4,1,0,,0.857,,2026/09/27
DeNA,セ,投手,岩田 将貴,26,3,8,0,0,,1,,2026/09/27
DeNA,セ,投手,尾形 崇斗,16,8,10,1,0,,0.947,,2026/09/27
DeNA,セ,投手,片山 皓心,8,4,6,0,0,,1,,2026/09/27
DeNA,セ,投手,コックス,2,0,1,0,0,,1,,2026/09/27
DeNA,セ,投手,坂本 裕哉,32,5,8,2,1,,0.867,,2026/09/27
DeNA,セ,投手,佐々木 千隼,5,0,1,0,0,,1,,2026/09/27
DeNA,セ,投手,篠木 健太郎,13,2,5,2,1,,0.778,,2026/09/27
DeNA,セ,投手,柴田 竜拓,1,0,0,0,0,,0,,2026/09/27
DeNA,セ,投手,島田 舜也,4,3,4,0,1,,1,,2026/09/27
DeNA,セ,投手,庄司 陽斗,1,0,1,0,0,,1,,2026/09/27
DeNA,セ,投手,平良 拳太郎,20,12,9,1,0,,0.955,,2026/09/27
DeNA,セ,投手,竹田 祐,8,5,4,1,0,,0.9,,2026/09/27
DeNA,セ,投手,武田 陸玖,1,0,0,0,0,,0,,2026/09/27
DeNA,セ,投手,デュプランティエ,2,0,0,0,0,,0,,2026/09/27
DeNA,セ,投手,中川 虎大,50,3,2,0,1,,1,,2026/09/27
DeNA,セ,投手,中川 颯,6,0,0,0,0,,0,,2026/09/27
DeNA,セ,投手,橋本 達弥,6,1,0,0,0,,1,,2026/09/27
DeNA,セ,投手,浜地 真澄,31,5,5,0,0,,1,,2026/09/27
DeNA,セ,投手,馬場 皐輔,11,2,4,0,1,,1,,2026/09/27
DeNA,セ,投手,ビド,2,1,1,0,0,,1,,2026/09/27
DeNA,セ,投手,深沢 鳳介,10,3,9,1,2,,0.923,,2026/09/27
DeNA,セ,投手,藤浪 晋太郎,3,2,0,0,0,,1,,2026/09/27
DeNA,セ,投手,堀岡 隼人,6,2,0,0,0,,1,,2026/09/27
DeNA,セ,投手,マルセリーノ,26,2,4,2,0,,0.75,,2026/09/27
DeNA,セ,投手,松本 凌人,13,1,1,0,0,,1,,2026/09/27
DeNA,セ,投手,宮城 滝太,30,2,4,0,1,,1,,2026/09/27
DeNA,セ,投手,山﨑 康晃,23,1,3,1,1,,0.8,,2026/09/27
DeNA,セ,投手,吉野 光樹,29,0,3,0,0,,1,,2026/09/27
DeNA,セ,投手,ルイーズ,44,3,8,0,0,,1,,2026/09/27
DeNA,セ,投手,レイノルズ,61,7,8,0,0,,1,,2026/09/27
DeNA,セ,投手,若松 尚輝,27,4,5,0,0,,1,,2026/09/27
広島,セ,一塁手,坂倉 将吾,77,470,33,1,33,,0.998,,2026/09/27
広島,セ,一塁手,佐々木 泰,12,52,0,0,1,,1,,2026/09/27
広島,セ,一塁手,佐藤 啓介,18,119,8,1,4,,0.992,,2026/09/27
広島,セ,一塁手,辰見 鴻之介,1,1,0,0,0,,1,,2026/09/27
広島,セ,一塁手,林 晃汰,1,7,1,0,1,,1,,2026/09/27
広島,セ,一塁手,二俣 翔一,1,4,0,0,1,,1,,2026/09/27
広島,セ,一塁手,前川 誠太,1,3,0,0,0,,1,,2026/09/27
広島,セ,一塁手,モンテロ,70,514,19,4,41,,0.993,,2026/09/27
広島,セ,二塁手,勝田 成,33,48,68,0,14,,1,,2026/09/27
広島,セ,二塁手,菊池 涼介,123,212,345,3,50,,0.995,,2026/09/27
広島,セ,二塁手,佐藤 啓介,1,0,1,0,0,,1,,2026/09/27
広島,セ,二塁手,辰見 鴻之介,1,0,1,0,0,,1,,2026/09/27
広島,セ,二塁手,二俣 翔一,1,1,0,0,1,,1,,2026/09/27
広島,セ,三塁手,勝田 成,1,0,0,0,0,,0,,2026/09/27
広島,セ,三塁手,小園 海斗,51,9,36,2,0,,0.957,,2026/09/27
広島,セ,三塁手,坂倉 将吾,64,36,91,11,4,,0.92,,2026/09/27
広島,セ,三塁手,佐々木 泰,64,31,110,4,12,,0.972,,2026/09/27
広島,セ,三塁手,辰見 鴻之介,4,0,0,0,0,,0,,2026/09/27
広島,セ,三塁手,二俣 翔一,5,0,2,0,0,,1,,2026/09/27
広島,セ,遊撃手,勝田 成,63,62,115,4,17,,0.978,,2026/09/27
広島,セ,遊撃手,小園 海斗,78,75,165,3,31,,0.988,,2026/09/27
広島,セ,遊撃手,西川 篤夢,4,1,1,1,1,,0.667,,2026/09/27
広島,セ,遊撃手,二俣 翔一,13,5,10,0,1,,1,,2026/09/27
広島,セ,遊撃手,矢野 雅哉,43,33,56,2,8,,0.978,,2026/09/27
広島,セ,外野手,秋山 翔吾,41,71,1,2,0,,0.973,,2026/09/27
広島,セ,外野手,大盛 穂,113,203,3,0,0,,1,,2026/09/27
広島,セ,外野手,久保 修,11,6,0,0,0,,1,,2026/09/27
広島,セ,外野手,佐々木 泰,43,77,2,1,0,,0.988,,2026/09/27
広島,セ,外野手,佐藤 啓介,11,11,0,0,0,,1,,2026/09/27
広島,セ,外野手,末包 昇大,8,22,0,1,0,,0.957,,2026/09/27
広島,セ,外野手,辰見 鴻之介,17,11,1,1,1,,0.923,,2026/09/27
広島,セ,外野手,田村 俊介,3,5,0,0,0,,1,,2026/09/27
広島,セ,外野手,中村 奨成,48,66,1,0,0,,1,,2026/09/27
広島,セ,外野手,名原 典彦,75,124,2,2,2,,0.984,,2026/09/27
広島,セ,外野手,野間 峻祥,27,30,0,3,0,,0.909,,2026/09/27
広島,セ,外野手,平川 蓮,27,55,3,0,2,,1,,2026/09/27
広島,セ,外野手,ファビアン,87,167,7,2,0,,0.989,,2026/09/27
広島,セ,外野手,二俣 翔一,18,13,0,0,0,,1,,2026/09/27
広島,セ,捕手,石原 貴規,63,349,24,3,3,3,0.992,0.2,2026/09/27
広島,セ,捕手,坂倉 将吾,20,121,11,0,2,1,1,0,2026/09/27
広島,セ,捕手,清水 叶人,2,12,1,0,0,2,1,0,2026/09/27
広島,セ,捕手,持丸 泰輝,97,584,53,1,2,9,0.998,0.217,2026/09/27
広島,セ,投手,アドゥワ 誠,6,2,1,0,0,,1,,2026/09/27
広島,セ,投手,赤木 晴哉,12,1,4,0,0,,1,,2026/09/27
広島,セ,投手,遠藤 淳志,57,0,6,2,0,,0.75,,2026/09/27
広島,セ,投手,大瀬良 大地,14,1,1,0,0,,1,,2026/09/27
広島,セ,投手,岡本 駿,26,3,11,0,1,,1,,2026/09/27
広島,セ,投手,菊地 ハルン,15,2,1,0,1,,1,,2026/09/27
広島,セ,投手,工藤 泰己,2,0,0,0,0,,0,,2026/09/27
広島,セ,投手,栗林 良吏,18,10,16,0,0,,1,,2026/09/27
広島,セ,投手,黒原 拓未,10,1,1,0,0,,1,,2026/09/27
広島,セ,投手,齊藤 汰直,10,0,3,0,0,,1,,2026/09/27
広島,セ,投手,斉藤 優汰,7,0,3,0,1,,1,,2026/09/27
広島,セ,投手,島内 颯太郎,12,0,2,0,0,,1,,2026/09/27
広島,セ,投手,杉田 健,5,0,0,0,0,,0,,2026/09/27
広島,セ,投手,鈴木 健矢,34,6,10,1,2,,0.941,,2026/09/27
広島,セ,投手,ターノック,21,1,4,0,0,,1,,2026/09/27
広島,セ,投手,髙 太一,53,1,9,0,1,,1,,2026/09/27
広島,セ,投手,玉村 昇悟,14,4,6,0,0,,1,,2026/09/27
広島,セ,投手,辻 大雅,36,0,5,0,0,,1,,2026/09/27
広島,セ,投手,常廣 羽也斗,7,0,0,0,0,,0,,2026/09/27
広島,セ,投手,床田 寛樹,22,6,27,1,0,,0.971,,2026/09/27
広島,セ,投手,中﨑 翔太,27,1,7,0,0,,1,,2026/09/27
広島,セ,投手,ハーン,37,0,2,3,0,,0.4,,2026/09/27
広島,セ,投手,塹江 敦哉,28,1,8,0,1,,1,,2026/09/27
広島,セ,投手,益田 武尚,16,0,2,0,0,,1,,2026/09/27
広島,セ,投手,松本 竜也,1,0,0,0,0,,0,,2026/09/27
広島,セ,投手,森 翔平,17,4,18,1,1,,0.957,,2026/09/27
広島,セ,投手,森浦 大輔,59,2,3,0,0,,1,,2026/09/27
広島,セ,投手,森下 暢仁,22,5,23,1,1,,0.966,,2026/09/27
ヤクルト,セ,一塁手,赤羽 由紘,41,161,10,0,17,,1,,2026/09/27
ヤクルト,セ,一塁手,オスナ,71,503,39,2,34,,0.996,,2026/09/27
ヤクルト,セ,一塁手,北村 恵吾,3,16,1,0,1,,1,,2026/09/27
ヤクルト,セ,一塁手,澤井 廉,10,61,4,0,6,,1,,2026/09/27
ヤクルト,セ,一塁手,セデーニョ,8,49,6,0,5,,1,,2026/09/27
ヤクルト,セ,一塁手,増田 珠,6,27,1,2,2,,0.933,,2026/09/27
ヤクルト,セ,一塁手,宮本 丈,19,69,6,0,4,,1,,2026/09/27
ヤクルト,セ,一塁手,茂木 栄五郎,20,68,11,2,8,,0.975,,2026/09/27
ヤクルト,セ,一塁手,山田 哲人,10,44,2,1,4,,0.979,,2026/09/27
ヤクルト,セ,一塁手,山野辺 翔,7,47,3,0,3,,1,,2026/09/27
ヤクルト,セ,二塁手,赤羽 由紘,17,23,36,3,4,,0.952,,2026/09/27
ヤクルト,セ,二塁手,石井 巧,6,8,9,2,3,,0.895,,2026/09/27
ヤクルト,セ,二塁手,伊藤 琉偉,39,41,59,3,14,,0.971,,2026/09/27
ヤクルト,セ,二塁手,内山 壮真,86,159,216,8,46,,0.979,,2026/09/27
ヤクルト,セ,二塁手,武岡 龍世,15,21,37,2,5,,0.967,,2026/09/27
ヤクルト,セ,二塁手,田中 陽翔,5,10,13,0,2,,1,,2026/09/27
ヤクルト,セ,二塁手,長岡 秀樹,1,3,1,0,0,,1,,2026/09/27
ヤクルト,セ,二塁手,松下 歩叶,1,0,1,0,0,,1,,2026/09/27
ヤクルト,セ,三塁手,赤羽 由紘,47,23,43,4,8,,0.943,,2026/09/27
ヤクルト,セ,三塁手,石井 巧,8,1,10,3,0,,0.786,,2026/09/27
ヤクルト,セ,三塁手,伊藤 琉偉,6,1,6,0,1,,1,,2026/09/27
ヤクルト,セ,三塁手,内山 壮真,2,0,2,0,1,,1,,2026/09/27
ヤクルト,セ,三塁手,北村 恵吾,3,1,1,0,0,,1,,2026/09/27
ヤクルト,セ,三塁手,武岡 龍世,82,39,89,4,5,,0.97,,2026/09/27
ヤクルト,セ,三塁手,田中 陽翔,15,1,8,2,0,,0.818,,2026/09/27
ヤクルト,セ,三塁手,松下 歩叶,29,14,25,1,3,,0.975,,2026/09/27
ヤクルト,セ,三塁手,山野辺 翔,1,2,2,0,0,,1,,2026/09/27
ヤクルト,セ,遊撃手,石井 巧,6,7,15,0,3,,1,,2026/09/27
ヤクルト,セ,遊撃手,伊藤 琉偉,25,15,38,1,9,,0.981,,2026/09/27
ヤクルト,セ,遊撃手,内山 壮真,2,0,1,0,0,,1,,2026/09/27
ヤクルト,セ,遊撃手,武岡 龍世,10,10,10,0,5,,1,,2026/09/27
ヤクルト,セ,遊撃手,田中 陽翔,2,1,2,0,1,,1,,2026/09/27
ヤクルト,セ,遊撃手,長岡 秀樹,118,148,295,9,47,,0.98,,2026/09/27
ヤクルト,セ,外野手,赤羽 由紘,42,30,2,0,0,,1,,2026/09/27
ヤクルト,セ,外野手,岩田 幸宏,122,268,1,3,1,,0.989,,2026/09/27
ヤクルト,セ,外野手,サンタナ,108,141,5,2,0,,0.986,,2026/09/27
ヤクルト,セ,外野手,澤井 廉,3,3,0,0,0,,1,,2026/09/27
ヤクルト,セ,外野手,塩見 泰隆,22,27,0,0,0,,1,,2026/09/27
ヤクルト,セ,外野手,並木 秀尊,33,49,1,1,0,,0.98,,2026/09/27
ヤクルト,セ,外野手,西村 瑠伊斗,27,53,1,1,1,,0.982,,2026/09/27
ヤクルト,セ,外野手,橋本 星哉,4,2,0,0,0,,1,,2026/09/27
ヤクルト,セ,外野手,増田 珠,105,187,2,2,0,,0.99,,2026/09/27
ヤクルト,セ,外野手,丸山 和郁,47,76,1,0,0,,1,,2026/09/27
ヤクルト,セ,外野手,宮本 丈,2,1,0,0,0,,1,,2026/09/27
ヤクルト,セ,外野手,モイセエフ ニキータ,1,1,0,0,0,,1,,2026/09/27
ヤクルト,セ,外野手,モンテル,49,61,1,2,0,,0.969,,2026/09/27
ヤクルト,セ,外野手,山野辺 翔,5,2,0,1,0,,0.667,,2026/09/27
ヤクルト,セ,捕手,古賀 優大,83,621,55,1,5,2,0.999,0.333,2026/09/27
ヤクルト,セ,捕手,鈴木 叶,40,269,26,4,1,0,0.987,0.238,2026/09/27
ヤクルト,セ,捕手,中村 悠平,21,117,10,0,1,1,1,0.182,2026/09/27
ヤクルト,セ,捕手,松本 直樹,13,87,1,1,1,0,0.989,0.167,2026/09/27
ヤクルト,セ,捕手,矢野 泰二郎,6,13,2,1,1,0,0.938,0.5,2026/09/27
ヤクルト,セ,投手,飯田 琉斗,1,0,0,0,0,,0,,2026/09/27
ヤクルト,セ,投手,石川 雅規,1,0,0,0,0,,0,,2026/09/27
ヤクルト,セ,投手,石原 勇輝,22,1,2,0,0,,1,,2026/09/27
ヤクルト,セ,投手,ウォルターズ,22,2,8,0,0,,1,,2026/09/27
ヤクルト,セ,投手,オスナ,1,0,0,0,0,,0,,2026/09/27
ヤクルト,セ,投手,大西 広樹,15,0,1,0,0,,1,,2026/09/27
ヤクルト,セ,投手,大道 温貴,1,0,0,0,0,,0,,2026/09/27
ヤクルト,セ,投手,小川 泰弘,8,2,7,0,0,,1,,2026/09/27
ヤクルト,セ,投手,奥川 恭伸,22,10,20,0,1,,1,,2026/09/27
ヤクルト,セ,投手,キハダ,41,2,3,0,0,,1,,2026/09/27
ヤクルト,セ,投手,木澤 尚文,11,3,0,0,1,,1,,2026/09/27
ヤクルト,セ,投手,小澤 怜史,11,0,2,0,1,,1,,2026/09/27
ヤクルト,セ,投手,阪口 皓亮,34,1,5,1,1,,0.857,,2026/09/27
ヤクルト,セ,投手,清水 昇,47,3,7,0,1,,1,,2026/09/27
ヤクルト,セ,投手,下川 隼佑,3,1,0,0,0,,1,,2026/09/27
ヤクルト,セ,投手,荘司 宏太,25,0,3,0,0,,1,,2026/09/27
ヤクルト,セ,投手,高梨 裕稔,14,3,8,0,0,,1,,2026/09/27
ヤクルト,セ,投手,高橋 奎二,17,4,8,1,0,,0.923,,2026/09/27
ヤクルト,セ,投手,拓也,7,0,0,0,0,,0,,2026/09/27
ヤクルト,セ,投手,田口 麗斗,14,0,2,1,0,,0.667,,2026/09/27
ヤクルト,セ,投手,中村 優斗,2,0,1,0,0,,1,,2026/09/27
ヤクルト,セ,投手,西舘 昂汰,1,0,0,0,0,,0,,2026/09/27
ヤクルト,セ,投手,長谷川 宙輝,1,0,1,0,0,,1,,2026/09/27
ヤクルト,セ,投手,廣澤 優,41,0,5,3,0,,0.625,,2026/09/27
ヤクルト,セ,投手,星 知弥,49,3,3,0,0,,1,,2026/09/27
ヤクルト,セ,投手,増居 翔太,8,1,4,0,0,,1,,2026/09/27
ヤクルト,セ,投手,松本 健吾,23,6,8,0,1,,1,,2026/09/27
ヤクルト,セ,投手,丸山 翔大,39,5,7,0,0,,1,,2026/09/27
ヤクルト,セ,投手,山野 太一,24,9,26,2,1,,0.946,,2026/09/27
ヤクルト,セ,投手,吉村 貢司郎,20,5,14,0,0,,1,,2026/09/27
ヤクルト,セ,投手,リランソ,39,1,3,2,0,,0.667,,2026/09/27
中日,セ,一塁手,阿部 寿樹,21,162,12,0,8,,1,,2026/09/27
中日,セ,一塁手,石川 昂弥,14,65,6,0,2,,1,,2026/09/27
中日,セ,一塁手,板山 祐太郎,11,21,1,0,0,,1,,2026/09/27
中日,セ,一塁手,サノー,82,647,43,5,40,,0.993,,2026/09/27
中日,セ,一塁手,高橋 周平,10,43,5,0,3,,1,,2026/09/27
中日,セ,一塁手,福永 裕基,15,22,0,0,3,,1,,2026/09/27
中日,セ,一塁手,ボスラー,34,258,20,3,18,,0.989,,2026/09/27
中日,セ,二塁手,板山 祐太郎,10,13,24,0,5,,1,,2026/09/27
中日,セ,二塁手,田中 幹也,76,133,206,1,32,,0.997,,2026/09/27
中日,セ,二塁手,辻本 倫太郎,6,4,7,0,2,,1,,2026/09/27
中日,セ,二塁手,土田 龍空,10,12,15,1,3,,0.964,,2026/09/27
中日,セ,二塁手,樋口 正修,6,4,8,0,0,,1,,2026/09/27
中日,セ,二塁手,福永 裕基,58,87,166,4,22,,0.984,,2026/09/27
中日,セ,二塁手,山本 泰寛,14,26,25,0,0,,1,,2026/09/27
中日,セ,三塁手,石川 昂弥,90,77,155,4,7,,0.983,,2026/09/27
中日,セ,三塁手,板山 祐太郎,1,0,0,0,0,,0,,2026/09/27
中日,セ,三塁手,高橋 周平,15,5,21,0,1,,1,,2026/09/27
中日,セ,三塁手,土田 龍空,1,0,0,0,0,,0,,2026/09/27
中日,セ,三塁手,福永 裕基,39,22,56,2,3,,0.975,,2026/09/27
中日,セ,三塁手,ボスラー,3,3,3,0,0,,1,,2026/09/27
中日,セ,三塁手,森 駿太,1,0,0,0,0,,0,,2026/09/27
中日,セ,三塁手,山本 泰寛,9,2,4,0,0,,1,,2026/09/27
中日,セ,三塁手,ロドリゲス,1,1,0,0,0,,1,,2026/09/27
中日,セ,遊撃手,田中 幹也,4,2,11,0,0,,1,,2026/09/27
中日,セ,遊撃手,辻本 倫太郎,3,0,2,0,1,,1,,2026/09/27
中日,セ,遊撃手,土田 龍空,12,17,26,1,7,,0.977,,2026/09/27
中日,セ,遊撃手,村松 開人,124,153,334,17,46,,0.966,,2026/09/27
中日,セ,遊撃手,山本 泰寛,6,8,7,1,1,,0.938,,2026/09/27
中日,セ,遊撃手,ロドリゲス,4,3,6,1,2,,0.9,,2026/09/27
中日,セ,外野手,板山 祐太郎,50,61,5,1,1,,0.985,,2026/09/27
中日,セ,外野手,上林 誠知,24,33,0,0,0,,1,,2026/09/27
中日,セ,外野手,鵜飼 航丞,47,61,1,1,0,,0.984,,2026/09/27
中日,セ,外野手,大島 洋平,18,21,0,1,0,,0.955,,2026/09/27
中日,セ,外野手,岡林 勇希,84,184,3,0,0,,1,,2026/09/27
中日,セ,外野手,尾田 剛樹,31,16,0,1,0,,0.941,,2026/09/27
中日,セ,外野手,カリステ,16,23,1,1,0,,0.96,,2026/09/27
中日,セ,外野手,土田 龍空,21,14,0,0,0,,1,,2026/09/27
中日,セ,外野手,花田 旭,44,81,0,0,0,,1,,2026/09/27
中日,セ,外野手,樋口 正修,11,4,0,0,0,,1,,2026/09/27
中日,セ,外野手,ブライト 健太,4,4,0,0,0,,1,,2026/09/27
中日,セ,外野手,福元 悠真,10,10,1,0,0,,1,,2026/09/27
中日,セ,外野手,ボスラー,35,32,1,1,0,,0.971,,2026/09/27
中日,セ,外野手,細川 成也,140,224,8,1,1,,0.996,,2026/09/27
中日,セ,捕手,石伊 雄太,110,826,59,4,9,9,0.996,0.271,2026/09/27
中日,セ,捕手,石橋 康太,2,2,0,0,0,0,1,0,2026/09/27
中日,セ,捕手,加藤 匠馬,35,164,30,0,1,2,1,0.375,2026/09/27
中日,セ,捕手,木下 拓哉,23,128,13,1,1,0,0.993,0.25,2026/09/27
中日,セ,捕手,味谷 大誠,4,5,0,0,0,0,1,0,2026/09/27
中日,セ,投手,アブレウ,24,1,4,1,0,,0.833,,2026/09/27
中日,セ,投手,伊藤 茉央,20,1,4,0,0,,1,,2026/09/27
中日,セ,投手,梅野 雄吾,2,2,0,0,0,,1,,2026/09/27
中日,セ,投手,大野 雄大,21,12,28,1,4,,0.976,,2026/09/27
中日,セ,投手,勝野 昌慶,7,0,1,0,0,,1,,2026/09/27
中日,セ,投手,金丸 夢斗,25,9,18,0,2,,1,,2026/09/27
中日,セ,投手,草加 勝,23,0,1,0,0,,1,,2026/09/27
中日,セ,投手,近藤 廉,4,1,2,0,0,,1,,2026/09/27
中日,セ,投手,齋藤 綱記,53,2,6,0,0,,1,,2026/09/27
中日,セ,投手,櫻井 頼之介,14,3,6,1,0,,0.9,,2026/09/27
中日,セ,投手,篠﨑 国忠,3,0,0,0,0,,0,,2026/09/27
中日,セ,投手,清水 達也,6,0,1,0,0,,1,,2026/09/27
中日,セ,投手,杉浦 稔大,18,2,0,0,0,,1,,2026/09/27
中日,セ,投手,髙橋 宏斗,18,4,19,1,1,,0.958,,2026/09/27
中日,セ,投手,仲地 礼亜,5,1,1,0,0,,1,,2026/09/27
中日,セ,投手,中西 聖輝,8,1,3,1,0,,0.8,,2026/09/27
中日,セ,投手,根尾 昂,9,1,0,0,0,,1,,2026/09/27
中日,セ,投手,橋本 侑樹,45,1,7,1,0,,0.889,,2026/09/27
中日,セ,投手,福 敬登,3,0,0,0,0,,0,,2026/09/27
中日,セ,投手,藤嶋 健人,45,2,8,0,0,,1,,2026/09/27
中日,セ,投手,マラー,19,7,18,1,1,,0.962,,2026/09/27
中日,セ,投手,牧野 憲伸,23,2,1,0,0,,1,,2026/09/27
中日,セ,投手,松葉 貴大,3,3,1,0,0,,1,,2026/09/27
中日,セ,投手,松山 晋也,44,1,5,0,0,,1,,2026/09/27
中日,セ,投手,三浦 瑞樹,4,0,2,0,0,,1,,2026/09/27
中日,セ,投手,宮内 春輝,2,0,0,0,0,,0,,2026/09/27
中日,セ,投手,メヒア,18,1,4,0,0,,1,,2026/09/27
中日,セ,投手,森 博人,15,0,0,0,0,,0,,2026/09/27
中日,セ,投手,柳 裕也,24,6,11,1,1,,0.944,,2026/09/27
中日,セ,投手,吉田 聖弥,51,1,4,0,0,,1,,2026/09/27
中日,セ,投手,涌井 秀章,12,1,11,0,0,,1,,2026/09/27
ソフトバンク,パ,一塁手,石塚 綜一郎,6,33,2,0,5,,1,,2026/09/27
ソフトバンク,パ,一塁手,川瀬 晃,4,4,0,0,0,,1,,2026/09/27
ソフトバンク,パ,一塁手,栗原 陵矢,40,111,6,0,11,,1,,2026/09/27
ソフトバンク,パ,一塁手,ダウンズ,2,13,1,1,1,,0.933,,2026/09/27
ソフトバンク,パ,一塁手,髙橋 隆慶,1,6,1,0,0,,1,,2026/09/27
ソフトバンク,パ,一塁手,中村 晃,5,26,2,0,3,,1,,2026/09/27
ソフトバンク,パ,一塁手,廣瀨 隆太,27,167,17,0,15,,1,,2026/09/27
ソフトバンク,パ,一塁手,正木 智也,64,394,26,2,36,,0.995,,2026/09/27
ソフトバンク,パ,一塁手,山川 穂高,47,322,16,5,30,,0.985,,2026/09/27
ソフトバンク,パ,二塁手,今宮 健太,17,35,42,2,12,,0.975,,2026/09/27
ソフトバンク,パ,二塁手,川瀬 晃,18,19,41,0,8,,1,,2026/09/27
ソフトバンク,パ,二塁手,庄子 雄大,19,34,47,0,10,,1,,2026/09/27
ソフトバンク,パ,二塁手,野村 勇,3,3,1,0,0,,1,,2026/09/27
ソフトバンク,パ,二塁手,廣瀨 隆太,2,0,3,0,0,,1,,2026/09/27
ソフトバンク,パ,二塁手,牧原 大成,110,183,294,3,57,,0.994,,2026/09/27
ソフトバンク,パ,三塁手,今宮 健太,5,1,4,0,0,,1,,2026/09/27
ソフトバンク,パ,三塁手,川瀬 晃,6,1,4,0,0,,1,,2026/09/27
ソフトバンク,パ,三塁手,栗原 陵矢,129,66,169,13,22,,0.948,,2026/09/27
ソフトバンク,パ,三塁手,庄子 雄大,1,0,0,0,0,,0,,2026/09/27
ソフトバンク,パ,三塁手,野村 勇,35,16,11,3,4,,0.9,,2026/09/27
ソフトバンク,パ,三塁手,廣瀨 隆太,1,0,0,0,0,,0,,2026/09/27
ソフトバンク,パ,遊撃手,今宮 健太,24,38,50,1,14,,0.989,,2026/09/27
ソフトバンク,パ,遊撃手,川瀬 晃,45,50,92,0,19,,1,,2026/09/27
ソフトバンク,パ,遊撃手,庄子 雄大,77,88,162,5,30,,0.98,,2026/09/27
ソフトバンク,パ,遊撃手,野村 勇,28,33,56,2,11,,0.978,,2026/09/27
ソフトバンク,パ,外野手,イヒネ イツア,6,0,0,0,0,,0,,2026/09/27
ソフトバンク,パ,外野手,石塚 綜一郎,1,1,0,0,0,,1,,2026/09/27
ソフトバンク,パ,外野手,緒方 理貢,8,8,0,0,0,,1,,2026/09/27
ソフトバンク,パ,外野手,川村 友斗,99,48,1,0,0,,1,,2026/09/27
ソフトバンク,パ,外野手,近藤 健介,95,175,2,3,0,,0.983,,2026/09/27
ソフトバンク,パ,外野手,笹川 吉康,13,35,1,0,0,,1,,2026/09/27
ソフトバンク,パ,外野手,周東 佑京,121,307,4,0,1,,1,,2026/09/27
ソフトバンク,パ,外野手,谷川原 健太,62,23,2,1,0,,0.962,,2026/09/27
ソフトバンク,パ,外野手,牧原 大成,29,42,1,0,0,,1,,2026/09/27
ソフトバンク,パ,外野手,正木 智也,52,81,0,1,0,,0.988,,2026/09/27
ソフトバンク,パ,外野手,柳田 悠岐,29,40,0,0,0,,1,,2026/09/27
ソフトバンク,パ,外野手,柳町 達,72,125,0,2,0,,0.984,,2026/09/27
ソフトバンク,パ,外野手,山本 恵大,16,22,1,1,0,,0.958,,2026/09/27
ソフトバンク,パ,捕手,海野 隆司,86,612,62,0,3,4,1,0.467,2026/09/27
ソフトバンク,パ,捕手,谷川原 健太,20,55,13,0,3,0,1,0.273,2026/09/27
ソフトバンク,パ,捕手,山本 祐大,51,369,26,2,2,2,0.995,0.278,2026/09/27
ソフトバンク,パ,捕手,渡邉 陸,16,85,8,1,0,1,0.989,0.167,2026/09/27
ソフトバンク,パ,投手,アルメンタ,2,0,0,0,0,,0,,2026/09/27
ソフトバンク,パ,投手,伊藤 優輔,33,1,6,0,1,,1,,2026/09/27
ソフトバンク,パ,投手,稲川 竜汰,1,0,0,0,0,,0,,2026/09/27
ソフトバンク,パ,投手,岩井 俊介,5,0,1,0,0,,1,,2026/09/27
ソフトバンク,パ,投手,上沢 直之,21,9,8,0,0,,1,,2026/09/27
ソフトバンク,パ,投手,オスナ,46,4,2,0,0,,1,,2026/09/27
ソフトバンク,パ,投手,大江 竜聖,3,0,2,0,0,,1,,2026/09/27
ソフトバンク,パ,投手,大関 友久,10,2,9,0,1,,1,,2026/09/27
ソフトバンク,パ,投手,大竹 風雅,6,1,1,1,0,,0.667,,2026/09/27
ソフトバンク,パ,投手,大津 亮介,22,3,16,0,2,,1,,2026/09/27
ソフトバンク,パ,投手,大野 稼頭央,4,1,0,0,0,,1,,2026/09/27
ソフトバンク,パ,投手,大山 凌,4,0,1,0,0,,1,,2026/09/27
ソフトバンク,パ,投手,尾形 崇斗,10,0,2,0,0,,1,,2026/09/27
ソフトバンク,パ,投手,上茶谷 大河,35,6,11,0,0,,1,,2026/09/27
ソフトバンク,パ,投手,木村 光,37,3,6,0,0,,1,,2026/09/27
ソフトバンク,パ,投手,小林 樹斗,10,2,2,0,1,,1,,2026/09/27
ソフトバンク,パ,投手,徐 若熙,6,1,4,0,0,,1,,2026/09/27
ソフトバンク,パ,投手,スチュワート・ジュニア,14,8,7,1,0,,0.938,,2026/09/27
ソフトバンク,パ,投手,杉山 一樹,54,1,4,1,0,,0.833,,2026/09/27
ソフトバンク,パ,投手,鈴木 豪太,39,8,3,1,0,,0.917,,2026/09/27
ソフトバンク,パ,投手,津森 宥紀,50,1,2,0,0,,1,,2026/09/27
ソフトバンク,パ,投手,中村 稔弥,7,2,1,0,0,,1,,2026/09/27
ソフトバンク,パ,投手,藤原 大翔,2,0,0,0,0,,0,,2026/09/27
ソフトバンク,パ,投手,ヘルナンデス,45,3,2,0,0,,1,,2026/09/27
ソフトバンク,パ,投手,北斗,1,0,1,0,0,,1,,2026/09/27
ソフトバンク,パ,投手,前田 純,4,0,1,0,1,,1,,2026/09/27
ソフトバンク,パ,投手,前田 悠伍,18,4,8,0,0,,1,,2026/09/27
ソフトバンク,パ,投手,松本 晴,21,4,15,0,0,,1,,2026/09/27
ソフトバンク,パ,投手,松本 裕樹,57,4,6,0,0,,1,,2026/09/27
ソフトバンク,パ,投手,村上 泰斗,1,0,0,0,0,,0,,2026/09/27
ソフトバンク,パ,投手,モイネロ,7,0,3,0,0,,1,,2026/09/27
ソフトバンク,パ,投手,ラトリッジ,1,1,0,0,0,,1,,2026/09/27
日本ハム,パ,一塁手,有薗 直輝,1,2,0,0,0,,1,,2026/09/27
日本ハム,パ,一塁手,清宮 幸太郎,118,836,102,13,69,,0.986,,2026/09/27
日本ハム,パ,一塁手,郡司 裕也,10,62,2,0,1,,1,,2026/09/27
日本ハム,パ,一塁手,柴田 獅子,1,3,0,1,1,,0.75,,2026/09/27
日本ハム,パ,一塁手,清水 優心,2,1,0,0,0,,1,,2026/09/27
日本ハム,パ,一塁手,西川 遥輝,2,7,1,0,0,,1,,2026/09/27
日本ハム,パ,一塁手,野村 佑希,16,104,9,0,10,,1,,2026/09/27
日本ハム,パ,一塁手,細川 凌平,10,17,1,0,5,,1,,2026/09/27
日本ハム,パ,一塁手,マルティネス,2,18,2,0,0,,1,,2026/09/27
日本ハム,パ,一塁手,吉田 賢吾,6,35,3,0,4,,1,,2026/09/27
日本ハム,パ,一塁手,レイエス,9,70,7,0,11,,1,,2026/09/27
日本ハム,パ,二塁手,大塚 瑠晏,34,37,67,1,13,,0.99,,2026/09/27
日本ハム,パ,二塁手,カストロ,17,25,34,2,1,,0.967,,2026/09/27
日本ハム,パ,二塁手,上川畑 大悟,17,23,43,1,10,,0.985,,2026/09/27
日本ハム,パ,二塁手,常谷 拓輝,3,6,4,0,0,,1,,2026/09/27
日本ハム,パ,二塁手,奈良間 大己,87,117,196,5,38,,0.984,,2026/09/27
日本ハム,パ,二塁手,野村 佑希,7,2,10,1,0,,0.923,,2026/09/27
日本ハム,パ,二塁手,細川 凌平,11,7,22,1,3,,0.967,,2026/09/27
日本ハム,パ,二塁手,水野 達稀,8,6,19,0,4,,1,,2026/09/27
日本ハム,パ,二塁手,山縣 秀,25,28,48,2,12,,0.974,,2026/09/27
日本ハム,パ,二塁手,吉田 賢吾,1,0,0,0,0,,0,,2026/09/27
日本ハム,パ,三塁手,有薗 直輝,31,14,31,3,0,,0.938,,2026/09/27
日本ハム,パ,三塁手,大塚 瑠晏,19,4,13,1,1,,0.944,,2026/09/27
日本ハム,パ,三塁手,カストロ,5,2,3,1,0,,0.833,,2026/09/27
日本ハム,パ,三塁手,上川畑 大悟,5,1,3,0,0,,1,,2026/09/27
日本ハム,パ,三塁手,清宮 幸太郎,5,1,3,2,0,,0.667,,2026/09/27
日本ハム,パ,三塁手,郡司 裕也,62,49,76,10,5,,0.926,,2026/09/27
日本ハム,パ,三塁手,常谷 拓輝,1,0,0,0,0,,0,,2026/09/27
日本ハム,パ,三塁手,奈良間 大己,30,6,17,0,0,,1,,2026/09/27
日本ハム,パ,三塁手,野村 佑希,36,13,33,3,3,,0.939,,2026/09/27
日本ハム,パ,三塁手,細川 凌平,8,2,4,1,0,,0.857,,2026/09/27
日本ハム,パ,三塁手,山縣 秀,24,9,13,0,2,,1,,2026/09/27
日本ハム,パ,遊撃手,大塚 瑠晏,12,17,16,0,3,,1,,2026/09/27
日本ハム,パ,遊撃手,カストロ,1,1,0,0,0,,1,,2026/09/27
日本ハム,パ,遊撃手,上川畑 大悟,3,2,3,0,0,,1,,2026/09/27
日本ハム,パ,遊撃手,中島 卓也,1,3,0,1,0,,0.75,,2026/09/27
日本ハム,パ,遊撃手,奈良間 大己,7,1,11,0,3,,1,,2026/09/27
日本ハム,パ,遊撃手,水野 達稀,123,179,290,11,71,,0.977,,2026/09/27
日本ハム,パ,遊撃手,山縣 秀,18,14,25,0,6,,1,,2026/09/27
日本ハム,パ,外野手,淺間 大基,16,29,1,0,0,,1,,2026/09/27
日本ハム,パ,外野手,五十幡 亮汰,86,112,0,0,0,,1,,2026/09/27
日本ハム,パ,外野手,今川 優馬,16,20,0,0,0,,1,,2026/09/27
日本ハム,パ,外野手,エドポロ ケイン,4,6,0,0,0,,1,,2026/09/27
日本ハム,パ,外野手,カストロ,49,74,1,1,0,,0.987,,2026/09/27
日本ハム,パ,外野手,清宮 幸太郎,6,6,0,0,0,,1,,2026/09/27
日本ハム,パ,外野手,郡司 裕也,18,35,0,0,0,,1,,2026/09/27
日本ハム,パ,外野手,田宮 裕涼,2,3,0,0,0,,1,,2026/09/27
日本ハム,パ,外野手,西川 遥輝,21,32,0,3,0,,0.914,,2026/09/27
日本ハム,パ,外野手,野村 佑希,61,110,1,1,0,,0.991,,2026/09/27
日本ハム,パ,外野手,細川 凌平,62,61,1,1,0,,0.984,,2026/09/27
日本ハム,パ,外野手,マルティネス,7,9,0,0,0,,1,,2026/09/27
日本ハム,パ,外野手,万波 中正,115,167,7,4,2,,0.978,,2026/09/27
日本ハム,パ,外野手,水谷 瞬,54,84,1,0,0,,1,,2026/09/27
日本ハム,パ,外野手,宮崎 一樹,6,10,1,0,0,,1,,2026/09/27
日本ハム,パ,外野手,矢澤 宏太,59,70,1,1,0,,0.986,,2026/09/27
日本ハム,パ,外野手,吉田 賢吾,31,34,0,0,0,,1,,2026/09/27
日本ハム,パ,捕手,梅林 優貴,2,13,0,0,0,0,1,0,2026/09/27
日本ハム,パ,捕手,郡司 裕也,14,77,9,1,2,0,0.989,0.333,2026/09/27
日本ハム,パ,捕手,清水 優心,17,57,5,0,0,0,1,1,2026/09/27
日本ハム,パ,捕手,進藤 勇也,63,366,31,0,2,3,1,0.357,2026/09/27
日本ハム,パ,捕手,田宮 裕涼,87,578,46,4,4,0,0.994,0.31,2026/09/27
日本ハム,パ,捕手,マルティネス,1,3,0,1,0,0,0.75,0,2026/09/27
日本ハム,パ,捕手,吉田 賢吾,1,3,0,0,0,1,1,0,2026/09/27
日本ハム,パ,投手,有原 航平,17,12,11,0,3,,1,,2026/09/27
日本ハム,パ,投手,池田 隆英,8,1,0,0,0,,1,,2026/09/27
日本ハム,パ,投手,伊藤 大海,26,8,20,2,1,,0.933,,2026/09/27
日本ハム,パ,投手,上原 健太,42,2,6,0,0,,1,,2026/09/27
日本ハム,パ,投手,大川 慈英,5,0,0,0,0,,0,,2026/09/27
日本ハム,パ,投手,加藤 貴之,20,6,10,0,1,,1,,2026/09/27
日本ハム,パ,投手,金村 尚真,16,2,4,0,0,,1,,2026/09/27
日本ハム,パ,投手,河野 竜生,5,0,1,0,0,,1,,2026/09/27
日本ハム,パ,投手,菊地 大稀,6,2,1,0,0,,1,,2026/09/27
日本ハム,パ,投手,北山 亘基,23,11,16,3,1,,0.9,,2026/09/27
日本ハム,パ,投手,畔柳 亨丞,7,0,0,0,0,,0,,2026/09/27
日本ハム,パ,投手,古林 睿煬,7,0,1,0,0,,1,,2026/09/27
日本ハム,パ,投手,齋藤 友貴哉,17,1,0,0,0,,1,,2026/09/27
日本ハム,パ,投手,柴田 獅子,8,1,0,0,0,,1,,2026/09/27
日本ハム,パ,投手,島本 浩也,45,2,3,0,0,,1,,2026/09/27
日本ハム,パ,投手,清水 大暉,2,0,0,0,0,,0,,2026/09/27
日本ハム,パ,投手,進藤 勇也,1,0,0,0,0,,0,,2026/09/27
日本ハム,パ,投手,孫 易磊,20,1,1,0,0,,1,,2026/09/27
日本ハム,パ,投手,清宮 虎多朗,1,0,0,0,0,,0,,2026/09/27
日本ハム,パ,投手,達 孝太,27,12,18,1,0,,0.968,,2026/09/27
日本ハム,パ,投手,田中 正義,40,4,3,0,0,,1,,2026/09/27
日本ハム,パ,投手,玉井 大翔,12,1,2,1,1,,0.75,,2026/09/27
日本ハム,パ,投手,生田目 翼,14,0,1,0,0,,1,,2026/09/27
日本ハム,パ,投手,福島 蓮,26,4,5,0,0,,1,,2026/09/27
日本ハム,パ,投手,福谷 浩司,12,0,2,0,0,,1,,2026/09/27
日本ハム,パ,投手,細野 晴希,12,4,13,2,0,,0.895,,2026/09/27
日本ハム,パ,投手,堀 瑞輝,42,2,4,0,0,,1,,2026/09/27
日本ハム,パ,投手,松岡 洸希,2,0,0,0,0,,0,,2026/09/27
日本ハム,パ,投手,宮西 尚生,8,1,2,0,0,,1,,2026/09/27
日本ハム,パ,投手,矢澤 宏太,1,0,0,0,0,,0,,2026/09/27
日本ハム,パ,投手,柳川 大晟,52,5,5,1,1,,0.909,,2026/09/27
日本ハム,パ,投手,山﨑 福也,17,7,12,0,0,,1,,2026/09/27
日本ハム,パ,投手,山本 拓実,15,1,1,0,0,,1,,2026/09/27
日本ハム,パ,投手,ラオ,3,2,0,0,0,,1,,2026/09/27
ロッテ,パ,一塁手,池田 来翔,63,189,17,1,11,,0.995,,2026/09/27
ロッテ,パ,一塁手,井上 広大,5,24,1,0,3,,1,,2026/09/27
ロッテ,パ,一塁手,上田 希由翔,27,154,8,1,6,,0.994,,2026/09/27
ロッテ,パ,一塁手,岡 大海,7,27,2,0,1,,1,,2026/09/27
ロッテ,パ,一塁手,佐藤 都志也,5,25,4,2,2,,0.935,,2026/09/27
ロッテ,パ,一塁手,ソト,65,423,27,2,38,,0.996,,2026/09/27
ロッテ,パ,一塁手,立松 由宇,2,14,1,0,0,,1,,2026/09/27
ロッテ,パ,一塁手,寺地 隆成,4,8,0,0,0,,1,,2026/09/27
ロッテ,パ,一塁手,宮崎 竜成,1,1,0,0,0,,1,,2026/09/27
ロッテ,パ,一塁手,安田 尚憲,30,177,10,2,17,,0.989,,2026/09/27
ロッテ,パ,一塁手,山口 航輝,11,51,5,2,5,,0.966,,2026/09/27
ロッテ,パ,二塁手,池田 来翔,6,4,6,0,0,,1,,2026/09/27
ロッテ,パ,二塁手,石垣 勝海,1,0,5,0,0,,1,,2026/09/27
ロッテ,パ,二塁手,上田 希由翔,8,4,25,0,5,,1,,2026/09/27
ロッテ,パ,二塁手,小川 龍成,125,264,353,4,69,,0.994,,2026/09/27
ロッテ,パ,二塁手,友杉 篤輝,1,1,0,0,0,,1,,2026/09/27
ロッテ,パ,二塁手,藤岡 裕大,7,14,16,0,3,,1,,2026/09/27
ロッテ,パ,二塁手,宮崎 竜成,10,8,10,0,3,,1,,2026/09/27
ロッテ,パ,二塁手,山﨑 剛,2,1,4,0,1,,1,,2026/09/27
ロッテ,パ,三塁手,池田 来翔,10,0,4,0,0,,1,,2026/09/27
ロッテ,パ,三塁手,石垣 勝海,5,0,0,0,0,,0,,2026/09/27
ロッテ,パ,三塁手,上田 希由翔,21,15,29,2,2,,0.957,,2026/09/27
ロッテ,パ,三塁手,寺地 隆成,92,43,117,7,12,,0.958,,2026/09/27
ロッテ,パ,三塁手,藤岡 裕大,1,0,0,0,0,,0,,2026/09/27
ロッテ,パ,三塁手,宮崎 竜成,22,0,4,0,0,,1,,2026/09/27
ロッテ,パ,三塁手,安田 尚憲,27,19,25,2,1,,0.957,,2026/09/27
ロッテ,パ,三塁手,山﨑 剛,6,4,7,0,3,,1,,2026/09/27
ロッテ,パ,遊撃手,石垣 勝海,2,1,1,0,1,,1,,2026/09/27
ロッテ,パ,遊撃手,小川 龍成,16,9,32,0,5,,1,,2026/09/27
ロッテ,パ,遊撃手,茶谷 健太,6,4,6,0,3,,1,,2026/09/27
ロッテ,パ,遊撃手,友杉 篤輝,86,120,219,8,32,,0.977,,2026/09/27
ロッテ,パ,遊撃手,藤岡 裕大,1,2,3,0,0,,1,,2026/09/27
ロッテ,パ,遊撃手,宮崎 竜成,11,5,7,0,2,,1,,2026/09/27
ロッテ,パ,遊撃手,山﨑 剛,53,64,116,0,22,,1,,2026/09/27
ロッテ,パ,外野手,愛斗,38,68,2,1,1,,0.986,,2026/09/27
ロッテ,パ,外野手,池田 来翔,1,1,0,0,0,,1,,2026/09/27
ロッテ,パ,外野手,井上 広大,27,42,4,2,0,,0.958,,2026/09/27
ロッテ,パ,外野手,岡 大海,17,18,0,0,0,,1,,2026/09/27
ロッテ,パ,外野手,角中 勝也,1,0,0,0,0,,0,,2026/09/27
ロッテ,パ,外野手,髙部 瑛斗,41,94,0,1,0,,0.989,,2026/09/27
ロッテ,パ,外野手,西川 史礁,125,275,1,4,0,,0.986,,2026/09/27
ロッテ,パ,外野手,藤原 恭大,100,200,7,0,1,,1,,2026/09/27
ロッテ,パ,外野手,山口 航輝,54,89,0,0,0,,1,,2026/09/27
ロッテ,パ,外野手,山本 大斗,62,71,0,1,0,,0.986,,2026/09/27
ロッテ,パ,外野手,和田 康士朗,19,16,0,0,0,,1,,2026/09/27
ロッテ,パ,捕手,佐藤 都志也,120,734,79,4,4,3,0.995,0.304,2026/09/27
ロッテ,パ,捕手,田村 龍弘,2,4,3,0,0,0,1,0.5,2026/09/27
ロッテ,パ,捕手,寺地 隆成,1,0,0,0,0,0,0,0,2026/09/27
ロッテ,パ,捕手,松川 虎生,45,206,23,0,2,3,1,0.36,2026/09/27
ロッテ,パ,投手,東妻 勇輔,1,0,0,0,0,,0,,2026/09/27
ロッテ,パ,投手,石川 柊太,6,0,1,1,0,,0.5,,2026/09/27
ロッテ,パ,投手,石垣 元気,2,0,0,0,0,,0,,2026/09/27
ロッテ,パ,投手,小島 和哉,19,6,10,0,0,,1,,2026/09/27
ロッテ,パ,投手,小野 郁,38,0,4,0,0,,1,,2026/09/27
ロッテ,パ,投手,カスティーヨ,7,0,1,1,0,,0.5,,2026/09/27
ロッテ,パ,投手,唐川 侑己,1,0,0,0,0,,0,,2026/09/27
ロッテ,パ,投手,河村 説人,8,1,3,0,0,,1,,2026/09/27
ロッテ,パ,投手,菊地 吏玖,2,0,1,0,0,,1,,2026/09/27
ロッテ,パ,投手,木村 優人,3,1,1,1,0,,0.667,,2026/09/27
ロッテ,パ,投手,坂本 光士郎,27,0,4,0,1,,1,,2026/09/27
ロッテ,パ,投手,澤田 圭佑,41,2,6,0,0,,1,,2026/09/27
ロッテ,パ,投手,ジャクソン,24,4,15,2,0,,0.905,,2026/09/27
ロッテ,パ,投手,鈴木 昭汰,53,4,9,1,0,,0.929,,2026/09/27
ロッテ,パ,投手,高野 脩汰,31,2,5,2,0,,0.778,,2026/09/27
ロッテ,パ,投手,髙橋 快秀,5,1,1,0,0,,1,,2026/09/27
ロッテ,パ,投手,田中 晴也,16,3,7,0,0,,1,,2026/09/27
ロッテ,パ,投手,種市 篤暉,2,0,0,0,0,,0,,2026/09/27
ロッテ,パ,投手,中森 俊介,39,4,3,0,0,,1,,2026/09/27
ロッテ,パ,投手,西野 勇士,6,1,4,0,0,,1,,2026/09/27
ロッテ,パ,投手,廣池 康志郎,16,1,6,0,0,,1,,2026/09/27
ロッテ,パ,投手,廣畑 敦也,4,2,1,0,0,,1,,2026/09/27
ロッテ,パ,投手,益田 直也,37,2,2,0,0,,1,,2026/09/27
ロッテ,パ,投手,宮﨑 颯,10,1,0,0,0,,1,,2026/09/27
ロッテ,パ,投手,毛利 海大,17,3,9,1,0,,0.923,,2026/09/27
ロッテ,パ,投手,森 遼大朗,1,0,0,0,0,,0,,2026/09/27
ロッテ,パ,投手,八木 彬,44,6,4,0,0,,1,,2026/09/27
ロッテ,パ,投手,大聖,1,0,0,0,0,,0,,2026/09/27
ロッテ,パ,投手,横山 陸人,52,5,8,0,0,,1,,2026/09/27
ロッテ,パ,投手,吉川 悠斗,2,1,0,0,0,,1,,2026/09/27
ロッテ,パ,投手,ルケーシー,4,1,4,0,0,,1,,2026/09/27
ロッテ,パ,投手,ロング,25,2,3,1,0,,0.833,,2026/09/27
西武,パ,一塁手,岸 潤一郎,8,36,2,0,3,,1,,2026/09/27
西武,パ,一塁手,外崎 修汰,5,23,1,0,1,,1,,2026/09/27
西武,パ,一塁手,仲田 慶介,3,9,0,0,1,,1,,2026/09/27
西武,パ,一塁手,ネビン,81,756,57,5,72,,0.994,,2026/09/27
西武,パ,一塁手,長谷川 信哉,28,192,14,0,16,,1,,2026/09/27
西武,パ,一塁手,平沢 大河,39,254,15,2,23,,0.993,,2026/09/27
西武,パ,一塁手,村田 怜音,1,3,0,0,1,,1,,2026/09/27
西武,パ,一塁手,山村 崇嘉,11,61,12,0,10,,1,,2026/09/27
西武,パ,二塁手,石井 一成,63,107,214,5,47,,0.985,,2026/09/27
西武,パ,二塁手,児玉 亮涼,2,2,4,0,0,,1,,2026/09/27
西武,パ,二塁手,佐藤 太陽,10,13,30,1,9,,0.977,,2026/09/27
西武,パ,二塁手,滝澤 夏央,84,93,176,5,40,,0.982,,2026/09/27
西武,パ,二塁手,外崎 修汰,17,29,45,0,8,,1,,2026/09/27
西武,パ,二塁手,仲田 慶介,10,12,24,0,5,,1,,2026/09/27
西武,パ,二塁手,平沢 大河,4,3,4,0,3,,1,,2026/09/27
西武,パ,三塁手,石井 一成,3,1,2,0,1,,1,,2026/09/27
西武,パ,三塁手,児玉 亮涼,8,0,0,0,0,,0,,2026/09/27
西武,パ,三塁手,佐藤 太陽,3,1,0,0,0,,1,,2026/09/27
西武,パ,三塁手,滝澤 夏央,9,1,7,1,1,,0.889,,2026/09/27
西武,パ,三塁手,仲田 慶介,1,0,0,0,0,,0,,2026/09/27
西武,パ,三塁手,平沢 大河,29,19,40,5,2,,0.922,,2026/09/27
西武,パ,三塁手,山村 崇嘉,17,7,29,2,3,,0.947,,2026/09/27
西武,パ,三塁手,渡部 聖弥,101,60,162,11,21,,0.953,,2026/09/27
西武,パ,遊撃手,源田 壮亮,115,134,247,6,51,,0.984,,2026/09/27
西武,パ,遊撃手,佐藤 太陽,1,0,0,0,0,,0,,2026/09/27
西武,パ,遊撃手,滝澤 夏央,68,81,168,5,46,,0.98,,2026/09/27
西武,パ,遊撃手,仲田 慶介,1,0,1,0,0,,1,,2026/09/27
西武,パ,外野手,秋山 俊,5,1,0,1,0,,0.5,,2026/09/27
西武,パ,外野手,カナリオ,123,168,4,2,1,,0.989,,2026/09/27
西武,パ,外野手,岸 潤一郎,86,102,2,1,0,,0.99,,2026/09/27
西武,パ,外野手,桑原 将志,60,99,0,2,0,,0.98,,2026/09/27
西武,パ,外野手,髙松 渡,2,0,0,0,0,,0,,2026/09/27
西武,パ,外野手,茶野 篤政,11,6,0,0,0,,1,,2026/09/27
西武,パ,外野手,仲田 慶介,4,1,0,0,0,,1,,2026/09/27
西武,パ,外野手,仲三 優太,5,4,0,0,0,,1,,2026/09/27
西武,パ,外野手,西川 愛也,96,148,2,0,1,,1,,2026/09/27
西武,パ,外野手,長谷川 信哉,62,98,1,1,0,,0.99,,2026/09/27
西武,パ,外野手,平沢 大河,27,37,0,1,0,,0.974,,2026/09/27
西武,パ,外野手,蛭間 拓哉,29,51,0,0,0,,1,,2026/09/27
西武,パ,外野手,林 安可,29,34,0,1,0,,0.971,,2026/09/27
西武,パ,外野手,若林 楽人,5,9,1,0,0,,1,,2026/09/27
西武,パ,捕手,古賀 悠斗,78,386,52,1,2,3,0.998,0.5,2026/09/27
西武,パ,捕手,小島 大河,81,536,60,0,6,5,1,0.22,2026/09/27
西武,パ,捕手,柘植 世那,29,127,8,0,0,0,1,0,2026/09/27
西武,パ,投手,青山 美夏人,2,0,0,0,0,,0,,2026/09/27
西武,パ,投手,糸川 亮太,9,0,2,0,0,,1,,2026/09/27
西武,パ,投手,岩城 颯空,31,1,3,0,0,,1,,2026/09/27
西武,パ,投手,ウィンゲンター,25,0,1,0,0,,1,,2026/09/27
西武,パ,投手,上田 大河,14,2,5,0,0,,1,,2026/09/27
西武,パ,投手,甲斐野 央,54,6,9,0,1,,1,,2026/09/27
西武,パ,投手,黒木 優太,16,1,1,0,0,,1,,2026/09/27
西武,パ,投手,黒田 将矢,29,0,1,0,0,,1,,2026/09/27
西武,パ,投手,佐藤 隼輔,35,1,3,1,0,,0.8,,2026/09/27
西武,パ,投手,佐藤 爽,9,5,7,0,0,,1,,2026/09/27
西武,パ,投手,篠原 響,44,2,6,0,0,,1,,2026/09/27
西武,パ,投手,菅井 信也,10,1,2,0,0,,1,,2026/09/27
西武,パ,投手,杉山 遙希,1,1,1,0,0,,1,,2026/09/27
西武,パ,投手,隅田 知一郎,23,6,20,1,1,,0.963,,2026/09/27
西武,パ,投手,平良 海馬,22,8,14,0,0,,1,,2026/09/27
西武,パ,投手,髙橋 光成,21,12,11,1,1,,0.958,,2026/09/27
西武,パ,投手,武内 夏暉,22,3,21,0,1,,1,,2026/09/27
西武,パ,投手,中村 祐太,22,2,3,0,1,,1,,2026/09/27
西武,パ,投手,成田 晴風,2,0,1,0,0,,1,,2026/09/27
西武,パ,投手,羽田 慎之介,8,0,2,0,0,,1,,2026/09/27
西武,パ,投手,浜屋 将太,25,2,5,0,1,,1,,2026/09/27
西武,パ,投手,冨士 大和,3,0,1,0,0,,1,,2026/09/27
西武,パ,投手,堀越 啓太,2,0,0,0,0,,0,,2026/09/27
西武,パ,投手,松本 航,9,0,1,0,0,,1,,2026/09/27
西武,パ,投手,豆田 泰志,30,1,5,0,0,,1,,2026/09/27
西武,パ,投手,森脇 亮介,23,0,3,0,0,,1,,2026/09/27
西武,パ,投手,山田 陽翔,9,0,0,0,0,,0,,2026/09/27
西武,パ,投手,Ｅ．ラミレス,9,1,2,0,0,,1,,2026/09/27
西武,パ,投手,ワイナンス,8,1,6,0,0,,1,,2026/09/27
西武,パ,投手,渡邉 勇太朗,20,7,11,1,0,,0.947,,2026/09/27
オリックス,パ,一塁手,太田 椋,65,430,36,4,27,,0.991,,2026/09/27
オリックス,パ,一塁手,シーモア,27,197,18,0,14,,1,,2026/09/27
オリックス,パ,一塁手,内藤 鵬,5,43,3,0,3,,1,,2026/09/27
オリックス,パ,一塁手,平沼 翔太,8,19,5,1,3,,0.96,,2026/09/27
オリックス,パ,一塁手,廣岡 大志,2,11,2,0,1,,1,,2026/09/27
オリックス,パ,一塁手,山中 稜真,65,515,29,3,45,,0.995,,2026/09/27
オリックス,パ,二塁手,大城 滉二,18,19,32,0,6,,1,,2026/09/27
オリックス,パ,二塁手,太田 椋,77,139,238,6,44,,0.984,,2026/09/27
オリックス,パ,二塁手,宜保 翔,11,18,36,0,5,,1,,2026/09/27
オリックス,パ,二塁手,杉澤 龍,1,0,1,0,0,,1,,2026/09/27
オリックス,パ,二塁手,西野 真弘,17,17,34,0,4,,1,,2026/09/27
オリックス,パ,二塁手,野口 智哉,54,58,106,2,15,,0.988,,2026/09/27
オリックス,パ,二塁手,平沼 翔太,1,2,2,1,0,,0.8,,2026/09/27
オリックス,パ,二塁手,横山 聖哉,1,3,3,0,0,,1,,2026/09/27
オリックス,パ,三塁手,大城 滉二,1,0,1,0,0,,1,,2026/09/27
オリックス,パ,三塁手,西野 真弘,8,3,20,0,2,,1,,2026/09/27
オリックス,パ,三塁手,野口 智哉,9,3,7,1,1,,0.909,,2026/09/27
オリックス,パ,三塁手,平沼 翔太,3,0,3,0,0,,1,,2026/09/27
オリックス,パ,三塁手,廣岡 大志,1,0,0,0,0,,0,,2026/09/27
オリックス,パ,三塁手,宗 佑磨,132,84,205,7,14,,0.976,,2026/09/27
オリックス,パ,三塁手,横山 聖哉,1,1,0,0,0,,1,,2026/09/27
オリックス,パ,遊撃手,宜保 翔,3,5,6,1,1,,0.917,,2026/09/27
オリックス,パ,遊撃手,紅林 弘太郎,134,203,340,5,78,,0.991,,2026/09/27
オリックス,パ,遊撃手,野口 智哉,11,9,17,0,3,,1,,2026/09/27
オリックス,パ,遊撃手,横山 聖哉,4,2,7,1,0,,0.9,,2026/09/27
オリックス,パ,外野手,池田 陵真,9,16,1,0,0,,1,,2026/09/27
オリックス,パ,外野手,来田 涼斗,94,135,1,3,1,,0.978,,2026/09/27
オリックス,パ,外野手,宜保 翔,1,0,0,0,0,,0,,2026/09/27
オリックス,パ,外野手,杉澤 龍,24,35,2,0,1,,1,,2026/09/27
オリックス,パ,外野手,杉本 裕太郎,3,5,0,0,0,,1,,2026/09/27
オリックス,パ,外野手,中川 圭太,109,223,5,1,0,,0.996,,2026/09/27
オリックス,パ,外野手,西川 龍馬,92,162,5,3,2,,0.982,,2026/09/27
オリックス,パ,外野手,野口 智哉,1,0,0,0,0,,0,,2026/09/27
オリックス,パ,外野手,平沼 翔太,4,3,0,0,0,,1,,2026/09/27
オリックス,パ,外野手,廣岡 大志,12,19,0,0,0,,1,,2026/09/27
オリックス,パ,外野手,麦谷 祐介,43,39,1,0,0,,1,,2026/09/27
オリックス,パ,外野手,山中 稜真,26,42,1,0,0,,1,,2026/09/27
オリックス,パ,外野手,渡部 遼人,88,190,3,1,0,,0.995,,2026/09/27
オリックス,パ,捕手,石川 亮,10,28,2,0,0,0,1,0,2026/09/27
オリックス,パ,捕手,福永 奨,28,96,8,0,2,1,1,0.667,2026/09/27
オリックス,パ,捕手,堀 柊那,12,47,6,1,1,1,0.981,0,2026/09/27
オリックス,パ,捕手,森 友哉,21,135,16,0,0,1,1,0.273,2026/09/27
オリックス,パ,捕手,若月 健矢,110,696,82,4,6,1,0.995,0.267,2026/09/27
オリックス,パ,投手,阿部 翔太,13,0,0,0,0,,0,,2026/09/27
オリックス,パ,投手,入山 海斗,39,4,4,0,0,,1,,2026/09/27
オリックス,パ,投手,岩嵜 翔,23,0,6,0,0,,1,,2026/09/27
オリックス,パ,投手,エスピノーザ,23,12,19,1,0,,0.969,,2026/09/27
オリックス,パ,投手,片山 楽生,30,0,6,1,0,,0.857,,2026/09/27
オリックス,パ,投手,川瀬 堅斗,12,1,2,0,0,,1,,2026/09/27
オリックス,パ,投手,九里 亜蓮,26,10,17,2,1,,0.931,,2026/09/27
オリックス,パ,投手,古田島 成龍,10,1,0,0,0,,1,,2026/09/27
オリックス,パ,投手,権田 琉成,27,1,2,1,0,,0.75,,2026/09/27
オリックス,パ,投手,才木 海翔,13,0,0,0,0,,0,,2026/09/27
オリックス,パ,投手,齋藤 響介,2,0,1,0,0,,1,,2026/09/27
オリックス,パ,投手,佐藤 一磨,7,0,0,1,0,,0,,2026/09/27
オリックス,パ,投手,ジェリー,21,12,17,1,0,,0.967,,2026/09/27
オリックス,パ,投手,曽谷 龍平,14,1,6,0,0,,1,,2026/09/27
オリックス,パ,投手,髙島 泰都,23,3,17,0,0,,1,,2026/09/27
オリックス,パ,投手,髙谷 舟,1,0,0,0,0,,0,,2026/09/27
オリックス,パ,投手,田嶋 大樹,18,2,8,0,0,,1,,2026/09/27
オリックス,パ,投手,陳 睦衡,1,0,0,0,0,,0,,2026/09/27
オリックス,パ,投手,寺西 成騎,27,5,11,0,0,,1,,2026/09/27
オリックス,パ,投手,東松 快征,6,0,0,0,0,,0,,2026/09/27
オリックス,パ,投手,富山 凌雅,18,0,3,0,0,,1,,2026/09/27
オリックス,パ,投手,東山 玲士,12,0,1,0,0,,1,,2026/09/27
オリックス,パ,投手,平野 佳寿,3,0,1,0,0,,1,,2026/09/27
オリックス,パ,投手,博志,21,0,0,1,0,,0,,2026/09/27
オリックス,パ,投手,ペルドモ,10,0,5,0,0,,1,,2026/09/27
オリックス,パ,投手,本田 仁海,2,0,0,0,0,,0,,2026/09/27
オリックス,パ,投手,マチャド,51,3,6,1,0,,0.9,,2026/09/27
オリックス,パ,投手,宮城 大弥,3,0,1,0,0,,1,,2026/09/27
オリックス,パ,投手,宮國 凌空,8,1,2,0,0,,1,,2026/09/27
オリックス,パ,投手,椋木 蓮,49,4,4,1,0,,0.889,,2026/09/27
オリックス,パ,投手,山岡 泰輔,20,2,2,3,1,,0.571,,2026/09/27
オリックス,パ,投手,山口 廉王,3,0,2,1,0,,0.667,,2026/09/27
オリックス,パ,投手,山﨑 颯一郎,52,1,8,0,2,,1,,2026/09/27
オリックス,パ,投手,山田 修義,15,0,4,0,0,,1,,2026/09/27
オリックス,パ,投手,横山 楓,7,1,0,0,0,,1,,2026/09/27
オリックス,パ,投手,吉田 輝星,26,1,5,0,1,,1,,2026/09/27
楽天,パ,一塁手,浅村 栄斗,51,352,38,1,32,,0.997,,2026/09/27
楽天,パ,一塁手,伊藤 裕季也,10,69,0,0,3,,1,,2026/09/27
楽天,パ,一塁手,入江 大樹,2,10,0,0,1,,1,,2026/09/27
楽天,パ,一塁手,金子 京介,3,22,2,0,2,,1,,2026/09/27
楽天,パ,一塁手,黒川 史陽,47,211,11,1,18,,0.996,,2026/09/27
楽天,パ,一塁手,小森 航大郎,2,7,1,0,1,,1,,2026/09/27
楽天,パ,一塁手,鈴木 大地,13,45,1,0,3,,1,,2026/09/27
楽天,パ,一塁手,ボイト,4,28,1,0,1,,1,,2026/09/27
楽天,パ,一塁手,YG安田,28,240,11,1,21,,0.996,,2026/09/27
楽天,パ,一塁手,渡邊 佳明,21,89,7,2,7,,0.98,,2026/09/27
楽天,パ,二塁手,入江 大樹,4,5,4,0,1,,1,,2026/09/27
楽天,パ,二塁手,黒川 史陽,45,71,99,1,17,,0.994,,2026/09/27
楽天,パ,二塁手,小深田 大翔,68,81,130,1,26,,0.995,,2026/09/27
楽天,パ,二塁手,繁永 晟,6,6,12,0,1,,1,,2026/09/27
楽天,パ,二塁手,平良 竜哉,6,2,4,0,1,,1,,2026/09/27
楽天,パ,二塁手,村林 一輝,51,82,152,4,25,,0.983,,2026/09/27
楽天,パ,二塁手,陽 柏翔,6,3,12,0,4,,1,,2026/09/27
楽天,パ,二塁手,ワォーターズ,2,1,2,0,0,,1,,2026/09/27
楽天,パ,二塁手,渡邊 佳明,1,0,0,0,0,,0,,2026/09/27
楽天,パ,三塁手,伊藤 裕季也,2,2,1,0,0,,1,,2026/09/27
楽天,パ,三塁手,黒川 史陽,64,27,95,2,9,,0.984,,2026/09/27
楽天,パ,三塁手,繁永 晟,14,5,13,1,0,,0.947,,2026/09/27
楽天,パ,三塁手,鈴木 大地,12,4,5,1,0,,0.9,,2026/09/27
楽天,パ,三塁手,平良 竜哉,78,31,80,3,7,,0.974,,2026/09/27
楽天,パ,三塁手,村林 一輝,15,5,7,0,2,,1,,2026/09/27
楽天,パ,三塁手,ワォーターズ,1,0,3,1,0,,0.75,,2026/09/27
楽天,パ,三塁手,渡邊 佳明,7,4,4,1,1,,0.889,,2026/09/27
楽天,パ,遊撃手,入江 大樹,7,8,11,0,3,,1,,2026/09/27
楽天,パ,遊撃手,宗山 塁,61,94,149,4,33,,0.984,,2026/09/27
楽天,パ,遊撃手,村林 一輝,72,103,159,6,31,,0.978,,2026/09/27
楽天,パ,遊撃手,ワォーターズ,6,1,4,0,1,,1,,2026/09/27
楽天,パ,外野手,伊藤 裕季也,4,5,0,0,0,,1,,2026/09/27
楽天,パ,外野手,小郷 裕哉,46,65,1,0,0,,1,,2026/09/27
楽天,パ,外野手,小深田 大翔,1,0,0,0,0,,0,,2026/09/27
楽天,パ,外野手,小森 航大郎,8,6,0,0,0,,1,,2026/09/27
楽天,パ,外野手,阪上 翔也,4,7,0,0,0,,1,,2026/09/27
楽天,パ,外野手,佐藤 直樹,65,127,7,2,2,,0.985,,2026/09/27
楽天,パ,外野手,平良 竜哉,13,11,1,0,0,,1,,2026/09/27
楽天,パ,外野手,辰己 涼介,129,294,5,2,1,,0.993,,2026/09/27
楽天,パ,外野手,中島 大輔,117,207,5,2,2,,0.991,,2026/09/27
楽天,パ,外野手,マッカスカー,48,89,2,1,0,,0.989,,2026/09/27
楽天,パ,外野手,武藤 敦貴,23,22,1,2,0,,0.92,,2026/09/27
楽天,パ,外野手,吉野 創士,12,22,1,0,0,,1,,2026/09/27
楽天,パ,外野手,吉納 翼,4,2,0,0,0,,1,,2026/09/27
楽天,パ,外野手,渡邊 佳明,19,29,2,0,1,,1,,2026/09/27
楽天,パ,捕手,石原 彪,7,24,2,0,0,0,1,0.5,2026/09/27
楽天,パ,捕手,伊藤 光,20,75,8,0,0,0,1,0.1,2026/09/27
楽天,パ,捕手,太田 光,95,620,70,2,5,6,0.997,0.234,2026/09/27
楽天,パ,捕手,田中 貴也,4,20,0,0,0,0,1,0,2026/09/27
楽天,パ,捕手,堀内 謙伍,47,257,27,0,1,1,1,0.273,2026/09/27
楽天,パ,捕手,YG安田,13,43,8,1,0,0,0.981,0,2026/09/27
楽天,パ,投手,伊藤 樹,5,0,1,0,0,,1,,2026/09/27
楽天,パ,投手,ウレーニャ,15,1,9,0,2,,1,,2026/09/27
楽天,パ,投手,内 星龍,25,2,2,0,0,,1,,2026/09/27
楽天,パ,投手,江原 雅裕,4,0,0,0,0,,0,,2026/09/27
楽天,パ,投手,加治屋 蓮,44,1,4,0,0,,1,,2026/09/27
楽天,パ,投手,岸 孝之,10,2,6,0,0,,1,,2026/09/27
楽天,パ,投手,九谷 瑠,37,5,6,2,0,,0.846,,2026/09/27
楽天,パ,投手,コントレラス,5,0,0,1,0,,0,,2026/09/27
楽天,パ,投手,古賀 康誠,1,0,0,0,0,,0,,2026/09/27
楽天,パ,投手,古謝 樹,19,7,15,3,2,,0.88,,2026/09/27
楽天,パ,投手,柴田 大地,32,1,1,0,0,,1,,2026/09/27
楽天,パ,投手,荘司 康誠,24,10,13,0,1,,1,,2026/09/27
楽天,パ,投手,鈴木 翔天,29,2,4,1,0,,0.857,,2026/09/27
楽天,パ,投手,宋 家豪,18,0,2,0,0,,1,,2026/09/27
楽天,パ,投手,泰 勝利,25,1,1,1,0,,0.667,,2026/09/27
楽天,パ,投手,瀧中 瞭太,19,4,10,0,0,,1,,2026/09/27
楽天,パ,投手,田中 千晴,18,1,4,1,0,,0.833,,2026/09/27
楽天,パ,投手,津留﨑 大成,24,1,2,0,0,,1,,2026/09/27
楽天,パ,投手,中込 陽翔,16,1,4,1,0,,0.833,,2026/09/27
楽天,パ,投手,西垣 雅矢,40,3,6,0,0,,1,,2026/09/27
楽天,パ,投手,西口 直人,9,0,0,0,0,,0,,2026/09/27
楽天,パ,投手,早川 隆久,22,5,10,1,0,,0.938,,2026/09/27
楽天,パ,投手,日當 直喜,5,0,0,0,0,,0,,2026/09/27
楽天,パ,投手,藤井 聖,9,6,6,1,1,,0.923,,2026/09/27
楽天,パ,投手,藤平 尚真,45,0,2,0,0,,1,,2026/09/27
楽天,パ,投手,藤原 聡大,14,1,10,0,1,,1,,2026/09/27
楽天,パ,投手,マルテ,16,0,2,0,0,,1,,2026/09/27
楽天,パ,投手,前田 健太,14,9,13,0,1,,1,,2026/09/27
楽天,パ,投手,渡辺 翔太,6,0,0,1,0,,0,,2026/09/27