更新基準日,リーグ,順位,球団,試合数,勝利,敗戦,分け,勝率,残り試合,優勝状況,優勝マジック,マジック対象,理論上最短優勝日,次回マジック条件,CS自力最短まであと勝,自力最短CS確定日,CS状況,備考,日程未定試合数,日程未定カード
2026/09/28,セリーグ,1,阪神,136,76,59,1,0.563,7,M4,4,巨人,2026/10/01,9/29 阪神勝利 または 巨人敗戦 → M3、両方成立 → M2（引分時は再計算）,0,2026/09/28,CS進出確定,優勝マジックは残り試合が勝敗決着する前提の計算値 / 同率は優勝確定扱いにしない安全側判定 / CS自力最短は残り直接対決と他球団同士のカード競合まで考慮,0,
2026/09/28,セリーグ,2,巨人,139,75,62,2,0.547,4,,,,,,0,2026/09/28,CS進出確定,CS自力最短は残り直接対決と他球団同士のカード競合まで考慮,0,
2026/09/28,セリーグ,3,DeNA,141,69,69,3,0.500,2,,,,,,0,2026/09/28,CS進出確定,CS自力最短は残り直接対決と他球団同士のカード競合まで考慮,0,
2026/09/28,セリーグ,4,広島,137,58,75,4,0.436,6,,,,,,,,自力確定不可（他球団結果次第）,CS自力最短は残り直接対決と他球団同士のカード競合まで考慮,0,
2026/09/28,セリーグ,5,ヤクルト,138,59,77,2,0.434,5,,,,,,,,自力確定不可（他球団結果次第）,CS自力最短は残り直接対決と他球団同士のカード競合まで考慮,0,
2026/09/28,セリーグ,6,中日,141,59,80,2,0.424,2,,,,,,,,自力確定不可（他球団結果次第）,CS自力最短は残り直接対決と他球団同士のカード競合まで考慮,0,
2026/09/28,パリーグ,1,ソフトバンク,139,89,47,3,0.654,4,優勝確定,0,,,,0,2026/09/28,CS進出確定,優勝マジックは残り試合が勝敗決着する前提の計算値 / 同率は優勝確定扱いにしない安全側判定 / CS自力最短は残り直接対決と他球団同士のカード競合まで考慮,0,
2026/09/28,パリーグ,2,西武,140,76,60,4,0.559,3,,,,,,0,2026/09/28,CS進出確定,CS自力最短は残り直接対決と他球団同士のカード競合まで考慮,0,
2026/09/28,パリーグ,3,日本ハム,142,77,62,3,0.554,1,,,,,,0,2026/09/28,CS進出確定,CS自力最短は残り直接対決と他球団同士のカード競合まで考慮,0,
2026/09/28,パリーグ,4,オリックス,141,65,74,2,0.468,2,,,,,,,,自力確定不可（他球団結果次第）,CS自力最短は残り直接対決と他球団同士のカード競合まで考慮,0,
2026/09/28,パリーグ,5,ロッテ,135,60,72,3,0.455,8,,,,,,,,自力確定不可（他球団結果次第）,CS自力最短は残り直接対決と他球団同士のカード競合まで考慮,0,
2026/09/28,パリーグ,6,楽天,137,55,81,1,0.404,6,,,,,,,,自力確定不可（他球団結果次第）,CS自力最短は残り直接対決と他球団同士のカード競合まで考慮,0,