球団,予告先発,相手球団,球場,試合日
読売ジャイアンツ,小笠原 慎之介,東京ヤクルトスワローズ,東京ドーム,2026/09/27
横浜DeNAベイスターズ,片山 皓心,広島東洋カープ,横浜,2026/09/27
埼玉西武ライオンズ,冨士 大和,東北楽天ゴールデンイーグルス,ベルーナドーム,2026/09/27
千葉ロッテマリーンズ,高野 脩汰,北海道日本ハムファイターズ,ZOZOマリン,2026/09/27
福岡ソフトバンクホークス,大津 亮介,オリックス・バファローズ,みずほPayPay,2026/09/27
東京ヤクルトスワローズ,高橋 奎二,読売ジャイアンツ,東京ドーム,2026/09/27
広島東洋カープ,栗林 良吏,横浜DeNAベイスターズ,横浜,2026/09/27
東北楽天ゴールデンイーグルス,早川 隆久,埼玉西武ライオンズ,ベルーナドーム,2026/09/27
北海道日本ハムファイターズ,有原 航平,千葉ロッテマリーンズ,ZOZOマリン,2026/09/27
オリックス・バファローズ,髙島 泰都,福岡ソフトバンクホークス,みずほPayPay,2026/09/27
,,,,2026/09/27
,,,,2026/09/27