選手名,チーム,登板,先発,救援,勝,敗,セーブ,ホールド,投球回(アウト),投球回,投球数,打者,被安打,被本塁打,与四球,与死球,奪三振,失点,自責点,防御率,WHIP,K%,BB%,K-BB%,K/9,BB/9,HR/9,平均Game Score,更新日
田中 将大,読売ジャイアンツ,6,6,0,1,2,0,0,86,28.2,500,127,33,2,12,0,20,16,14,4.40,1.57,15.7%,9.4%,6.3%,6.28,3.77,0.63,47.0,2026/09/27
大勢,読売ジャイアンツ,6,0,6,0,1,0,3,14,4.2,108,27,8,0,3,0,6,7,3,5.79,2.36,22.2%,11.1%,11.1%,11.57,5.79,0.00,,2026/09/27
西舘 勇陽,読売ジャイアンツ,6,4,2,0,2,0,0,71,23.2,429,106,21,5,12,2,32,9,9,3.42,1.39,30.2%,11.3%,18.9%,12.17,4.56,1.90,55.3,2026/09/27
山﨑 伊織,読売ジャイアンツ,5,5,0,1,1,0,0,88,29.1,543,131,31,3,13,1,22,16,16,4.91,1.50,16.8%,9.9%,6.9%,6.75,3.99,0.92,47.0,2026/09/27
戸郷 翔征,読売ジャイアンツ,6,6,0,0,2,0,0,93,31,543,131,22,6,11,2,31,17,9,2.61,1.06,23.7%,8.4%,15.3%,9.00,3.19,1.74,55.8,2026/09/27
竹丸 和幸,読売ジャイアンツ,6,6,0,4,2,0,0,92,30.2,550,132,33,5,8,1,42,18,16,4.70,1.34,31.8%,6.1%,25.8%,12.33,2.35,1.47,51.3,2026/09/27
代木 大和,読売ジャイアンツ,6,0,6,0,0,0,1,22,7.1,116,32,6,0,2,0,7,1,1,1.23,1.09,21.9%,6.3%,15.6%,8.59,2.45,0.00,,2026/09/27
ウィットリー,読売ジャイアンツ,6,6,0,2,1,0,0,110,36.2,572,141,18,0,16,4,46,7,5,1.23,0.93,32.6%,11.3%,21.3%,11.29,3.93,0.00,67.3,2026/09/27
ハワード,読売ジャイアンツ,6,6,0,3,2,0,0,94,31.1,502,128,26,2,9,0,35,8,8,2.30,1.12,27.3%,7.0%,20.3%,10.05,2.59,0.57,59.0,2026/09/27
田和 廉,読売ジャイアンツ,6,0,6,0,0,0,0,15,5,81,25,5,1,4,2,3,2,2,3.60,1.80,12.0%,16.0%,-4.0%,5.40,7.20,1.80,,2026/09/27
赤星 優志,読売ジャイアンツ,6,0,6,1,2,0,1,23,7.2,163,43,14,0,3,2,5,6,6,7.04,2.22,11.6%,7.0%,4.7%,5.87,3.52,0.00,,2026/09/27
山城 京平,読売ジャイアンツ,1,1,0,0,0,0,0,6,2,67,13,3,0,3,2,1,5,5,22.50,3.00,7.7%,23.1%,-15.4%,4.50,13.50,0.00,28.0,2026/09/27
中川 皓太,読売ジャイアンツ,6,0,6,1,0,0,3,14,4.2,75,20,7,1,0,0,3,2,2,3.86,1.50,15.0%,0.0%,15.0%,5.79,0.00,1.93,,2026/09/27
マタ,読売ジャイアンツ,6,6,0,2,0,0,0,87,29,499,123,16,0,19,4,32,8,8,2.48,1.21,26.0%,15.4%,10.6%,9.93,5.90,0.00,58.0,2026/09/27
則本 昂大,読売ジャイアンツ,6,0,6,1,0,0,1,17,5.2,110,22,3,0,3,0,6,0,0,0.00,1.06,27.3%,13.6%,13.6%,9.53,4.76,0.00,,2026/09/27
田中 瑛斗,読売ジャイアンツ,6,0,6,1,0,0,5,18,6,83,22,4,0,2,0,3,0,0,0.00,1.00,13.6%,9.1%,4.5%,4.50,3.00,0.00,,2026/09/27
又木 鉄平,読売ジャイアンツ,5,2,3,1,1,0,0,45,15,286,72,23,0,7,2,9,8,8,4.80,2.00,12.5%,9.7%,2.8%,5.40,4.20,0.00,36.0,2026/09/27
森田 駿哉,読売ジャイアンツ,6,0,6,0,0,0,3,16,5.1,71,19,2,0,1,0,5,1,1,1.69,0.56,26.3%,5.3%,21.1%,8.44,1.69,0.00,,2026/09/27
ルシアーノ,読売ジャイアンツ,6,0,6,0,1,0,2,17,5.2,123,29,6,2,7,0,6,7,7,11.12,2.29,20.7%,24.1%,-3.4%,9.53,11.12,3.18,,2026/09/27
バルドナード,読売ジャイアンツ,2,0,2,0,0,0,0,4,1.1,56,11,4,0,3,0,1,4,2,13.50,5.25,9.1%,27.3%,-18.2%,6.75,20.25,0.00,,2026/09/27
高梨 雄平,読売ジャイアンツ,6,0,6,0,0,0,0,11,3.2,78,18,5,1,2,0,3,2,2,4.91,1.91,16.7%,11.1%,5.6%,7.36,4.91,2.45,,2026/09/27
松浦 慶斗,読売ジャイアンツ,,,,,,,,,,,,,,,,,,,,,,,,,,,,2026/09/27
北浦 竜次,読売ジャイアンツ,6,0,6,0,0,0,1,20,6.2,110,29,6,2,3,0,4,4,4,5.40,1.35,13.8%,10.3%,3.4%,5.40,4.05,2.70,,2026/09/27
宮原 駿介,読売ジャイアンツ,5,0,5,1,0,0,0,13,4.1,68,20,6,0,3,0,3,1,1,2.08,2.08,15.0%,15.0%,0.0%,6.23,6.23,0.00,,2026/09/27
船迫 大雅,読売ジャイアンツ,6,0,6,0,0,0,1,15,5,90,22,8,0,1,0,6,2,2,3.60,1.80,27.3%,4.5%,22.7%,10.80,1.80,0.00,,2026/09/27
横川 凱,読売ジャイアンツ,,,,,,,,,,,,,,,,,,,,,,,,,,,,2026/09/27
泉 圭輔,読売ジャイアンツ,6,0,6,0,0,0,0,17,5.2,98,22,3,0,3,0,2,1,1,1.59,1.06,9.1%,13.6%,-4.5%,3.18,4.76,0.00,,2026/09/27
山田 龍聖,読売ジャイアンツ,2,0,2,0,0,0,0,9,3,62,14,1,0,4,0,1,0,0,0.00,1.67,7.1%,28.6%,-21.4%,3.00,12.00,0.00,,2026/09/27
石川 達也,読売ジャイアンツ,6,0,6,0,0,0,0,19,6.1,107,30,11,1,3,0,4,8,8,11.37,2.21,13.3%,10.0%,3.3%,5.68,4.26,1.42,,2026/09/27
平内 龍太,読売ジャイアンツ,6,0,6,0,0,0,0,22,7.1,75,27,4,0,0,1,4,1,0,0.00,0.55,14.8%,0.0%,14.8%,4.91,0.00,0.00,,2026/09/27
堀田 賢慎,読売ジャイアンツ,6,0,6,0,0,0,4,13,4.1,71,19,4,0,2,0,2,0,0,0.00,1.38,10.5%,10.5%,0.0%,4.15,4.15,0.00,,2026/09/27
マルティネス,読売ジャイアンツ,6,0,6,1,1,4,0,15,5,76,19,3,0,1,0,5,1,0,0.00,0.80,26.3%,5.3%,21.1%,9.00,1.80,0.00,,2026/09/27
井上 温大,読売ジャイアンツ,6,6,0,0,3,0,0,120,40,661,160,35,3,8,1,41,13,11,2.48,1.08,25.6%,5.0%,20.6%,9.23,1.80,0.68,60.8,2026/09/27
小笠原 慎之介,読売ジャイアンツ,6,6,0,2,2,0,0,100,33.1,523,133,27,2,7,2,23,12,11,2.97,1.02,17.3%,5.3%,12.0%,6.21,1.89,0.54,55.7,2026/09/27
冨重 英二郎,読売ジャイアンツ,,,,,,,,,,,,,,,,,,,,,,,,,,,,2026/09/27
林 燦,読売ジャイアンツ,,,,,,,,,,,,,,,,,,,,,,,,,,,,2026/09/27
堀江 正太郎,読売ジャイアンツ,,,,,,,,,,,,,,,,,,,,,,,,,,,,2026/09/27
鈴木 圭晋,読売ジャイアンツ,,,,,,,,,,,,,,,,,,,,,,,,,,,,2026/09/27
千葉 隆広,読売ジャイアンツ,,,,,,,,,,,,,,,,,,,,,,,,,,,,2026/09/27
木下 幹也,読売ジャイアンツ,,,,,,,,,,,,,,,,,,,,,,,,,,,,2026/09/27
園田 純規,読売ジャイアンツ,,,,,,,,,,,,,,,,,,,,,,,,,,,,2026/09/27
松井 颯,読売ジャイアンツ,,,,,,,,,,,,,,,,,,,,,,,,,,,,2026/09/27
田村 朋輝,読売ジャイアンツ,,,,,,,,,,,,,,,,,,,,,,,,,,,,2026/09/27
吉村 優聖歩,読売ジャイアンツ,,,,,,,,,,,,,,,,,,,,,,,,,,,,2026/09/27
富田 龍,読売ジャイアンツ,,,,,,,,,,,,,,,,,,,,,,,,,,,,2026/09/27
西川 歩,読売ジャイアンツ,,,,,,,,,,,,,,,,,,,,,,,,,,,,2026/09/27
吹田 志道,読売ジャイアンツ,,,,,,,,,,,,,,,,,,,,,,,,,,,,2026/09/27
森本 哲星,読売ジャイアンツ,,,,,,,,,,,,,,,,,,,,,,,,,,,,2026/09/27
黄 錦豪,読売ジャイアンツ,,,,,,,,,,,,,,,,,,,,,,,,,,,,2026/09/27
グズマン,読売ジャイアンツ,,,,,,,,,,,,,,,,,,,,,,,,,,,,2026/09/27
河野 優作,読売ジャイアンツ,,,,,,,,,,,,,,,,,,,,,,,,,,,,2026/09/27
板東 湧梧,読売ジャイアンツ,,,,,,,,,,,,,,,,,,,,,,,,,,,,2026/09/27
花田 侑樹,読売ジャイアンツ,,,,,,,,,,,,,,,,,,,,,,,,,,,,2026/09/27
石田 隼都,読売ジャイアンツ,,,,,,,,,,,,,,,,,,,,,,,,,,,,2026/09/27
石田 充冴,読売ジャイアンツ,,,,,,,,,,,,,,,,,,,,,,,,,,,,2026/09/27
京本 眞,読売ジャイアンツ,,,,,,,,,,,,,,,,,,,,,,,,,,,,2026/09/27
岩崎 優,阪神タイガース,6,0,6,0,0,0,1,17,5.2,81,23,6,0,2,0,5,2,2,3.18,1.41,21.7%,8.7%,13.0%,7.94,3.18,0.00,,2026/09/27
岩貞 祐太,阪神タイガース,1,0,1,0,0,0,0,2,0.2,29,7,3,0,1,0,0,3,1,13.50,6.00,0.0%,14.3%,-14.3%,0.00,13.50,0.00,,2026/09/27
西 勇輝,阪神タイガース,6,6,0,1,4,0,0,82,27.1,486,123,32,2,11,2,14,13,12,3.95,1.57,11.4%,8.9%,2.4%,4.61,3.62,0.66,46.5,2026/09/27
伊原 陵人,阪神タイガース,6,6,0,2,2,0,0,75,25,490,115,26,3,12,2,25,16,11,3.96,1.52,21.7%,10.4%,11.3%,9.00,4.32,1.08,48.0,2026/09/27
下村 海翔,阪神タイガース,6,5,1,1,1,0,0,72,24,444,108,32,4,3,0,27,16,14,5.25,1.46,25.0%,2.8%,22.2%,10.13,1.13,1.50,50.2,2026/09/27
大竹 耕太郎,阪神タイガース,6,6,0,3,3,0,0,92,30.2,432,121,25,2,6,0,14,10,10,2.93,1.01,11.6%,5.0%,6.6%,4.11,1.76,0.59,54.3,2026/09/27
椎葉 剛,阪神タイガース,4,0,4,0,0,0,0,21,7,121,34,8,3,5,0,4,5,5,6.43,1.86,11.8%,14.7%,-2.9%,5.14,6.43,3.86,,2026/09/27
伊藤 将司,阪神タイガース,6,6,0,1,2,0,0,85,28.1,460,117,26,6,6,1,21,12,9,2.86,1.13,17.9%,5.1%,12.8%,6.67,1.91,1.91,53.0,2026/09/27
今朝丸 裕喜,阪神タイガース,3,1,2,0,1,0,0,24,8,131,36,10,1,2,1,3,5,5,5.63,1.50,8.3%,5.6%,2.8%,3.38,2.25,1.13,34.0,2026/09/27
髙橋 遥人,阪神タイガース,6,6,0,4,1,0,0,107,35.2,571,149,35,2,6,1,35,9,8,2.02,1.15,23.5%,4.0%,19.5%,8.83,1.51,0.50,59.0,2026/09/27
門別 啓人,阪神タイガース,6,0,6,1,0,0,1,21,7,116,34,11,0,1,1,2,4,4,5.14,1.71,5.9%,2.9%,2.9%,2.57,1.29,0.00,,2026/09/27
才木 浩人,阪神タイガース,6,6,0,3,1,0,0,117,39,582,149,26,2,6,0,33,6,4,0.92,0.82,22.1%,4.0%,18.1%,7.62,1.38,0.46,67.0,2026/09/27
畠 世周,阪神タイガース,6,0,6,0,1,0,3,17,5.2,99,22,3,0,2,1,5,1,1,1.59,0.88,22.7%,9.1%,13.6%,7.94,3.18,0.00,,2026/09/27
及川 雅貴,阪神タイガース,6,0,6,0,0,0,3,17,5.2,104,26,8,0,2,0,4,3,3,4.76,1.76,15.4%,7.7%,7.7%,6.35,3.18,0.00,,2026/09/27
村上 頌樹,阪神タイガース,6,6,0,1,3,0,0,111,37,628,147,31,2,6,1,31,9,8,1.95,1.00,21.1%,4.1%,17.0%,7.54,1.46,0.49,61.0,2026/09/27
ルーカス,阪神タイガース,6,6,0,1,2,0,0,77,25.2,447,111,27,3,9,0,25,12,12,4.21,1.40,22.5%,8.1%,14.4%,8.77,3.16,1.05,49.5,2026/09/27
早瀬 朔,阪神タイガース,,,,,,,,,,,,,,,,,,,,,,,,,,,,2026/09/27
ラグズデール,阪神タイガース,,,,,,,,,,,,,,,,,,,,,,,,,,,,2026/09/27
桐敷 拓馬,阪神タイガース,6,0,6,1,0,0,0,16,5.1,106,25,2,0,4,3,4,1,1,1.69,1.13,16.0%,16.0%,0.0%,6.75,6.75,0.00,,2026/09/27
茨木 秀俊,阪神タイガース,3,3,0,1,0,0,0,38,12.2,235,63,18,2,8,0,10,9,9,6.39,2.05,15.9%,12.7%,3.2%,7.11,5.68,1.42,40.7,2026/09/27
工藤 泰成,阪神タイガース,6,0,6,0,0,2,1,21,7,111,26,5,0,0,0,12,0,0,0.00,0.71,46.2%,0.0%,46.2%,15.43,0.00,0.00,,2026/09/27
富田 蓮,阪神タイガース,1,0,1,0,0,0,0,6,2,43,10,4,1,0,0,2,3,3,13.50,2.00,20.0%,0.0%,20.0%,9.00,0.00,4.50,,2026/09/27
早川 太貴,阪神タイガース,6,1,5,0,2,0,0,30,10,193,55,17,3,6,1,11,15,14,12.60,2.30,20.0%,10.9%,9.1%,9.90,5.40,2.70,32.0,2026/09/27
木下 里都,阪神タイガース,6,0,6,0,1,0,2,18,6,114,27,9,0,1,0,5,2,1,1.50,1.67,18.5%,3.7%,14.8%,7.50,1.50,0.00,,2026/09/27
能登 嵩都,阪神タイガース,,,,,,,,,,,,,,,,,,,,,,,,,,,,2026/09/27
石黒 佑弥,阪神タイガース,6,0,6,0,0,0,0,20,6.2,145,32,8,1,3,1,4,4,4,5.40,1.65,12.5%,9.4%,3.1%,5.40,4.05,1.35,,2026/09/27
岡留 英貴,阪神タイガース,6,0,6,0,0,0,1,18,6,95,22,4,1,1,0,7,1,1,1.50,0.83,31.8%,4.5%,27.3%,10.50,1.50,1.50,,2026/09/27
湯浅 京己,阪神タイガース,6,0,6,0,0,0,1,18,6,113,29,10,1,3,0,3,3,3,4.50,2.17,10.3%,10.3%,0.0%,4.50,4.50,1.50,,2026/09/27
津田 淳哉,阪神タイガース,6,0,6,0,0,0,0,21,7,125,33,9,1,4,1,6,5,5,6.43,1.86,18.2%,12.1%,6.1%,7.71,5.14,1.29,,2026/09/27
石井 大智,阪神タイガース,6,0,6,1,2,0,1,18,6,110,28,9,3,3,0,8,5,5,7.50,2.00,28.6%,10.7%,17.9%,12.00,4.50,4.50,,2026/09/27
神宮 僚介,阪神タイガース,6,0,6,0,0,0,0,27,9,124,34,5,1,1,1,12,3,3,3.00,0.67,35.3%,2.9%,32.4%,12.00,1.00,1.00,,2026/09/27
セベリーノ,阪神タイガース,6,0,6,1,0,0,0,17,5.2,106,21,2,0,2,0,6,0,0,0.00,0.71,28.6%,9.5%,19.0%,9.53,3.18,0.00,,2026/09/27
ドリス,阪神タイガース,6,0,6,0,0,0,3,14,4.2,87,25,5,0,5,0,3,3,2,3.86,2.14,12.0%,20.0%,-8.0%,5.79,9.64,0.00,,2026/09/27
モレッタ,阪神タイガース,6,0,6,0,1,0,0,15,5,87,21,5,0,1,2,6,2,2,3.60,1.20,28.6%,4.8%,23.8%,10.80,1.80,0.00,,2026/09/27
小川 一平,阪神タイガース,,,,,,,,,,,,,,,,,,,,,,,,,,,,2026/09/27
松原 快,阪神タイガース,,,,,,,,,,,,,,,,,,,,,,,,,,,,2026/09/27
伊藤 稜,阪神タイガース,,,,,,,,,,,,,,,,,,,,,,,,,,,,2026/09/27
マルティネス,阪神タイガース,,,,,,,,,,,,,,,,,,,,,,,,,,,,2026/09/27
デュプランティエ,横浜DeNAベイスターズ,2,2,0,0,2,0,0,27,9,159,40,8,0,5,0,6,4,3,3.00,1.44,15.0%,12.5%,2.5%,6.00,5.00,0.00,50.0,2026/09/27
東 克樹,横浜DeNAベイスターズ,6,6,0,3,0,0,0,114,38,556,155,34,2,7,0,29,7,6,1.42,1.08,18.7%,4.5%,14.2%,6.87,1.66,0.47,61.7,2026/09/27
竹田 祐,横浜DeNAベイスターズ,6,6,0,3,2,0,0,86,28.2,482,121,24,5,12,2,21,16,12,3.77,1.26,17.4%,9.9%,7.4%,6.59,3.77,1.57,50.2,2026/09/27
伊勢 大夢,横浜DeNAベイスターズ,6,0,6,0,1,0,4,16,5.1,97,22,4,0,2,0,5,3,3,5.06,1.13,22.7%,9.1%,13.6%,8.44,3.38,0.00,,2026/09/27
石田 健大,横浜DeNAベイスターズ,6,0,6,0,0,0,2,24,8,119,33,9,1,0,0,10,2,2,2.25,1.13,30.3%,0.0%,30.3%,11.25,0.00,1.13,,2026/09/27
島田 舜也,横浜DeNAベイスターズ,4,4,0,1,1,0,0,59,19.2,294,85,22,1,6,0,16,11,11,5.03,1.42,18.8%,7.1%,11.8%,7.32,2.75,0.46,46.8,2026/09/27
大貫 晋一,横浜DeNAベイスターズ,,,,,,,,,,,,,,,,,,,,,,,,,,,,2026/09/27
小園 健太,横浜DeNAベイスターズ,,,,,,,,,,,,,,,,,,,,,,,,,,,,2026/09/27
山﨑 康晃,横浜DeNAベイスターズ,6,0,6,0,3,1,0,13,4.1,103,26,8,1,4,1,6,11,11,22.85,2.77,23.1%,15.4%,7.7%,12.46,8.31,2.08,,2026/09/27
坂本 裕哉,横浜DeNAベイスターズ,6,0,6,0,0,0,0,18,6,105,30,7,3,4,1,6,5,5,7.50,1.83,20.0%,13.3%,6.7%,9.00,6.00,4.50,,2026/09/27
入江 大生,横浜DeNAベイスターズ,6,6,0,0,2,0,0,78,26,485,124,32,6,12,1,25,21,19,6.58,1.69,20.2%,9.7%,10.5%,8.65,4.15,2.08,42.5,2026/09/27
吉野 光樹,横浜DeNAベイスターズ,6,0,6,0,0,0,1,13,4.1,66,19,4,1,2,0,4,1,1,2.08,1.38,21.1%,10.5%,10.5%,8.31,4.15,2.08,,2026/09/27
藤浪 晋太郎,横浜DeNAベイスターズ,3,3,0,0,1,0,0,30,10,252,57,12,0,14,1,12,7,7,6.30,2.60,21.1%,24.6%,-3.5%,10.80,12.60,0.00,42.0,2026/09/27
篠木 健太郎,横浜DeNAベイスターズ,6,6,0,1,1,0,0,86,28.2,505,127,32,1,12,1,20,19,19,5.97,1.53,15.7%,9.4%,6.3%,6.28,3.77,0.31,43.3,2026/09/27
武田 陸玖,横浜DeNAベイスターズ,1,1,0,0,1,0,0,6,2,73,13,2,0,4,0,1,2,1,4.50,3.00,7.7%,30.8%,-23.1%,4.50,18.00,0.00,43.0,2026/09/27
橋本 達弥,横浜DeNAベイスターズ,6,0,6,1,0,0,0,20,6.2,146,30,3,0,8,0,9,1,1,1.35,1.65,30.0%,26.7%,3.3%,12.15,10.80,0.00,,2026/09/27
尾形 崇斗,横浜DeNAベイスターズ,6,6,0,2,0,0,0,107,35.2,546,145,27,4,10,0,29,14,12,3.03,1.04,20.0%,6.9%,13.1%,7.32,2.52,1.01,56.7,2026/09/27
松本 凌人,横浜DeNAベイスターズ,6,0,6,0,0,0,1,14,4.2,109,25,4,1,7,0,6,4,4,7.71,2.36,24.0%,28.0%,-4.0%,11.57,13.50,1.93,,2026/09/27
若松 尚輝,横浜DeNAベイスターズ,6,0,6,0,1,0,1,15,5,112,25,6,0,4,0,6,5,4,7.20,2.00,24.0%,16.0%,8.0%,10.80,7.20,0.00,,2026/09/27
佐々木 千隼,横浜DeNAベイスターズ,5,0,5,1,0,0,0,15,5,75,22,3,0,2,2,4,0,0,0.00,1.00,18.2%,9.1%,9.1%,7.20,3.60,0.00,,2026/09/27
コックス,横浜DeNAベイスターズ,2,2,0,1,0,0,0,27,9,131,37,10,2,2,0,7,3,3,3.00,1.33,18.9%,5.4%,13.5%,7.00,2.00,2.00,52.0,2026/09/27
ビド,横浜DeNAベイスターズ,2,2,0,1,1,0,0,21,7,169,41,11,1,9,1,7,8,8,10.29,2.86,17.1%,22.0%,-4.9%,9.00,11.57,1.29,33.5,2026/09/27
深沢 鳳介,横浜DeNAベイスターズ,6,6,0,4,0,0,0,110,36.2,596,151,31,3,12,1,26,9,9,2.21,1.17,17.2%,7.9%,9.3%,6.38,2.95,0.74,58.3,2026/09/27
森原 康平,横浜DeNAベイスターズ,,,,,,,,,,,,,,,,,,,,,,,,,,,,2026/09/27
坂口 翔颯,横浜DeNAベイスターズ,,,,,,,,,,,,,,,,,,,,,,,,,,,,2026/09/27
片山 皓心,横浜DeNAベイスターズ,6,6,0,2,1,0,0,110,36.2,625,150,19,1,17,3,37,6,5,1.23,0.98,24.7%,11.3%,13.3%,9.08,4.17,0.25,65.7,2026/09/27
ルイーズ,横浜DeNAベイスターズ,6,0,6,0,2,0,0,17,5.2,94,24,5,0,2,0,3,3,1,1.59,1.24,12.5%,8.3%,4.2%,4.76,3.18,0.00,,2026/09/27
浜地 真澄,横浜DeNAベイスターズ,6,0,6,1,0,0,4,18,6,91,27,5,0,5,0,3,2,2,3.00,1.67,11.1%,18.5%,-7.4%,4.50,7.50,0.00,,2026/09/27
中川 颯,横浜DeNAベイスターズ,6,0,6,0,0,0,0,28,9.1,150,42,14,2,2,0,4,4,4,3.86,1.71,9.5%,4.8%,4.8%,3.86,1.93,1.93,,2026/09/27
石田 裕太郎,横浜DeNAベイスターズ,6,6,0,1,0,0,0,101,33.2,577,142,34,3,12,2,33,13,13,3.48,1.37,23.2%,8.5%,14.8%,8.82,3.21,0.80,53.3,2026/09/27
平良 拳太郎,横浜DeNAベイスターズ,6,6,0,2,2,0,0,101,33.2,560,144,35,2,8,0,34,11,11,2.94,1.28,23.6%,5.6%,18.1%,9.09,2.14,0.53,55.2,2026/09/27
レイノルズ,横浜DeNAベイスターズ,6,0,6,0,1,3,2,16,5.1,93,24,3,0,5,0,7,2,2,3.38,1.50,29.2%,20.8%,8.3%,11.81,8.44,0.00,,2026/09/27
中川 虎大,横浜DeNAベイスターズ,6,0,6,1,1,0,1,13,4.1,66,17,2,2,1,0,3,3,2,4.15,0.69,17.6%,5.9%,11.8%,6.23,2.08,4.15,,2026/09/27
宮城 滝太,横浜DeNAベイスターズ,6,0,6,0,2,0,3,16,5.1,92,24,5,0,4,0,4,5,5,8.44,1.69,16.7%,16.7%,0.0%,6.75,6.75,0.00,,2026/09/27
岩田 将貴,横浜DeNAベイスターズ,6,0,6,1,0,0,1,14,4.2,85,19,4,0,1,0,2,2,2,3.86,1.07,10.5%,5.3%,5.3%,3.86,1.93,0.00,,2026/09/27
堀岡 隼人,横浜DeNAベイスターズ,6,0,6,0,0,0,0,24,8,144,37,9,1,4,0,7,7,7,7.88,1.63,18.9%,10.8%,8.1%,7.88,4.50,1.13,,2026/09/27
庄司 陽斗,横浜DeNAベイスターズ,1,1,0,0,1,0,0,15,5,69,20,5,1,1,0,3,4,4,7.20,1.20,15.0%,5.0%,10.0%,5.40,1.80,1.80,43.0,2026/09/27
馬場 皐輔,横浜DeNAベイスターズ,6,0,6,2,1,0,0,18,6,105,27,7,0,3,0,5,4,4,6.00,1.67,18.5%,11.1%,7.4%,7.50,4.50,0.00,,2026/09/27
マルセリーノ,横浜DeNAベイスターズ,6,0,6,0,1,0,2,15,5,95,25,6,1,3,1,6,5,5,9.00,1.80,24.0%,12.0%,12.0%,10.80,5.40,1.80,,2026/09/27
清水 麻成,横浜DeNAベイスターズ,,,,,,,,,,,,,,,,,,,,,,,,,,,,2026/09/27
金渕 光希,横浜DeNAベイスターズ,,,,,,,,,,,,,,,,,,,,,,,,,,,,2026/09/27
吉岡 暖,横浜DeNAベイスターズ,,,,,,,,,,,,,,,,,,,,,,,,,,,,2026/09/27
森下 瑠大,横浜DeNAベイスターズ,,,,,,,,,,,,,,,,,,,,,,,,,,,,2026/09/27
松本 隆之介,横浜DeNAベイスターズ,,,,,,,,,,,,,,,,,,,,,,,,,,,,2026/09/27
齊藤 汰直,広島東洋カープ,6,0,6,0,1,0,0,18,6,121,34,14,1,3,0,4,8,8,12.00,2.83,11.8%,8.8%,2.9%,6.00,4.50,1.50,,2026/09/27
森浦 大輔,広島東洋カープ,6,0,6,0,0,3,1,18,6,77,21,3,0,0,0,7,1,1,1.50,0.50,33.3%,0.0%,33.3%,10.50,0.00,0.00,,2026/09/27
大瀬良 大地,広島東洋カープ,6,0,6,1,0,0,4,16,5.1,99,23,4,0,3,0,7,2,2,3.38,1.31,30.4%,13.0%,17.4%,11.81,5.06,0.00,,2026/09/27
森 翔平,広島東洋カープ,6,5,1,2,3,0,0,83,27.2,456,119,30,7,10,0,22,14,14,4.55,1.45,18.5%,8.4%,10.1%,7.16,3.25,2.28,48.4,2026/09/27
常廣 羽也斗,広島東洋カープ,6,0,6,0,0,0,0,21,7,136,35,9,0,6,0,4,4,4,5.14,2.14,11.4%,17.1%,-5.7%,5.14,7.71,0.00,,2026/09/27
森下 暢仁,広島東洋カープ,6,6,0,1,4,0,0,120,40,659,162,28,1,15,0,31,11,9,2.03,1.08,19.1%,9.3%,9.9%,6.98,3.38,0.23,62.0,2026/09/27
床田 寛樹,広島東洋カープ,6,6,0,3,2,0,0,108,36,533,152,36,6,12,0,13,19,15,3.75,1.33,8.6%,7.9%,0.7%,3.25,3.00,1.50,48.8,2026/09/27
栗林 良吏,広島東洋カープ,6,6,0,2,2,0,0,124,41.1,620,168,40,5,8,1,36,17,17,3.70,1.16,21.4%,4.8%,16.7%,7.84,1.74,1.09,56.0,2026/09/27
中﨑 翔太,広島東洋カープ,6,0,6,0,1,0,0,16,5.1,108,27,9,0,2,0,4,3,3,5.06,2.06,14.8%,7.4%,7.4%,6.75,3.38,0.00,,2026/09/27
髙 太一,広島東洋カープ,6,0,6,0,0,0,3,15,5,80,20,5,1,0,0,7,2,2,3.60,1.00,35.0%,0.0%,35.0%,12.60,0.00,1.80,,2026/09/27
黒原 拓未,広島東洋カープ,6,0,6,0,0,0,1,18,6,107,32,13,0,2,0,4,7,5,7.50,2.50,12.5%,6.3%,6.3%,6.00,3.00,0.00,,2026/09/27
益田 武尚,広島東洋カープ,6,0,6,0,0,0,0,22,7.1,132,35,10,0,4,1,4,5,5,6.14,1.91,11.4%,11.4%,0.0%,4.91,4.91,0.00,,2026/09/27
佐藤 柳之介,広島東洋カープ,,,,,,,,,,,,,,,,,,,,,,,,,,,,2026/09/27
ケムナ 誠,広島東洋カープ,,,,,,,,,,,,,,,,,,,,,,,,,,,,2026/09/27
滝田 一希,広島東洋カープ,,,,,,,,,,,,,,,,,,,,,,,,,,,,2026/09/27
高橋 昂也,広島東洋カープ,,,,,,,,,,,,,,,,,,,,,,,,,,,,2026/09/27
工藤 泰己,広島東洋カープ,2,0,2,0,0,0,0,8,2.2,34,12,3,0,1,0,3,1,1,3.38,1.50,25.0%,8.3%,16.7%,10.13,3.38,0.00,,2026/09/27
塹江 敦哉,広島東洋カープ,6,0,6,0,0,0,0,18,6,92,25,5,1,3,0,5,3,3,4.50,1.33,20.0%,12.0%,8.0%,7.50,4.50,1.50,,2026/09/27
赤木 晴哉,広島東洋カープ,6,1,5,0,0,0,0,23,7.2,141,35,8,0,3,0,4,4,4,4.70,1.43,11.4%,8.6%,2.9%,4.70,3.52,0.00,54.0,2026/09/27
長谷部 銀次,広島東洋カープ,,,,,,,,,,,,,,,,,,,,,,,,,,,,2026/09/27
鈴木 健矢,広島東洋カープ,6,2,4,2,0,0,0,45,15,214,64,18,4,2,2,8,7,7,4.20,1.33,12.5%,3.1%,9.4%,4.80,1.20,2.40,43.5,2026/09/27
ターノック,広島東洋カープ,6,0,6,0,0,0,4,21,7,84,23,2,0,1,0,4,0,0,0.00,0.43,17.4%,4.3%,13.0%,5.14,1.29,0.00,,2026/09/27
島内 颯太郎,広島東洋カープ,6,0,6,0,0,0,0,17,5.2,107,25,4,0,3,1,6,1,1,1.59,1.24,24.0%,12.0%,12.0%,9.53,4.76,0.00,,2026/09/27
松本 竜也,広島東洋カープ,1,0,1,0,0,0,0,1,0.1,22,5,2,0,1,1,1,2,2,54.00,9.00,20.0%,20.0%,0.0%,27.00,27.00,0.00,,2026/09/27
髙木 快大,広島東洋カープ,,,,,,,,,,,,,,,,,,,,,,,,,,,,2026/09/27
斉藤 優汰,広島東洋カープ,6,6,0,2,2,0,0,86,28.2,526,129,31,4,12,1,21,17,16,5.02,1.50,16.3%,9.3%,7.0%,6.59,3.77,1.26,45.8,2026/09/27
アドゥワ 誠,広島東洋カープ,6,3,3,0,2,0,0,53,17.2,320,86,25,3,6,2,17,13,13,6.62,1.75,19.8%,7.0%,12.8%,8.66,3.06,1.53,49.3,2026/09/27
杉田 健,広島東洋カープ,5,0,5,0,0,0,0,17,5.2,98,21,0,0,4,0,6,1,1,1.59,0.71,28.6%,19.0%,9.5%,9.53,6.35,0.00,,2026/09/27
岡本 駿,広島東洋カープ,6,0,6,0,1,0,3,19,6.1,94,26,6,3,2,0,7,6,6,8.53,1.26,26.9%,7.7%,19.2%,9.95,2.84,4.26,,2026/09/27
玉村 昇悟,広島東洋カープ,6,6,0,1,2,0,0,79,26.1,448,110,26,3,6,2,24,10,9,3.08,1.22,21.8%,5.5%,16.4%,8.20,2.05,1.03,52.5,2026/09/27
遠藤 淳志,広島東洋カープ,6,0,6,0,0,0,4,18,6,83,21,1,0,2,0,8,0,0,0.00,0.50,38.1%,9.5%,28.6%,12.00,3.00,0.00,,2026/09/27
菊地 ハルン,広島東洋カープ,6,0,6,0,0,0,1,13,4.1,96,24,8,0,3,0,5,5,5,10.38,2.54,20.8%,12.5%,8.3%,10.38,6.23,0.00,,2026/09/27
ハーン,広島東洋カープ,6,0,6,0,1,0,3,17,5.2,103,27,8,0,1,1,5,3,3,4.76,1.59,18.5%,3.7%,14.8%,7.94,1.59,0.00,,2026/09/27
日髙 暖己,広島東洋カープ,,,,,,,,,,,,,,,,,,,,,,,,,,,,2026/09/27
辻 大雅,広島東洋カープ,6,0,6,0,0,0,0,13,4.1,74,21,5,0,3,0,5,2,2,4.15,1.85,23.8%,14.3%,9.5%,10.38,6.23,0.00,,2026/09/27
小船 翼,広島東洋カープ,,,,,,,,,,,,,,,,,,,,,,,,,,,,2026/09/27
竹下 海斗,広島東洋カープ,,,,,,,,,,,,,,,,,,,,,,,,,,,,2026/09/27
河野 佳,広島東洋カープ,,,,,,,,,,,,,,,,,,,,,,,,,,,,2026/09/27
杉原 望来,広島東洋カープ,,,,,,,,,,,,,,,,,,,,,,,,,,,,2026/09/27
アリア,広島東洋カープ,,,,,,,,,,,,,,,,,,,,,,,,,,,,2026/09/27
中西 聖輝,中日ドラゴンズ,6,6,0,2,3,0,0,83,27.2,513,129,28,2,16,2,27,21,21,6.83,1.59,20.9%,12.4%,8.5%,8.78,5.20,0.65,44.3,2026/09/27
橋本 侑樹,中日ドラゴンズ,6,0,6,0,1,0,0,13,4.1,85,20,4,1,2,0,3,2,2,4.15,1.38,15.0%,10.0%,5.0%,6.23,4.15,2.08,,2026/09/27
草加 勝,中日ドラゴンズ,6,0,6,0,0,0,0,17,5.2,146,31,9,0,5,0,4,6,4,6.35,2.47,12.9%,16.1%,-3.2%,6.35,7.94,0.00,,2026/09/27
櫻井 頼之介,中日ドラゴンズ,6,3,3,1,2,0,2,67,22.1,402,98,24,4,8,0,14,12,12,4.84,1.43,14.3%,8.2%,6.1%,5.64,3.22,1.61,41.7,2026/09/27
柳 裕也,中日ドラゴンズ,6,6,0,3,2,0,0,114,38,638,157,34,2,13,0,30,7,7,1.66,1.24,19.1%,8.3%,10.8%,7.11,3.08,0.47,60.5,2026/09/27
髙橋 宏斗,中日ドラゴンズ,6,6,0,2,1,0,0,129,43,707,164,23,1,10,2,47,3,3,0.63,0.77,28.7%,6.1%,22.6%,9.84,2.09,0.21,74.3,2026/09/27
涌井 秀章,中日ドラゴンズ,6,6,0,2,2,0,0,89,29.2,503,121,31,4,4,0,19,17,16,4.85,1.18,15.7%,3.3%,12.4%,5.76,1.21,1.21,48.0,2026/09/27
金丸 夢斗,中日ドラゴンズ,6,6,0,0,3,0,0,118,39.1,625,163,38,3,13,0,38,16,16,3.66,1.30,23.3%,8.0%,15.3%,8.69,2.97,0.69,55.5,2026/09/27
大野 雄大,中日ドラゴンズ,6,6,0,3,2,0,0,108,36,627,162,36,7,19,0,18,16,13,3.25,1.53,11.1%,11.7%,-0.6%,4.50,4.75,1.75,49.8,2026/09/27
仲地 礼亜,中日ドラゴンズ,5,1,4,0,0,0,0,33,11,213,52,15,1,5,0,11,11,11,9.00,1.82,21.2%,9.6%,11.5%,9.00,4.09,0.82,43.0,2026/09/27
アブレウ,中日ドラゴンズ,6,0,6,0,0,0,0,24,8,176,43,10,1,7,1,13,7,7,7.88,2.13,30.2%,16.3%,14.0%,14.63,7.88,1.13,,2026/09/27
松木平 優太,中日ドラゴンズ,,,,,,,,,,,,,,,,,,,,,,,,,,,,2026/09/27
根尾 昂,中日ドラゴンズ,6,0,6,0,1,0,0,17,5.2,119,27,7,3,2,0,9,5,5,7.94,1.59,33.3%,7.4%,25.9%,14.29,3.18,4.76,,2026/09/27
伊藤 茉央,中日ドラゴンズ,6,0,6,1,0,0,0,18,6,105,27,9,2,1,0,3,5,4,6.00,1.67,11.1%,3.7%,7.4%,4.50,1.50,3.00,,2026/09/27
杉浦 稔大,中日ドラゴンズ,6,0,6,0,0,0,1,21,7,128,29,4,0,3,1,8,0,0,0.00,1.00,27.6%,10.3%,17.2%,10.29,3.86,0.00,,2026/09/27
福 敬登,中日ドラゴンズ,3,0,3,0,0,0,0,7,2.1,41,9,2,1,1,0,2,1,1,3.86,1.29,22.2%,11.1%,11.1%,7.71,3.86,3.86,,2026/09/27
福田 幸之介,中日ドラゴンズ,,,,,,,,,,,,,,,,,,,,,,,,,,,,2026/09/27
松葉 貴大,中日ドラゴンズ,3,3,0,0,1,0,0,48,16,249,71,17,2,5,1,9,10,10,5.63,1.38,12.7%,7.0%,5.6%,5.06,2.81,1.13,45.3,2026/09/27
勝野 昌慶,中日ドラゴンズ,6,0,6,0,1,0,0,15,5,109,28,5,1,5,0,9,6,5,9.00,2.00,32.1%,17.9%,14.3%,16.20,9.00,1.80,,2026/09/27
梅野 雄吾,中日ドラゴンズ,2,0,2,0,0,0,0,7,2.1,67,14,4,0,4,0,3,4,4,15.43,3.43,21.4%,28.6%,-7.1%,11.57,15.43,0.00,,2026/09/27
吉田 聖弥,中日ドラゴンズ,6,0,6,0,1,0,4,16,5.1,99,23,2,0,5,1,5,2,2,3.38,1.31,21.7%,21.7%,0.0%,8.44,8.44,0.00,,2026/09/27
清水 達也,中日ドラゴンズ,6,0,6,0,0,0,0,16,5.1,106,35,15,1,5,0,4,8,7,11.81,3.75,11.4%,14.3%,-2.9%,6.75,8.44,1.69,,2026/09/27
篠﨑 国忠,中日ドラゴンズ,3,0,3,0,0,0,0,8,2.2,58,12,3,0,1,0,3,1,1,3.38,1.50,25.0%,8.3%,16.7%,10.13,3.38,0.00,,2026/09/27
宮内 春輝,中日ドラゴンズ,2,0,2,0,0,0,0,6,2,36,8,1,0,0,1,4,0,0,0.00,0.50,50.0%,0.0%,50.0%,18.00,0.00,0.00,,2026/09/27
藤嶋 健人,中日ドラゴンズ,6,0,6,0,0,0,0,12,4,104,26,9,3,5,0,1,7,7,15.75,3.50,3.8%,19.2%,-15.4%,2.25,11.25,6.75,,2026/09/27
齋藤 綱記,中日ドラゴンズ,6,0,6,0,0,0,4,17,5.2,69,19,2,0,1,0,7,0,0,0.00,0.53,36.8%,5.3%,31.6%,11.12,1.59,0.00,,2026/09/27
高橋 幸佑,中日ドラゴンズ,,,,,,,,,,,,,,,,,,,,,,,,,,,,2026/09/27
森 博人,中日ドラゴンズ,6,0,6,1,0,0,4,15,5,95,20,2,0,3,1,9,0,0,0.00,1.00,45.0%,15.0%,30.0%,16.20,5.40,0.00,,2026/09/27
有馬 惠叶,中日ドラゴンズ,,,,,,,,,,,,,,,,,,,,,,,,,,,,2026/09/27
牧野 憲伸,中日ドラゴンズ,6,0,6,0,1,0,0,11,3.2,80,21,6,1,4,0,3,4,4,9.82,2.73,14.3%,19.0%,-4.8%,7.36,9.82,2.45,,2026/09/27
三浦 瑞樹,中日ドラゴンズ,4,0,4,0,0,0,0,17,5.2,101,25,6,0,3,0,6,1,1,1.59,1.59,24.0%,12.0%,12.0%,9.53,4.76,0.00,,2026/09/27
近藤 廉,中日ドラゴンズ,4,0,4,0,0,0,0,10,3.1,71,18,6,0,3,0,3,6,6,16.20,2.70,16.7%,16.7%,0.0%,8.10,8.10,0.00,,2026/09/27
松山 晋也,中日ドラゴンズ,6,0,6,0,1,4,1,15,5,80,21,3,1,3,1,6,1,1,1.80,1.20,28.6%,14.3%,14.3%,10.80,5.40,1.80,,2026/09/27
メヒア,中日ドラゴンズ,6,0,6,0,1,0,0,19,6.1,128,33,10,0,2,2,8,3,3,4.26,1.89,24.2%,6.1%,18.2%,11.37,2.84,0.00,,2026/09/27
マラー,中日ドラゴンズ,6,6,0,3,2,0,0,114,38,592,151,29,3,10,0,30,14,11,2.61,1.03,19.9%,6.6%,13.2%,7.11,2.37,0.71,59.3,2026/09/27
井上 剣也,中日ドラゴンズ,,,,,,,,,,,,,,,,,,,,,,,,,,,,2026/09/27
土生 翔太,中日ドラゴンズ,,,,,,,,,,,,,,,,,,,,,,,,,,,,2026/09/27
梅津 晃大,中日ドラゴンズ,,,,,,,,,,,,,,,,,,,,,,,,,,,,2026/09/27
森山 暁生,中日ドラゴンズ,,,,,,,,,,,,,,,,,,,,,,,,,,,,2026/09/27
マルティネス,中日ドラゴンズ,,,,,,,,,,,,,,,,,,,,,,,,,,,,2026/09/27
キハダ,東京ヤクルトスワローズ,6,0,6,0,3,0,0,14,4.2,129,28,7,2,6,1,5,5,5,9.64,2.79,17.9%,21.4%,-3.6%,9.64,11.57,3.86,,2026/09/27
石山 泰稚,東京ヤクルトスワローズ,,,,,,,,,,,,,,,,,,,,,,,,,,,,2026/09/27
西舘 昂汰,東京ヤクルトスワローズ,1,1,0,0,0,0,0,15,5,100,21,2,0,5,0,3,0,0,0.00,1.40,14.3%,23.8%,-9.5%,5.40,9.00,0.00,61.0,2026/09/27
中村 優斗,東京ヤクルトスワローズ,2,0,2,0,0,0,1,9,3,45,12,2,0,1,0,5,1,1,3.00,1.00,41.7%,8.3%,33.3%,15.00,3.00,0.00,,2026/09/27
清水 昇,東京ヤクルトスワローズ,6,0,6,0,2,0,3,16,5.1,118,26,9,2,1,1,5,7,7,11.81,1.88,19.2%,3.8%,15.4%,8.44,1.69,3.38,,2026/09/27
奥川 恭伸,東京ヤクルトスワローズ,6,6,0,2,3,0,0,125,41.2,634,164,30,3,12,1,32,12,12,2.59,1.01,19.5%,7.3%,12.2%,6.91,2.59,0.65,61.8,2026/09/27
石川 雅規,東京ヤクルトスワローズ,1,1,0,0,1,0,0,1,0.1,24,7,5,1,0,1,0,6,6,162.00,15.00,0.0%,0.0%,0.0%,0.00,0.00,27.00,17.0,2026/09/27
木澤 尚文,東京ヤクルトスワローズ,6,0,6,0,0,0,1,15,5,95,24,5,0,5,1,1,3,3,5.40,2.00,4.2%,20.8%,-16.7%,1.80,9.00,0.00,,2026/09/27
吉村 貢司郎,東京ヤクルトスワローズ,6,6,0,0,4,0,0,90,30,578,138,39,7,8,2,28,28,22,6.60,1.57,20.3%,5.8%,14.5%,8.40,2.40,2.10,41.7,2026/09/27
星 知弥,東京ヤクルトスワローズ,6,0,6,0,0,0,5,16,5.1,65,21,3,0,2,0,2,1,1,1.69,0.94,9.5%,9.5%,0.0%,3.38,3.38,0.00,,2026/09/27
山野 太一,東京ヤクルトスワローズ,6,6,0,3,1,0,0,126,42,671,164,28,4,7,3,42,14,12,2.57,0.83,25.6%,4.3%,21.3%,9.00,1.50,0.86,64.5,2026/09/27
松本 健吾,東京ヤクルトスワローズ,6,1,5,0,0,0,0,39,13,241,63,21,2,6,1,14,10,10,6.92,2.08,22.2%,9.5%,12.7%,9.69,4.15,1.38,17.0,2026/09/27
小川 泰弘,東京ヤクルトスワローズ,6,6,0,0,4,0,0,92,30.2,518,136,32,5,14,1,22,25,22,6.46,1.50,16.2%,10.3%,5.9%,6.46,4.11,1.47,42.7,2026/09/27
荘司 宏太,東京ヤクルトスワローズ,6,0,6,0,0,0,0,25,8.1,186,42,10,0,8,0,9,6,6,6.48,2.16,21.4%,19.0%,2.4%,9.72,8.64,0.00,,2026/09/27
山崎 太陽,東京ヤクルトスワローズ,,,,,,,,,,,,,,,,,,,,,,,,,,,,2026/09/27
田口 麗斗,東京ヤクルトスワローズ,6,0,6,0,0,0,0,15,5,105,25,8,2,1,1,2,4,4,7.20,1.80,8.0%,4.0%,4.0%,3.60,1.80,3.60,,2026/09/27
石原 勇輝,東京ヤクルトスワローズ,6,0,6,0,0,0,1,10,3.1,58,15,3,0,1,1,4,1,1,2.70,1.20,26.7%,6.7%,20.0%,10.80,2.70,0.00,,2026/09/27
高梨 裕稔,東京ヤクルトスワローズ,6,6,0,2,1,0,0,92,30.2,552,132,28,5,12,2,30,14,11,3.23,1.30,22.7%,9.1%,13.6%,8.80,3.52,1.47,53.0,2026/09/27
拓也,東京ヤクルトスワローズ,6,0,6,0,0,0,0,17,5.2,133,32,12,2,4,0,5,10,10,15.88,2.82,15.6%,12.5%,3.1%,7.94,6.35,3.18,,2026/09/27
増居 翔太,東京ヤクルトスワローズ,6,6,0,0,2,0,0,93,31,471,122,20,4,11,0,15,13,12,3.48,1.00,12.3%,9.0%,3.3%,4.35,3.19,1.16,53.8,2026/09/27
大西 広樹,東京ヤクルトスワローズ,6,0,6,0,0,0,1,14,4.2,94,22,7,0,2,1,2,4,4,7.71,1.93,9.1%,9.1%,0.0%,3.86,3.86,0.00,,2026/09/27
小澤 怜史,東京ヤクルトスワローズ,6,0,6,0,0,0,0,30,10,182,44,12,3,2,0,13,8,8,7.20,1.40,29.5%,4.5%,25.0%,11.70,1.80,2.70,,2026/09/27
大道 温貴,東京ヤクルトスワローズ,1,0,1,0,0,0,0,5,1.2,42,12,5,0,1,0,1,5,3,16.20,3.60,8.3%,8.3%,0.0%,5.40,5.40,0.00,,2026/09/27
高橋 奎二,東京ヤクルトスワローズ,6,6,0,3,1,0,0,94,31.1,569,139,28,4,15,4,35,13,13,3.73,1.37,25.2%,10.8%,14.4%,10.05,4.31,1.15,53.7,2026/09/27
鈴木 蓮吾,東京ヤクルトスワローズ,,,,,,,,,,,,,,,,,,,,,,,,,,,,2026/09/27
長谷川 宙輝,東京ヤクルトスワローズ,1,0,1,0,0,0,0,3,1,30,8,2,1,2,1,0,3,3,27.00,4.00,0.0%,25.0%,-25.0%,0.00,18.00,9.00,,2026/09/27
坂本 拓己,東京ヤクルトスワローズ,,,,,,,,,,,,,,,,,,,,,,,,,,,,2026/09/27
ウォルターズ,東京ヤクルトスワローズ,6,0,6,1,0,4,1,21,7,101,28,3,0,5,0,4,0,0,0.00,1.14,14.3%,17.9%,-3.6%,5.14,6.43,0.00,,2026/09/27
飯田 琉斗,東京ヤクルトスワローズ,1,0,1,0,0,0,0,3,1,18,5,2,0,1,0,0,1,1,9.00,3.00,0.0%,20.0%,-20.0%,0.00,9.00,0.00,,2026/09/27
リランソ,東京ヤクルトスワローズ,6,0,6,0,0,0,0,23,7.2,102,27,1,1,2,1,7,1,1,1.17,0.39,25.9%,7.4%,18.5%,8.22,2.35,1.17,,2026/09/27
阪口 皓亮,東京ヤクルトスワローズ,6,0,6,0,1,0,0,13,4.1,97,23,5,1,6,0,0,5,5,10.38,2.54,0.0%,26.1%,-26.1%,0.00,12.46,2.08,,2026/09/27
丸山 翔大,東京ヤクルトスワローズ,6,0,6,0,0,0,2,23,7.2,139,35,7,1,5,1,10,4,4,4.70,1.57,28.6%,14.3%,14.3%,11.74,5.87,1.17,,2026/09/27
下川 隼佑,東京ヤクルトスワローズ,3,1,2,0,1,0,0,22,7.1,131,35,10,0,4,1,5,5,5,6.14,1.91,14.3%,11.4%,2.9%,6.14,4.91,0.00,40.0,2026/09/27
廣澤 優,東京ヤクルトスワローズ,6,0,6,0,1,0,1,14,4.2,106,25,5,0,8,0,1,3,3,5.79,2.79,4.0%,32.0%,-28.0%,1.93,15.43,0.00,,2026/09/27
沼田 翔平,東京ヤクルトスワローズ,,,,,,,,,,,,,,,,,,,,,,,,,,,,2026/09/27
青柳 晃洋,東京ヤクルトスワローズ,,,,,,,,,,,,,,,,,,,,,,,,,,,,2026/09/27
竹山 日向,東京ヤクルトスワローズ,,,,,,,,,,,,,,,,,,,,,,,,,,,,2026/09/27
小宮 悠瞳,東京ヤクルトスワローズ,,,,,,,,,,,,,,,,,,,,,,,,,,,,2026/09/27
西濱 勇星,東京ヤクルトスワローズ,,,,,,,,,,,,,,,,,,,,,,,,,,,,2026/09/27
翔聖,東京ヤクルトスワローズ,,,,,,,,,,,,,,,,,,,,,,,,,,,,2026/09/27
佐藤 琢磨,東京ヤクルトスワローズ,,,,,,,,,,,,,,,,,,,,,,,,,,,,2026/09/27
スチュワート・ジュニア,福岡ソフトバンクホークス,6,6,0,2,2,0,0,80,26.2,520,125,32,3,12,0,24,15,14,4.73,1.65,19.2%,9.6%,9.6%,8.10,4.05,1.01,47.0,2026/09/27
上沢 直之,福岡ソフトバンクホークス,6,6,0,2,0,0,0,114,38,626,154,33,3,10,2,39,11,10,2.37,1.13,25.3%,6.5%,18.8%,9.24,2.37,0.71,60.5,2026/09/27
津森 宥紀,福岡ソフトバンクホークス,6,0,6,0,0,0,2,18,6,92,25,5,1,2,0,4,2,2,3.00,1.17,16.0%,8.0%,8.0%,6.00,3.00,1.50,,2026/09/27
稲川 竜汰,福岡ソフトバンクホークス,1,0,1,0,0,0,0,2,0.2,20,4,0,0,2,0,0,1,1,13.50,3.00,0.0%,50.0%,-50.0%,0.00,27.00,0.00,,2026/09/27
ラトリッジ,福岡ソフトバンクホークス,1,1,0,1,0,0,0,15,5,68,20,5,1,0,0,4,1,1,1.80,1.00,20.0%,0.0%,20.0%,7.20,0.00,1.80,57.0,2026/09/27
東浜 巨,福岡ソフトバンクホークス,,,,,,,,,,,,,,,,,,,,,,,,,,,,2026/09/27
張 峻ウェイ,福岡ソフトバンクホークス,,,,,,,,,,,,,,,,,,,,,,,,,,,,2026/09/27
徐 若熙,福岡ソフトバンクホークス,6,6,0,2,3,0,0,92,30.2,503,136,38,5,11,1,28,17,17,4.99,1.60,20.6%,8.1%,12.5%,8.22,3.23,1.47,47.2,2026/09/27
大津 亮介,福岡ソフトバンクホークス,6,6,0,3,3,0,0,117,39,597,162,35,6,8,0,28,17,13,3.00,1.10,17.3%,4.9%,12.3%,6.46,1.85,1.38,56.2,2026/09/27
村上 泰斗,福岡ソフトバンクホークス,1,0,1,0,0,0,0,3,1,32,5,1,0,1,0,3,0,0,0.00,2.00,60.0%,20.0%,40.0%,27.00,9.00,0.00,,2026/09/27
藤原 大翔,福岡ソフトバンクホークス,2,2,0,0,2,0,0,20,6.2,136,34,8,0,6,0,5,7,7,9.45,2.10,14.7%,17.6%,-2.9%,6.75,8.10,0.00,37.5,2026/09/27
鈴木 豪太,福岡ソフトバンクホークス,6,0,6,1,0,0,2,18,6,81,23,3,0,1,1,5,1,1,1.50,0.67,21.7%,4.3%,17.4%,7.50,1.50,0.00,,2026/09/27
岩井 俊介,福岡ソフトバンクホークス,5,0,5,0,0,0,0,18,6,110,26,4,0,5,2,6,0,0,0.00,1.50,23.1%,19.2%,3.8%,9.00,7.50,0.00,,2026/09/27
安德 駿,福岡ソフトバンクホークス,,,,,,,,,,,,,,,,,,,,,,,,,,,,2026/09/27
大江 竜聖,福岡ソフトバンクホークス,3,0,3,0,0,0,0,9,3,35,12,3,0,0,1,3,0,0,0.00,1.00,25.0%,0.0%,25.0%,9.00,0.00,0.00,,2026/09/27
中村 稔弥,福岡ソフトバンクホークス,6,1,5,0,0,0,0,27,9,118,34,7,1,0,0,7,3,3,3.00,0.78,20.6%,0.0%,20.6%,7.00,0.00,1.00,40.0,2026/09/27
アルメンタ,福岡ソフトバンクホークス,2,2,0,0,2,0,0,14,4.2,110,28,6,0,5,3,5,7,7,13.50,2.36,17.9%,17.9%,0.0%,9.64,9.64,0.00,37.0,2026/09/27
モイネロ,福岡ソフトバンクホークス,6,6,0,5,1,0,0,124,41.1,606,155,18,3,11,2,29,6,4,0.87,0.70,18.7%,7.1%,11.6%,6.31,2.40,0.65,70.0,2026/09/27
尾形 崇斗,福岡ソフトバンクホークス,6,6,0,2,0,0,0,107,35.2,546,145,27,4,10,0,29,14,12,3.03,1.04,20.0%,6.9%,13.1%,7.32,2.52,1.01,56.7,2026/09/27
杉山 一樹,福岡ソフトバンクホークス,6,0,6,0,0,5,0,18,6,85,24,6,1,0,0,8,4,4,6.00,1.00,33.3%,0.0%,33.3%,12.00,0.00,1.50,,2026/09/27
前田 悠伍,福岡ソフトバンクホークス,6,6,0,3,1,0,0,102,34,575,142,33,0,7,0,33,11,8,2.12,1.18,23.2%,4.9%,18.3%,8.74,1.85,0.00,57.3,2026/09/27
伊藤 優輔,福岡ソフトバンクホークス,6,0,6,0,0,0,0,18,6,84,27,9,0,1,0,6,2,2,3.00,1.67,22.2%,3.7%,18.5%,9.00,1.50,0.00,,2026/09/27
北斗,福岡ソフトバンクホークス,1,1,0,0,1,0,0,6,2,65,15,5,1,3,0,1,8,8,36.00,4.00,6.7%,20.0%,-13.3%,4.50,13.50,4.50,12.0,2026/09/27
大関 友久,福岡ソフトバンクホークス,6,6,0,2,2,0,0,100,33.1,618,152,41,9,13,1,22,24,23,6.21,1.62,14.5%,8.6%,5.9%,5.94,3.51,2.43,41.8,2026/09/27
藤井 皓哉,福岡ソフトバンクホークス,,,,,,,,,,,,,,,,,,,,,,,,,,,,2026/09/27
松本 晴,福岡ソフトバンクホークス,6,6,0,5,1,0,0,102,34,509,132,24,3,9,3,24,5,5,1.32,0.97,18.2%,6.8%,11.4%,6.35,2.38,0.79,61.5,2026/09/27
相良 雅斗,福岡ソフトバンクホークス,,,,,,,,,,,,,,,,,,,,,,,,,,,,2026/09/27
前田 純,福岡ソフトバンクホークス,4,4,0,1,1,0,0,62,20.2,338,82,21,0,4,0,20,8,8,3.48,1.21,24.4%,4.9%,19.5%,8.71,1.74,0.00,53.0,2026/09/27
大山 凌,福岡ソフトバンクホークス,4,0,4,0,0,0,0,10,3.1,67,17,5,1,2,0,3,4,4,10.80,2.10,17.6%,11.8%,5.9%,8.10,5.40,2.70,,2026/09/27
オスナ,福岡ソフトバンクホークス,6,0,6,1,0,0,5,18,6,80,22,4,0,1,0,3,0,0,0.00,0.83,13.6%,4.5%,9.1%,4.50,1.50,0.00,,2026/09/27
木村 大成,福岡ソフトバンクホークス,,,,,,,,,,,,,,,,,,,,,,,,,,,,2026/09/27
大竹 風雅,福岡ソフトバンクホークス,6,0,6,0,0,0,0,21,7,113,31,6,0,4,0,7,4,0,0.00,1.43,22.6%,12.9%,9.7%,9.00,5.14,0.00,,2026/09/27
大野 稼頭央,福岡ソフトバンクホークス,4,0,4,0,0,0,0,24,8,162,41,10,1,5,2,5,7,5,5.63,1.88,12.2%,12.2%,0.0%,5.63,5.63,1.13,,2026/09/27
ヘルナンデス,福岡ソフトバンクホークス,6,0,6,1,0,0,2,18,6,78,20,1,1,1,0,6,1,1,1.50,0.33,30.0%,5.0%,25.0%,9.00,1.50,1.50,,2026/09/27
上茶谷 大河,福岡ソフトバンクホークス,6,6,0,1,2,0,0,105,35,561,147,35,7,8,2,32,18,18,4.63,1.23,21.8%,5.4%,16.3%,8.23,2.06,1.80,51.5,2026/09/27
松本 裕樹,福岡ソフトバンクホークス,6,0,6,0,0,0,6,18,6,82,26,5,1,1,1,4,1,1,1.50,1.00,15.4%,3.8%,11.5%,6.00,1.50,1.50,,2026/09/27
木村 光,福岡ソフトバンクホークス,6,0,6,0,0,0,0,18,6,100,28,7,2,3,0,3,3,3,4.50,1.67,10.7%,10.7%,0.0%,4.50,4.50,3.00,,2026/09/27
岩崎 峻典,福岡ソフトバンクホークス,,,,,,,,,,,,,,,,,,,,,,,,,,,,2026/09/27
ロドリゲス,福岡ソフトバンクホークス,,,,,,,,,,,,,,,,,,,,,,,,,,,,2026/09/27
小林 樹斗,福岡ソフトバンクホークス,6,0,6,0,0,0,0,21,7,107,27,5,0,1,0,8,0,0,0.00,0.86,29.6%,3.7%,25.9%,10.29,1.29,0.00,,2026/09/27
長谷川 威展,福岡ソフトバンクホークス,,,,,,,,,,,,,,,,,,,,,,,,,,,,2026/09/27
宮里 優吾,福岡ソフトバンクホークス,,,,,,,,,,,,,,,,,,,,,,,,,,,,2026/09/27
河野 伸一朗,福岡ソフトバンクホークス,,,,,,,,,,,,,,,,,,,,,,,,,,,,2026/09/27
川口 冬弥,福岡ソフトバンクホークス,,,,,,,,,,,,,,,,,,,,,,,,,,,,2026/09/27
村田 賢一,福岡ソフトバンクホークス,,,,,,,,,,,,,,,,,,,,,,,,,,,,2026/09/27
津嘉山 憲志郎,福岡ソフトバンクホークス,,,,,,,,,,,,,,,,,,,,,,,,,,,,2026/09/27
相原 雄太,福岡ソフトバンクホークス,,,,,,,,,,,,,,,,,,,,,,,,,,,,2026/09/27
井﨑 燦志郎,福岡ソフトバンクホークス,,,,,,,,,,,,,,,,,,,,,,,,,,,,2026/09/27
岡田 皓一朗,福岡ソフトバンクホークス,,,,,,,,,,,,,,,,,,,,,,,,,,,,2026/09/27
澤柳 亮太郎,福岡ソフトバンクホークス,,,,,,,,,,,,,,,,,,,,,,,,,,,,2026/09/27
ハモンド,福岡ソフトバンクホークス,,,,,,,,,,,,,,,,,,,,,,,,,,,,2026/09/27
大矢 琉晟,福岡ソフトバンクホークス,,,,,,,,,,,,,,,,,,,,,,,,,,,,2026/09/27
山崎 琢磨,福岡ソフトバンクホークス,,,,,,,,,,,,,,,,,,,,,,,,,,,,2026/09/27
熊谷 太雅,福岡ソフトバンクホークス,,,,,,,,,,,,,,,,,,,,,,,,,,,,2026/09/27
塩士 暖,福岡ソフトバンクホークス,,,,,,,,,,,,,,,,,,,,,,,,,,,,2026/09/27
長﨑 蓮汰,福岡ソフトバンクホークス,,,,,,,,,,,,,,,,,,,,,,,,,,,,2026/09/27
田上 奏大,福岡ソフトバンクホークス,,,,,,,,,,,,,,,,,,,,,,,,,,,,2026/09/27
長水 啓眞,福岡ソフトバンクホークス,,,,,,,,,,,,,,,,,,,,,,,,,,,,2026/09/27
内野 海斗,福岡ソフトバンクホークス,,,,,,,,,,,,,,,,,,,,,,,,,,,,2026/09/27
岡植 純平,福岡ソフトバンクホークス,,,,,,,,,,,,,,,,,,,,,,,,,,,,2026/09/27
佐々木 明都,福岡ソフトバンクホークス,,,,,,,,,,,,,,,,,,,,,,,,,,,,2026/09/27
飛田 悠成,福岡ソフトバンクホークス,,,,,,,,,,,,,,,,,,,,,,,,,,,,2026/09/27
サルディ,福岡ソフトバンクホークス,,,,,,,,,,,,,,,,,,,,,,,,,,,,2026/09/27
矢澤 宏太,北海道日本ハムファイターズ,1,0,1,0,0,0,0,1,0.1,17,3,1,0,1,0,0,0,0,0.00,6.00,0.0%,33.3%,-33.3%,0.00,27.00,0.00,,2026/09/27
生田目 翼,北海道日本ハムファイターズ,6,0,6,0,0,0,0,16,5.1,71,18,3,1,0,0,5,1,1,1.69,0.56,27.8%,0.0%,27.8%,8.44,0.00,1.69,,2026/09/27
加藤 貴之,北海道日本ハムファイターズ,6,6,0,2,2,0,0,109,36.1,554,147,34,5,8,0,20,17,14,3.47,1.16,13.6%,5.4%,8.2%,4.95,1.98,1.24,52.2,2026/09/27
北山 亘基,北海道日本ハムファイターズ,6,6,0,3,0,0,0,115,38.1,648,151,30,8,8,0,37,17,15,3.52,0.99,24.5%,5.3%,19.2%,8.69,1.88,1.88,57.7,2026/09/27
達 孝太,北海道日本ハムファイターズ,6,6,0,2,2,0,0,126,42,664,163,27,5,8,1,46,13,12,2.57,0.83,28.2%,4.9%,23.3%,9.86,1.71,1.07,66.0,2026/09/27
伊藤 大海,北海道日本ハムファイターズ,6,6,0,2,3,0,0,114,38,576,165,46,2,5,0,28,17,16,3.79,1.34,17.0%,3.0%,13.9%,6.63,1.18,0.47,51.5,2026/09/27
山﨑 福也,北海道日本ハムファイターズ,6,6,0,2,1,0,0,98,32.2,513,132,25,4,12,3,18,10,10,2.76,1.13,13.6%,9.1%,4.5%,4.96,3.31,1.10,55.0,2026/09/27
玉井 大翔,北海道日本ハムファイターズ,6,0,6,1,0,0,0,11,3.2,64,17,6,1,1,0,1,2,2,4.91,1.91,5.9%,5.9%,0.0%,2.45,2.45,2.45,,2026/09/27
上原 健太,北海道日本ハムファイターズ,6,0,6,0,0,0,0,10,3.1,70,15,5,0,1,0,3,1,1,2.70,1.80,20.0%,6.7%,13.3%,8.10,2.70,0.00,,2026/09/27
杉浦 稔大,北海道日本ハムファイターズ,6,0,6,0,0,0,1,21,7,128,29,4,0,3,1,8,0,0,0.00,1.00,27.6%,10.3%,17.2%,10.29,3.86,0.00,,2026/09/27
金村 尚真,北海道日本ハムファイターズ,6,0,6,0,0,0,0,18,6,146,39,15,3,6,0,5,12,11,16.50,3.50,12.8%,15.4%,-2.6%,7.50,9.00,4.50,,2026/09/27
宮西 尚生,北海道日本ハムファイターズ,6,0,6,0,0,0,0,17,5.2,104,26,6,0,4,0,6,2,2,3.18,1.76,23.1%,15.4%,7.7%,9.53,6.35,0.00,,2026/09/27
田中 正義,北海道日本ハムファイターズ,6,0,6,0,1,0,1,16,5.1,112,29,9,1,3,0,3,8,6,10.13,2.25,10.3%,10.3%,0.0%,5.06,5.06,1.69,,2026/09/27
大川 慈英,北海道日本ハムファイターズ,5,1,4,0,0,0,1,19,6.1,139,35,9,2,5,0,3,9,6,8.53,2.21,8.6%,14.3%,-5.7%,4.26,7.11,2.84,36.0,2026/09/27
河野 竜生,北海道日本ハムファイターズ,5,0,5,0,0,0,0,11,3.2,86,17,3,0,2,1,3,0,0,0.00,1.36,17.6%,11.8%,5.9%,7.36,4.91,0.00,,2026/09/27
細野 晴希,北海道日本ハムファイターズ,6,6,0,2,2,0,0,100,33.1,564,149,33,1,12,2,34,16,15,4.05,1.35,22.8%,8.1%,14.8%,9.18,3.24,0.27,52.0,2026/09/27
ラオ,北海道日本ハムファイターズ,3,0,3,0,0,0,0,15,5,82,21,5,1,0,1,4,2,2,3.60,1.00,19.0%,0.0%,19.0%,7.20,0.00,1.80,,2026/09/27
柴田 獅子,北海道日本ハムファイターズ,6,0,6,0,0,0,2,21,7,115,30,6,1,3,1,6,1,1,1.29,1.29,20.0%,10.0%,10.0%,7.71,3.86,1.29,,2026/09/27
藤田 琉生,北海道日本ハムファイターズ,,,,,,,,,,,,,,,,,,,,,,,,,,,,2026/09/27
堀 瑞輝,北海道日本ハムファイターズ,6,0,6,0,0,0,5,18,6,112,24,5,0,1,0,13,0,0,0.00,1.00,54.2%,4.2%,50.0%,19.50,1.50,0.00,,2026/09/27
浅利 太門,北海道日本ハムファイターズ,,,,,,,,,,,,,,,,,,,,,,,,,,,,2026/09/27
古林 睿煬,北海道日本ハムファイターズ,6,2,4,0,0,0,1,34,11.1,223,55,13,2,8,0,14,9,9,7.15,1.85,25.5%,14.5%,10.9%,11.12,6.35,1.59,37.5,2026/09/27
島本 浩也,北海道日本ハムファイターズ,6,0,6,0,0,0,2,17,5.2,111,25,4,1,4,1,6,1,1,1.59,1.41,24.0%,16.0%,8.0%,9.53,6.35,1.59,,2026/09/27
福谷 浩司,北海道日本ハムファイターズ,6,0,6,0,1,0,1,19,6.1,83,27,8,3,1,0,1,5,5,7.11,1.42,3.7%,3.7%,0.0%,1.42,1.42,4.26,,2026/09/27
福島 蓮,北海道日本ハムファイターズ,6,0,6,0,0,1,3,24,8,126,34,8,0,1,1,10,0,0,0.00,1.13,29.4%,2.9%,26.5%,11.25,1.13,0.00,,2026/09/27
畔柳 亨丞,北海道日本ハムファイターズ,6,0,6,0,0,0,2,21,7,137,30,5,0,4,1,7,3,3,3.86,1.29,23.3%,13.3%,10.0%,9.00,5.14,0.00,,2026/09/27
柳川 大晟,北海道日本ハムファイターズ,6,0,6,0,1,4,1,18,6,100,23,2,1,2,0,3,1,1,1.50,0.67,13.0%,8.7%,4.3%,4.50,3.00,1.50,,2026/09/27
齋藤 友貴哉,北海道日本ハムファイターズ,6,0,6,0,0,0,0,20,6.2,102,29,8,1,3,0,6,6,6,8.10,1.65,20.7%,10.3%,10.3%,8.10,4.05,1.35,,2026/09/27
池田 隆英,北海道日本ハムファイターズ,6,0,6,0,0,0,0,20,6.2,123,32,8,2,4,0,8,7,7,9.45,1.80,25.0%,12.5%,12.5%,10.80,5.40,2.70,,2026/09/27
菊地 大稀,北海道日本ハムファイターズ,6,0,6,0,0,1,0,19,6.1,125,28,7,1,2,0,6,3,3,4.26,1.42,21.4%,7.1%,14.3%,8.53,2.84,1.42,,2026/09/27
清水 大暉,北海道日本ハムファイターズ,2,0,2,0,0,0,0,5,1.2,58,11,3,0,3,0,1,2,2,10.80,3.60,9.1%,27.3%,-18.2%,5.40,16.20,0.00,,2026/09/27
山城 航太郎,北海道日本ハムファイターズ,,,,,,,,,,,,,,,,,,,,,,,,,,,,2026/09/27
山本 拓実,北海道日本ハムファイターズ,6,0,6,1,0,1,2,16,5.1,95,25,6,1,4,0,5,4,4,6.75,1.88,20.0%,16.0%,4.0%,8.44,6.75,1.69,,2026/09/27
有原 航平,北海道日本ハムファイターズ,6,6,0,2,3,0,0,99,33,524,146,45,4,7,3,16,21,19,5.18,1.58,11.0%,4.8%,6.2%,4.36,1.91,1.09,42.7,2026/09/27
松岡 洸希,北海道日本ハムファイターズ,2,0,2,0,1,0,0,4,1.1,52,11,4,0,3,0,0,4,3,20.25,5.25,0.0%,27.3%,-27.3%,0.00,20.25,0.00,,2026/09/27
清宮 虎多朗,北海道日本ハムファイターズ,1,0,1,0,1,0,0,0,0,7,3,2,0,1,0,0,1,1,,,0.0%,33.3%,-33.3%,,,,,2026/09/27
孫 易磊,北海道日本ハムファイターズ,6,0,6,0,0,0,1,14,4.2,87,21,5,0,4,0,4,3,3,5.79,1.93,19.0%,19.0%,0.0%,7.71,7.71,0.00,,2026/09/27
加藤 大和,北海道日本ハムファイターズ,,,,,,,,,,,,,,,,,,,,,,,,,,,,2026/09/27
松本 遼大,北海道日本ハムファイターズ,,,,,,,,,,,,,,,,,,,,,,,,,,,,2026/09/27
宮内 春輝,北海道日本ハムファイターズ,2,0,2,0,0,0,0,6,2,36,8,1,0,0,1,4,0,0,0.00,0.50,50.0%,0.0%,50.0%,18.00,0.00,0.00,,2026/09/27
川勝 空人,北海道日本ハムファイターズ,,,,,,,,,,,,,,,,,,,,,,,,,,,,2026/09/27
澁谷 純希,北海道日本ハムファイターズ,,,,,,,,,,,,,,,,,,,,,,,,,,,,2026/09/27
横山 永遠,北海道日本ハムファイターズ,,,,,,,,,,,,,,,,,,,,,,,,,,,,2026/09/27
福田 俊,北海道日本ハムファイターズ,,,,,,,,,,,,,,,,,,,,,,,,,,,,2026/09/27
安西 叶翔,北海道日本ハムファイターズ,,,,,,,,,,,,,,,,,,,,,,,,,,,,2026/09/27
根本 悠楓,北海道日本ハムファイターズ,,,,,,,,,,,,,,,,,,,,,,,,,,,,2026/09/27
エスピノーザ,オリックス・バファローズ,6,6,0,3,2,0,0,121,40.1,590,153,27,4,7,2,41,14,14,3.12,0.84,26.8%,4.6%,22.2%,9.15,1.56,0.89,62.8,2026/09/27
山下 舜平大,オリックス・バファローズ,,,,,,,,,,,,,,,,,,,,,,,,,,,,2026/09/27
東 晃平,オリックス・バファローズ,,,,,,,,,,,,,,,,,,,,,,,,,,,,2026/09/27
寺西 成騎,オリックス・バファローズ,6,4,2,1,1,0,1,65,21.2,413,102,26,3,9,1,16,12,10,4.15,1.62,15.7%,8.8%,6.9%,6.65,3.74,1.25,50.8,2026/09/27
椋木 蓮,オリックス・バファローズ,6,0,6,0,0,0,4,17,5.2,82,26,5,1,4,0,1,1,1,1.59,1.59,3.8%,15.4%,-11.5%,1.59,6.35,1.59,,2026/09/27
平野 佳寿,オリックス・バファローズ,3,0,3,0,0,0,1,7,2.1,33,10,3,1,0,0,2,1,1,3.86,1.29,20.0%,0.0%,20.0%,7.71,0.00,3.86,,2026/09/27
曽谷 龍平,オリックス・バファローズ,6,6,0,1,5,0,0,86,28.2,532,128,34,3,8,4,28,20,19,5.97,1.47,21.9%,6.3%,15.6%,8.79,2.51,0.94,45.3,2026/09/27
宮城 大弥,オリックス・バファローズ,3,3,0,1,1,0,0,40,13.1,237,63,20,1,3,0,17,12,6,4.05,1.73,27.0%,4.8%,22.2%,11.48,2.03,0.68,44.7,2026/09/27
山岡 泰輔,オリックス・バファローズ,6,0,6,0,1,0,0,17,5.2,112,27,9,0,0,0,7,4,4,6.35,1.59,25.9%,0.0%,25.9%,11.12,0.00,0.00,,2026/09/27
阿部 翔太,オリックス・バファローズ,6,0,6,0,0,0,0,17,5.2,136,35,10,2,5,2,5,7,7,11.12,2.65,14.3%,14.3%,0.0%,7.94,7.94,3.18,,2026/09/27
山﨑 颯一郎,オリックス・バファローズ,6,0,6,0,0,0,6,18,6,91,22,5,0,0,0,7,1,1,1.50,0.83,31.8%,0.0%,31.8%,10.50,0.00,0.00,,2026/09/27
九里 亜蓮,オリックス・バファローズ,6,6,0,1,4,0,0,92,30.2,570,134,27,1,18,2,19,19,16,4.70,1.47,14.2%,13.4%,0.7%,5.58,5.28,0.29,47.2,2026/09/27
吉田 輝星,オリックス・バファローズ,6,0,6,1,0,0,0,18,6,98,24,5,0,2,0,4,3,3,4.50,1.17,16.7%,8.3%,8.3%,6.00,3.00,0.00,,2026/09/27
齋藤 響介,オリックス・バファローズ,2,1,1,0,0,0,0,7,2.1,84,22,13,0,2,0,1,12,10,38.57,6.43,4.5%,9.1%,-4.5%,3.86,7.71,0.00,29.0,2026/09/27
富山 凌雅,オリックス・バファローズ,6,0,6,0,0,0,0,20,6.2,110,28,6,0,2,0,6,1,1,1.35,1.20,21.4%,7.1%,14.3%,8.10,2.70,0.00,,2026/09/27
田嶋 大樹,オリックス・バファローズ,6,1,5,0,0,0,1,35,11.2,207,47,10,1,3,0,10,2,2,1.54,1.11,21.3%,6.4%,14.9%,7.71,2.31,0.77,47.0,2026/09/27
藤川 敦也,オリックス・バファローズ,,,,,,,,,,,,,,,,,,,,,,,,,,,,2026/09/27
古田島 成龍,オリックス・バファローズ,6,0,6,0,0,0,1,17,5.2,117,28,9,2,3,1,3,5,5,7.94,2.12,10.7%,10.7%,0.0%,4.76,4.76,3.18,,2026/09/27
森 陽樹,オリックス・バファローズ,,,,,,,,,,,,,,,,,,,,,,,,,,,,2026/09/27
岩嵜 翔,オリックス・バファローズ,6,1,5,0,1,0,0,16,5.1,100,25,6,0,4,0,3,4,4,6.75,1.88,12.0%,16.0%,-4.0%,5.06,6.75,0.00,56.0,2026/09/27
佐藤 龍月,オリックス・バファローズ,,,,,,,,,,,,,,,,,,,,,,,,,,,,2026/09/27
マチャド,オリックス・バファローズ,6,0,6,0,0,5,1,18,6,75,22,3,1,1,0,3,1,1,1.50,0.67,13.6%,4.5%,9.1%,4.50,1.50,1.50,,2026/09/27
髙谷 舟,オリックス・バファローズ,1,0,1,0,0,0,0,3,1,38,9,5,1,1,0,1,5,5,45.00,6.00,11.1%,11.1%,0.0%,9.00,9.00,9.00,,2026/09/27
本田 仁海,オリックス・バファローズ,2,0,2,0,0,0,0,3,1,37,9,4,0,2,0,2,1,1,9.00,6.00,22.2%,22.2%,0.0%,18.00,18.00,0.00,,2026/09/27
山口 廉王,オリックス・バファローズ,3,3,0,0,0,0,0,35,11.2,243,60,15,4,13,0,8,9,9,6.94,2.40,13.3%,21.7%,-8.3%,6.17,10.03,3.09,38.0,2026/09/27
東松 快征,オリックス・バファローズ,6,1,5,1,0,0,0,27,9,169,44,7,2,11,0,10,7,7,7.00,2.00,22.7%,25.0%,-2.3%,10.00,11.00,2.00,49.0,2026/09/27
片山 楽生,オリックス・バファローズ,6,0,6,0,0,0,0,18,6,107,26,7,2,0,0,2,4,3,4.50,1.17,7.7%,0.0%,7.7%,3.00,0.00,3.00,,2026/09/27
横山 楓,オリックス・バファローズ,6,0,6,1,1,0,1,15,5,97,22,4,0,2,1,10,2,2,3.60,1.20,45.5%,9.1%,36.4%,18.00,3.60,0.00,,2026/09/27
東山 玲士,オリックス・バファローズ,6,0,6,0,0,0,1,18,6,86,21,1,0,2,0,5,0,0,0.00,0.50,23.8%,9.5%,14.3%,7.50,3.00,0.00,,2026/09/27
山田 修義,オリックス・バファローズ,6,0,6,0,0,0,1,9,3,62,14,2,0,3,0,2,0,0,0.00,1.67,14.3%,21.4%,-7.1%,6.00,9.00,0.00,,2026/09/27
ペルドモ,オリックス・バファローズ,6,2,4,0,1,0,2,34,11.1,211,58,17,1,7,1,7,10,10,7.94,2.12,12.1%,12.1%,0.0%,5.56,5.56,0.79,44.0,2026/09/27
宮國 凌空,オリックス・バファローズ,6,0,6,0,0,0,0,25,8.1,122,38,14,0,2,0,5,7,7,7.56,1.92,13.2%,5.3%,7.9%,5.40,2.16,0.00,,2026/09/27
博志,オリックス・バファローズ,6,1,5,1,0,0,0,30,10,189,48,14,2,6,1,7,10,7,6.30,2.00,14.6%,12.5%,2.1%,6.30,5.40,1.80,42.0,2026/09/27
入山 海斗,オリックス・バファローズ,6,0,6,0,0,0,2,17,5.2,88,26,6,0,3,1,2,3,3,4.76,1.59,7.7%,11.5%,-3.8%,3.18,4.76,0.00,,2026/09/27
ジェリー,オリックス・バファローズ,6,6,0,0,4,0,0,105,35,557,155,37,2,10,5,26,20,18,4.63,1.34,16.8%,6.5%,10.3%,6.69,2.57,0.51,49.2,2026/09/27
陳 睦衡,オリックス・バファローズ,1,1,0,0,1,0,0,2,0.2,51,10,3,0,4,0,0,6,1,13.50,10.50,0.0%,40.0%,-40.0%,0.00,54.00,0.00,28.0,2026/09/27
佐藤 一磨,オリックス・バファローズ,6,1,5,0,1,0,0,21,7,170,40,11,4,8,0,4,9,8,10.29,2.71,10.0%,20.0%,-10.0%,5.14,10.29,5.14,26.0,2026/09/27
川瀬 堅斗,オリックス・バファローズ,6,0,6,0,0,0,1,17,5.2,114,28,10,2,2,0,4,7,7,11.12,2.12,14.3%,7.1%,7.1%,6.35,3.18,3.18,,2026/09/27
才木 海翔,オリックス・バファローズ,6,0,6,0,0,0,0,14,4.2,76,18,2,0,4,0,1,2,2,3.86,1.29,5.6%,22.2%,-16.7%,1.93,7.71,0.00,,2026/09/27
髙島 泰都,オリックス・バファローズ,6,6,0,3,3,0,0,81,27,524,137,41,8,16,1,13,24,24,8.00,2.11,9.5%,11.7%,-2.2%,4.33,5.33,2.67,34.7,2026/09/27
権田 琉成,オリックス・バファローズ,6,0,6,0,0,0,0,27,9,131,35,6,1,3,0,3,2,2,2.00,1.00,8.6%,8.6%,0.0%,3.00,3.00,1.00,,2026/09/27
マシュー,オリックス・バファローズ,,,,,,,,,,,,,,,,,,,,,,,,,,,,2026/09/27
渡邉 一生,オリックス・バファローズ,,,,,,,,,,,,,,,,,,,,,,,,,,,,2026/09/27
寿賀 弘都,オリックス・バファローズ,,,,,,,,,,,,,,,,,,,,,,,,,,,,2026/09/27
芦田 丈飛,オリックス・バファローズ,,,,,,,,,,,,,,,,,,,,,,,,,,,,2026/09/27
上原 堆我,オリックス・バファローズ,,,,,,,,,,,,,,,,,,,,,,,,,,,,2026/09/27
乾 健斗,オリックス・バファローズ,,,,,,,,,,,,,,,,,,,,,,,,,,,,2026/09/27
小木田 敦也,オリックス・バファローズ,,,,,,,,,,,,,,,,,,,,,,,,,,,,2026/09/27
宇田川 優希,オリックス・バファローズ,,,,,,,,,,,,,,,,,,,,,,,,,,,,2026/09/27
前 佑囲斗,オリックス・バファローズ,,,,,,,,,,,,,,,,,,,,,,,,,,,,2026/09/27
河内 康介,オリックス・バファローズ,,,,,,,,,,,,,,,,,,,,,,,,,,,,2026/09/27
上田 大河,埼玉西武ライオンズ,6,0,6,0,0,0,0,35,11.2,185,50,14,3,1,0,9,8,7,5.40,1.29,18.0%,2.0%,16.0%,6.94,0.77,2.31,,2026/09/27
渡邉 勇太朗,埼玉西武ライオンズ,6,6,0,1,2,0,0,101,33.2,544,145,34,5,12,0,30,18,17,4.54,1.37,20.7%,8.3%,12.4%,8.02,3.21,1.34,50.2,2026/09/27
髙橋 光成,埼玉西武ライオンズ,6,6,0,1,2,0,0,98,32.2,533,134,22,2,16,1,24,11,11,3.03,1.16,17.9%,11.9%,6.0%,6.61,4.41,0.55,56.3,2026/09/27
與座 海人,埼玉西武ライオンズ,,,,,,,,,,,,,,,,,,,,,,,,,,,,2026/09/27
隅田 知一郎,埼玉西武ライオンズ,6,6,0,3,1,0,0,138,46,622,164,30,2,3,0,42,7,7,1.37,0.72,25.6%,1.8%,23.8%,8.22,0.59,0.39,72.2,2026/09/27
松本 航,埼玉西武ライオンズ,6,0,6,0,0,0,0,24,8,134,38,10,2,3,0,12,8,8,9.00,1.63,31.6%,7.9%,23.7%,13.50,3.38,2.25,,2026/09/27
佐藤 隼輔,埼玉西武ライオンズ,6,0,6,0,0,0,2,15,5,77,23,8,2,1,0,5,3,3,5.40,1.80,21.7%,4.3%,17.4%,9.00,1.80,3.60,,2026/09/27
岩城 颯空,埼玉西武ライオンズ,6,0,6,1,0,0,0,17,5.2,88,22,4,1,2,0,3,1,1,1.59,1.06,13.6%,9.1%,4.5%,4.76,3.18,1.59,,2026/09/27
武内 夏暉,埼玉西武ライオンズ,6,6,0,3,3,0,0,109,36.1,575,151,41,4,8,0,24,19,18,4.46,1.35,15.9%,5.3%,10.6%,5.94,1.98,0.99,48.5,2026/09/27
糸川 亮太,埼玉西武ライオンズ,6,0,6,0,1,0,2,24,8,145,36,9,2,3,0,4,6,6,6.75,1.50,11.1%,8.3%,2.8%,4.50,3.38,2.25,,2026/09/27
森脇 亮介,埼玉西武ライオンズ,6,1,5,1,1,0,1,18,6,106,26,4,1,3,0,6,4,3,4.50,1.17,23.1%,11.5%,11.5%,9.00,4.50,1.50,54.0,2026/09/27
青山 美夏人,埼玉西武ライオンズ,2,0,2,0,0,0,0,6,2,47,10,3,0,1,0,2,2,2,9.00,2.00,20.0%,10.0%,10.0%,9.00,4.50,0.00,,2026/09/27
ワイナンス,埼玉西武ライオンズ,6,6,0,1,4,0,0,97,32.1,571,143,33,5,14,2,32,24,22,6.12,1.45,22.4%,9.8%,12.6%,8.91,3.90,1.39,45.2,2026/09/27
甲斐野 央,埼玉西武ライオンズ,6,0,6,0,0,4,0,18,6,99,26,7,0,1,0,6,2,2,3.00,1.33,23.1%,3.8%,19.2%,9.00,1.50,0.00,,2026/09/27
山田 陽翔,埼玉西武ライオンズ,6,0,6,0,0,0,0,17,5.2,124,30,7,0,5,0,6,6,3,4.76,2.12,20.0%,16.7%,3.3%,9.53,7.94,0.00,,2026/09/27
堀越 啓太,埼玉西武ライオンズ,2,0,2,0,0,0,0,6,2,33,9,3,0,0,0,1,1,1,4.50,1.50,11.1%,0.0%,11.1%,4.50,0.00,0.00,,2026/09/27
成田 晴風,埼玉西武ライオンズ,2,0,2,0,0,0,0,6,2,50,11,4,1,3,0,0,3,3,13.50,3.50,0.0%,27.3%,-27.3%,0.00,13.50,4.50,,2026/09/27
ボー・タカハシ,埼玉西武ライオンズ,,,,,,,,,,,,,,,,,,,,,,,,,,,,2026/09/27
羽田 慎之介,埼玉西武ライオンズ,6,0,6,1,1,0,1,19,6.1,123,34,7,0,8,1,9,7,7,9.95,2.37,26.5%,23.5%,2.9%,12.79,11.37,0.00,,2026/09/27
ウィンゲンター,埼玉西武ライオンズ,6,0,6,0,1,0,5,14,4.2,92,23,8,1,2,0,7,4,4,7.71,2.14,30.4%,8.7%,21.7%,13.50,3.86,1.93,,2026/09/27
狩生 聖真,埼玉西武ライオンズ,,,,,,,,,,,,,,,,,,,,,,,,,,,,2026/09/27
杉山 遙希,埼玉西武ライオンズ,1,1,0,0,1,0,0,15,5,73,22,5,0,1,0,4,2,1,1.80,1.20,18.2%,4.5%,13.6%,7.20,1.80,0.00,54.0,2026/09/27
篠原 響,埼玉西武ライオンズ,6,0,6,0,1,0,4,18,6,99,24,5,1,1,0,8,4,4,6.00,1.00,33.3%,4.2%,29.2%,12.00,1.50,1.50,,2026/09/27
黒木 優太,埼玉西武ライオンズ,6,0,6,0,1,0,1,19,6.1,89,25,4,1,1,0,6,3,3,4.26,0.79,24.0%,4.0%,20.0%,8.53,1.42,1.42,,2026/09/27
Ｅ．ラミレス,埼玉西武ライオンズ,6,1,5,2,1,0,1,21,7,125,30,4,3,3,1,3,6,6,7.71,1.00,10.0%,10.0%,0.0%,3.86,3.86,3.86,58.0,2026/09/27
黒田 将矢,埼玉西武ライオンズ,6,0,6,0,0,0,0,13,4.1,91,25,9,2,3,0,3,6,6,12.46,2.77,12.0%,12.0%,0.0%,6.23,6.23,4.15,,2026/09/27
中村 祐太,埼玉西武ライオンズ,6,0,6,0,1,0,0,21,7,118,28,7,2,0,0,8,3,3,3.86,1.00,28.6%,0.0%,28.6%,10.29,0.00,2.57,,2026/09/27
平良 海馬,埼玉西武ライオンズ,6,5,1,4,2,0,0,129,43,615,158,27,2,7,2,43,4,4,0.84,0.79,27.2%,4.4%,22.8%,9.00,1.47,0.42,71.2,2026/09/27
冨士 大和,埼玉西武ライオンズ,3,1,2,0,0,0,0,14,4.2,134,29,9,1,6,0,5,7,7,13.50,3.21,17.2%,20.7%,-3.4%,9.64,11.57,1.93,43.0,2026/09/27
豆田 泰志,埼玉西武ライオンズ,6,0,6,1,0,0,1,25,8.1,121,29,2,0,3,0,10,2,0,0.00,0.60,34.5%,10.3%,24.1%,10.80,3.24,0.00,,2026/09/27
菅井 信也,埼玉西武ライオンズ,6,6,0,2,1,0,0,98,32.2,546,132,27,3,7,2,21,7,7,1.93,1.04,15.9%,5.3%,10.6%,5.79,1.93,0.83,58.0,2026/09/27
佐藤 爽,埼玉西武ライオンズ,6,6,0,1,1,0,0,91,30.1,505,128,32,4,9,1,20,15,13,3.86,1.35,15.6%,7.0%,8.6%,5.93,2.67,1.19,48.7,2026/09/27
浜屋 将太,埼玉西武ライオンズ,6,0,6,0,1,0,0,18,6,144,34,9,1,7,0,6,6,2,3.00,2.67,17.6%,20.6%,-2.9%,9.00,10.50,1.50,,2026/09/27
上間 永遠,埼玉西武ライオンズ,,,,,,,,,,,,,,,,,,,,,,,,,,,,2026/09/27
佐々木 健,埼玉西武ライオンズ,,,,,,,,,,,,,,,,,,,,,,,,,,,,2026/09/27
宮澤 太成,埼玉西武ライオンズ,,,,,,,,,,,,,,,,,,,,,,,,,,,,2026/09/27
斎藤 佳紳,埼玉西武ライオンズ,,,,,,,,,,,,,,,,,,,,,,,,,,,,2026/09/27
三浦 大輝,埼玉西武ライオンズ,,,,,,,,,,,,,,,,,,,,,,,,,,,,2026/09/27
濱岡 蒼太,埼玉西武ライオンズ,,,,,,,,,,,,,,,,,,,,,,,,,,,,2026/09/27
シンクレア,埼玉西武ライオンズ,,,,,,,,,,,,,,,,,,,,,,,,,,,,2026/09/27
平口 寛人,埼玉西武ライオンズ,,,,,,,,,,,,,,,,,,,,,,,,,,,,2026/09/27
川下 将勲,埼玉西武ライオンズ,,,,,,,,,,,,,,,,,,,,,,,,,,,,2026/09/27
木瀬 翔太,埼玉西武ライオンズ,,,,,,,,,,,,,,,,,,,,,,,,,,,,2026/09/27
正木 悠馬,埼玉西武ライオンズ,,,,,,,,,,,,,,,,,,,,,,,,,,,,2026/09/27
高橋 礼,埼玉西武ライオンズ,,,,,,,,,,,,,,,,,,,,,,,,,,,,2026/09/27
ムサ,埼玉西武ライオンズ,,,,,,,,,,,,,,,,,,,,,,,,,,,,2026/09/27
フレッド,埼玉西武ライオンズ,,,,,,,,,,,,,,,,,,,,,,,,,,,,2026/09/27
ゴンザレス,埼玉西武ライオンズ,,,,,,,,,,,,,,,,,,,,,,,,,,,,2026/09/27
オリバー,埼玉西武ライオンズ,,,,,,,,,,,,,,,,,,,,,,,,,,,,2026/09/27
モーレ,埼玉西武ライオンズ,,,,,,,,,,,,,,,,,,,,,,,,,,,,2026/09/27
岸 孝之,東北楽天ゴールデンイーグルス,6,6,0,2,3,0,0,111,37,575,153,36,4,6,0,27,16,12,2.92,1.14,17.6%,3.9%,13.7%,6.57,1.46,0.97,55.0,2026/09/27
藤原 聡大,東北楽天ゴールデンイーグルス,6,0,6,0,0,0,0,23,7.2,101,31,9,0,1,0,3,3,2,2.35,1.30,9.7%,3.2%,6.5%,3.52,1.17,0.00,,2026/09/27
コントレラス,東北楽天ゴールデンイーグルス,5,2,3,0,1,0,0,39,13,256,62,15,3,10,2,5,10,10,6.92,1.92,8.1%,16.1%,-8.1%,3.46,6.92,2.08,42.5,2026/09/27
古謝 樹,東北楽天ゴールデンイーグルス,6,6,0,1,4,0,0,113,37.2,587,157,36,3,10,2,37,11,9,2.15,1.22,23.6%,6.4%,17.2%,8.84,2.39,0.72,59.0,2026/09/27
前田 健太,東北楽天ゴールデンイーグルス,6,6,0,3,1,0,0,123,41,628,158,31,2,5,1,33,10,7,1.54,0.88,20.9%,3.2%,17.7%,7.24,1.10,0.44,64.8,2026/09/27
荘司 康誠,東北楽天ゴールデンイーグルス,6,6,0,3,0,0,0,120,40,659,158,36,2,6,0,48,10,10,2.25,1.05,30.4%,3.8%,26.6%,10.80,1.35,0.45,63.7,2026/09/27
伊藤 樹,東北楽天ゴールデンイーグルス,5,4,1,2,0,0,0,72,24,439,107,25,1,12,1,21,9,9,3.38,1.54,19.6%,11.2%,8.4%,7.88,4.50,0.38,56.0,2026/09/27
早川 隆久,東北楽天ゴールデンイーグルス,6,6,0,1,4,0,0,120,40,612,158,32,5,9,1,24,14,14,3.15,1.03,15.2%,5.7%,9.5%,5.40,2.03,1.13,57.8,2026/09/27
ウレーニャ,東北楽天ゴールデンイーグルス,6,2,4,1,1,0,0,51,17,233,69,17,1,0,5,14,4,4,2.12,1.00,20.3%,0.0%,20.3%,7.41,0.00,0.53,52.5,2026/09/27
マルテ,東北楽天ゴールデンイーグルス,6,0,6,0,2,0,2,18,6,119,27,6,2,2,2,8,6,6,9.00,1.33,29.6%,7.4%,22.2%,12.00,3.00,3.00,,2026/09/27
中込 陽翔,東北楽天ゴールデンイーグルス,6,0,6,0,1,0,1,10,3.1,103,24,6,0,4,3,2,4,2,5.40,3.00,8.3%,16.7%,-8.3%,5.40,10.80,0.00,,2026/09/27
酒居 知史,東北楽天ゴールデンイーグルス,,,,,,,,,,,,,,,,,,,,,,,,,,,,2026/09/27
田中 千晴,東北楽天ゴールデンイーグルス,6,0,6,1,0,0,0,17,5.2,100,29,8,0,5,0,3,3,3,4.76,2.29,10.3%,17.2%,-6.9%,4.76,7.94,0.00,,2026/09/27
渡辺 翔太,東北楽天ゴールデンイーグルス,6,0,6,0,0,0,0,18,6,114,31,11,0,3,1,2,7,7,10.50,2.33,6.5%,9.7%,-3.2%,3.00,4.50,0.00,,2026/09/27
江原 雅裕,東北楽天ゴールデンイーグルス,4,0,4,0,0,0,0,18,6,126,29,9,0,4,0,8,5,5,7.50,2.17,27.6%,13.8%,13.8%,12.00,6.00,0.00,,2026/09/27
加治屋 蓮,東北楽天ゴールデンイーグルス,6,0,6,0,0,0,2,18,6,88,27,7,2,1,2,4,2,2,3.00,1.33,14.8%,3.7%,11.1%,6.00,1.50,3.00,,2026/09/27
宋 家豪,東北楽天ゴールデンイーグルス,6,0,6,0,0,0,0,15,5,99,31,15,1,2,0,3,6,4,7.20,3.40,9.7%,6.5%,3.2%,5.40,3.60,1.80,,2026/09/27
九谷 瑠,東北楽天ゴールデンイーグルス,6,0,6,1,0,0,3,18,6,90,23,5,1,1,0,9,1,1,1.50,1.00,39.1%,4.3%,34.8%,13.50,1.50,1.50,,2026/09/27
藤平 尚真,東北楽天ゴールデンイーグルス,6,0,6,0,0,4,1,16,5.1,70,19,3,0,0,0,5,0,0,0.00,0.56,26.3%,0.0%,26.3%,8.44,0.00,0.00,,2026/09/27
藤井 聖,東北楽天ゴールデンイーグルス,6,6,0,2,2,0,0,89,29.2,489,132,36,1,5,2,16,14,12,3.64,1.38,12.1%,3.8%,8.3%,4.85,1.52,0.30,48.3,2026/09/27
西垣 雅矢,東北楽天ゴールデンイーグルス,6,0,6,0,0,0,0,15,5,78,22,3,1,3,0,6,2,1,1.80,1.20,27.3%,13.6%,13.6%,10.80,5.40,1.80,,2026/09/27
津留﨑 大成,東北楽天ゴールデンイーグルス,6,0,6,0,0,0,0,21,7,107,29,4,1,4,0,3,4,4,5.14,1.14,10.3%,13.8%,-3.4%,3.86,5.14,1.29,,2026/09/27
坂井 陽翔,東北楽天ゴールデンイーグルス,,,,,,,,,,,,,,,,,,,,,,,,,,,,2026/09/27
日當 直喜,東北楽天ゴールデンイーグルス,5,0,5,0,0,0,0,18,6,118,28,8,1,2,0,4,3,2,3.00,1.67,14.3%,7.1%,7.1%,6.00,3.00,1.50,,2026/09/27
鈴木 翔天,東北楽天ゴールデンイーグルス,6,0,6,0,1,0,1,15,5,113,26,7,0,5,0,4,6,6,10.80,2.40,15.4%,19.2%,-3.8%,7.20,9.00,0.00,,2026/09/27
瀧中 瞭太,東北楽天ゴールデンイーグルス,6,6,0,1,4,0,0,106,35.1,533,152,42,5,7,1,8,25,25,6.37,1.39,5.3%,4.6%,0.7%,2.04,1.78,1.27,40.8,2026/09/27
辛島 航,東北楽天ゴールデンイーグルス,,,,,,,,,,,,,,,,,,,,,,,,,,,,2026/09/27
泰 勝利,東北楽天ゴールデンイーグルス,6,0,6,0,0,0,2,17,5.2,94,22,2,0,3,0,9,2,2,3.18,0.88,40.9%,13.6%,27.3%,14.29,4.76,0.00,,2026/09/27
古賀 康誠,東北楽天ゴールデンイーグルス,1,0,1,0,0,0,0,3,1,27,6,3,0,0,0,1,2,2,18.00,3.00,16.7%,0.0%,16.7%,9.00,0.00,0.00,,2026/09/27
西口 直人,東北楽天ゴールデンイーグルス,6,0,6,0,1,0,0,15,5,74,24,6,1,1,2,7,4,4,7.20,1.40,29.2%,4.2%,25.0%,12.60,1.80,1.80,,2026/09/27
林 優樹,東北楽天ゴールデンイーグルス,,,,,,,,,,,,,,,,,,,,,,,,,,,,2026/09/27
今野 龍太,東北楽天ゴールデンイーグルス,,,,,,,,,,,,,,,,,,,,,,,,,,,,2026/09/27
大内 誠弥,東北楽天ゴールデンイーグルス,,,,,,,,,,,,,,,,,,,,,,,,,,,,2026/09/27
内 星龍,東北楽天ゴールデンイーグルス,6,0,6,0,0,0,0,29,9.2,157,43,9,2,5,0,8,7,7,6.52,1.45,18.6%,11.6%,7.0%,7.45,4.66,1.86,,2026/09/27
柴田 大地,東北楽天ゴールデンイーグルス,6,0,6,0,0,0,0,14,4.2,118,27,9,1,4,1,6,7,7,13.50,2.79,22.2%,14.8%,7.4%,11.57,7.71,1.93,,2026/09/27
伊藤 大晟,東北楽天ゴールデンイーグルス,,,,,,,,,,,,,,,,,,,,,,,,,,,,2026/09/27
德山 一翔,東北楽天ゴールデンイーグルス,,,,,,,,,,,,,,,,,,,,,,,,,,,,2026/09/27
松田 啄磨,東北楽天ゴールデンイーグルス,,,,,,,,,,,,,,,,,,,,,,,,,,,,2026/09/27
フロリモン,東北楽天ゴールデンイーグルス,,,,,,,,,,,,,,,,,,,,,,,,,,,,2026/09/27
中沢 匠磨,東北楽天ゴールデンイーグルス,,,,,,,,,,,,,,,,,,,,,,,,,,,,2026/09/27
蕭 齊,東北楽天ゴールデンイーグルス,,,,,,,,,,,,,,,,,,,,,,,,,,,,2026/09/27
カスティーヨ,千葉ロッテマリーンズ,6,0,6,0,1,0,0,14,4.2,65,18,2,0,0,0,1,3,0,0.00,0.43,5.6%,0.0%,5.6%,1.93,0.00,0.00,,2026/09/27
毛利 海大,千葉ロッテマリーンズ,6,6,0,1,3,0,0,81,27,479,127,37,1,11,1,15,17,17,5.67,1.78,11.8%,8.7%,3.1%,5.00,3.67,0.33,42.2,2026/09/27
小島 和哉,千葉ロッテマリーンズ,6,6,0,1,3,0,0,109,36.1,621,163,42,6,15,1,33,21,17,4.21,1.57,20.2%,9.2%,11.0%,8.17,3.72,1.49,48.5,2026/09/27
横山 陸人,千葉ロッテマリーンズ,6,0,6,1,1,2,0,15,5,104,26,10,0,1,0,3,5,5,9.00,2.20,11.5%,3.8%,7.7%,5.40,1.80,0.00,,2026/09/27
種市 篤暉,千葉ロッテマリーンズ,2,2,0,0,0,0,0,23,7.2,106,28,6,0,0,0,7,0,0,0.00,0.78,25.0%,0.0%,25.0%,8.22,0.00,0.00,62.0,2026/09/27
石垣 元気,千葉ロッテマリーンズ,2,1,1,0,0,0,0,6,2,32,7,0,0,2,0,3,0,0,0.00,1.00,42.9%,28.6%,14.3%,13.50,9.00,0.00,53.0,2026/09/27
唐川 侑己,千葉ロッテマリーンズ,1,1,0,0,1,0,0,15,5,74,21,5,3,1,0,4,4,4,7.20,1.20,19.0%,4.8%,14.3%,7.20,1.80,5.40,44.0,2026/09/27
石川 柊太,千葉ロッテマリーンズ,6,1,5,0,1,0,0,46,15.1,285,74,21,4,7,1,10,15,13,7.63,1.83,13.5%,9.5%,4.1%,5.87,4.11,2.35,10.0,2026/09/27
東妻 勇輔,千葉ロッテマリーンズ,1,0,1,0,0,0,0,6,2,51,14,7,0,1,0,0,5,2,9.00,4.00,0.0%,7.1%,-7.1%,0.00,4.50,0.00,,2026/09/27
菊地 吏玖,千葉ロッテマリーンズ,2,0,2,0,0,0,0,9,3,64,14,4,1,2,0,0,2,2,6.00,2.00,0.0%,14.3%,-14.3%,0.00,6.00,3.00,,2026/09/27
西野 勇士,千葉ロッテマリーンズ,6,6,0,1,2,0,0,104,34.2,493,144,37,5,7,0,18,19,17,4.41,1.27,12.5%,4.9%,7.6%,4.67,1.82,1.30,48.2,2026/09/27
廣畑 敦也,千葉ロッテマリーンズ,4,0,4,0,0,0,0,24,8,148,42,13,3,2,2,3,10,8,9.00,1.88,7.1%,4.8%,2.4%,3.38,2.25,3.38,,2026/09/27
大谷 輝龍,千葉ロッテマリーンズ,,,,,,,,,,,,,,,,,,,,,,,,,,,,2026/09/27
八木 彬,千葉ロッテマリーンズ,6,0,6,0,1,0,3,18,6,86,27,11,3,0,0,3,5,5,7.50,1.83,11.1%,0.0%,11.1%,4.50,0.00,4.50,,2026/09/27
高野 脩汰,千葉ロッテマリーンズ,6,4,2,3,1,0,0,102,34,513,133,25,5,6,1,36,7,6,1.59,0.91,27.1%,4.5%,22.6%,9.53,1.59,1.32,66.5,2026/09/27
田中 晴也,千葉ロッテマリーンズ,6,6,0,1,0,0,0,114,38,615,152,30,2,9,0,43,16,13,3.08,1.03,28.3%,5.9%,22.4%,10.18,2.13,0.47,59.3,2026/09/27
坂本 光士郎,千葉ロッテマリーンズ,6,0,6,0,0,0,0,22,7.1,131,30,7,0,3,0,9,4,4,4.91,1.36,30.0%,10.0%,20.0%,11.05,3.68,0.00,,2026/09/27
小野 郁,千葉ロッテマリーンズ,6,0,6,0,1,0,1,16,5.1,82,23,4,1,3,0,3,2,2,3.38,1.31,13.0%,13.0%,0.0%,5.06,5.06,1.69,,2026/09/27
奥村 頼人,千葉ロッテマリーンズ,,,,,,,,,,,,,,,,,,,,,,,,,,,,2026/09/27
一條 力真,千葉ロッテマリーンズ,,,,,,,,,,,,,,,,,,,,,,,,,,,,2026/09/27
ジャクソン,千葉ロッテマリーンズ,6,6,0,2,1,0,0,101,33.2,591,142,28,4,15,2,31,14,13,3.48,1.28,21.8%,10.6%,11.3%,8.29,4.01,1.07,54.2,2026/09/27
冨士 隼斗,千葉ロッテマリーンズ,,,,,,,,,,,,,,,,,,,,,,,,,,,,2026/09/27
鈴木 昭汰,千葉ロッテマリーンズ,6,0,6,0,1,0,4,15,5,68,21,6,1,0,0,2,2,2,3.60,1.20,9.5%,0.0%,9.5%,3.60,0.00,1.80,,2026/09/27
ルケーシー,千葉ロッテマリーンズ,4,4,0,1,1,0,0,66,22,361,87,12,1,10,0,19,7,7,2.86,1.00,21.8%,11.5%,10.3%,7.77,4.09,0.41,58.8,2026/09/27
益田 直也,千葉ロッテマリーンズ,6,0,6,0,0,0,0,18,6,100,23,4,1,2,0,6,1,1,1.50,1.00,26.1%,8.7%,17.4%,9.00,3.00,1.50,,2026/09/27
木村 優人,千葉ロッテマリーンズ,3,3,0,0,1,0,0,48,16,269,68,14,3,7,0,11,11,10,5.63,1.31,16.2%,10.3%,5.9%,6.19,3.94,1.69,46.7,2026/09/27
澤田 圭佑,千葉ロッテマリーンズ,6,0,6,0,0,0,0,18,6,103,28,9,0,1,0,6,2,2,3.00,1.67,21.4%,3.6%,17.9%,9.00,1.50,0.00,,2026/09/27
中森 俊介,千葉ロッテマリーンズ,6,0,6,3,0,0,1,18,6,96,26,6,2,2,0,9,4,4,6.00,1.33,34.6%,7.7%,26.9%,13.50,3.00,3.00,,2026/09/27
河村 説人,千葉ロッテマリーンズ,6,6,0,1,3,0,0,100,33.1,533,144,37,5,10,2,9,18,17,4.59,1.41,6.3%,6.9%,-0.7%,2.43,2.70,1.35,45.5,2026/09/27
早坂 響,千葉ロッテマリーンズ,,,,,,,,,,,,,,,,,,,,,,,,,,,,2026/09/27
大聖,千葉ロッテマリーンズ,1,0,1,0,0,0,0,3,1,23,6,3,0,0,0,1,2,2,18.00,3.00,16.7%,0.0%,16.7%,9.00,0.00,0.00,,2026/09/27
坂井 遼,千葉ロッテマリーンズ,,,,,,,,,,,,,,,,,,,,,,,,,,,,2026/09/27
廣池 康志郎,千葉ロッテマリーンズ,6,6,0,0,4,0,0,94,31.1,534,145,42,7,11,1,17,23,22,6.32,1.69,11.7%,7.6%,4.1%,4.88,3.16,2.01,40.3,2026/09/27
宮﨑 颯,千葉ロッテマリーンズ,6,0,6,0,0,0,0,20,6.2,98,29,5,1,3,1,4,4,4,5.40,1.20,13.8%,10.3%,3.4%,5.40,4.05,1.35,,2026/09/27
ロング,千葉ロッテマリーンズ,6,6,0,0,4,0,0,78,26,481,123,37,6,15,2,17,24,23,7.96,2.00,13.8%,12.2%,1.6%,5.88,5.19,2.08,36.7,2026/09/27
吉川 悠斗,千葉ロッテマリーンズ,2,2,0,0,2,0,0,27,9,187,45,11,1,8,0,7,10,10,10.00,2.11,15.6%,17.8%,-2.2%,7.00,8.00,1.00,33.0,2026/09/27
森 遼大朗,千葉ロッテマリーンズ,1,0,1,0,1,0,0,8,2.2,73,19,8,0,2,1,3,3,3,10.13,3.75,15.8%,10.5%,5.3%,10.13,6.75,0.00,,2026/09/27
髙橋 快秀,千葉ロッテマリーンズ,5,0,5,0,0,0,1,18,6,115,26,6,1,3,0,3,5,5,7.50,1.50,11.5%,11.5%,0.0%,4.50,4.50,1.50,,2026/09/27
本前 郁也,千葉ロッテマリーンズ,,,,,,,,,,,,,,,,,,,,,,,,,,,,2026/09/27
秋山 正雲,千葉ロッテマリーンズ,,,,,,,,,,,,,,,,,,,,,,,,,,,,2026/09/27
中村 亮太,千葉ロッテマリーンズ,,,,,,,,,,,,,,,,,,,,,,,,,,,,2026/09/27
永島田 輝斗,千葉ロッテマリーンズ,,,,,,,,,,,,,,,,,,,,,,,,,,,,2026/09/27
中山 優人,千葉ロッテマリーンズ,,,,,,,,,,,,,,,,,,,,,,,,,,,,2026/09/27
茨木 佑太,千葉ロッテマリーンズ,,,,,,,,,,,,,,,,,,,,,,,,,,,,2026/09/27
長島 幸佑,千葉ロッテマリーンズ,,,,,,,,,,,,,,,,,,,,,,,,,,,,2026/09/27
武内 涼太,千葉ロッテマリーンズ,,,,,,,,,,,,,,,,,,,,,,,,,,,,2026/09/27
ラドニー,千葉ロッテマリーンズ,,,,,,,,,,,,,,,,,,,,,,,,,,,,2026/09/27