球団,選手名,ポジション,打率,打数,得点,安打,二塁打,三塁打,本塁打,打点,三振,四球,死球,犠打,盗塁,失策,出塁率,長打率,OPS,ISO,期間
読売ジャイアンツ,甲斐 拓也,捕手,0,0,0,0,0,0,0,0,0,0,0,0,0,0,0,0,0,0,2026/07/12_2026/07/17
読売ジャイアンツ,小林 誠司,捕手,0,0,0,0,0,0,0,0,0,0,0,0,0,0,0,0,0,0,2026/07/12_2026/07/17
読売ジャイアンツ,大城 卓三,捕手,0,9,0,0,0,0,0,0,4,0,0,0,0,0,0,0,0,0,2026/07/12_2026/07/17
読売ジャイアンツ,岸田 行倫,捕手,0.1,10,2,1,0,0,0,0,3,2,0,0,0,0,0.25,0.1,0.35,0,2026/07/12_2026/07/17
読売ジャイアンツ,郡 拓也,捕手,0,0,0,0,0,0,0,0,0,0,0,0,0,0,0,0,0,0,2026/07/12_2026/07/17
読売ジャイアンツ,山瀬 慎之助,捕手,0,0,0,0,0,0,0,0,0,0,0,0,0,0,0,0,0,0,2026/07/12_2026/07/17
読売ジャイアンツ,湯浅 大,内野手,0,0,0,0,0,0,0,0,0,0,0,0,0,0,0,0,0,0,2026/07/12_2026/07/17
読売ジャイアンツ,増田 大輝,内野手,0,0,0,0,0,0,0,0,0,0,0,0,0,0,0,0,0,0,2026/07/12_2026/07/17
読売ジャイアンツ,吉川 尚輝,内野手,0,0,0,0,0,0,0,0,0,0,0,0,0,0,0,0,0,0,2026/07/12_2026/07/17
読売ジャイアンツ,門脇 誠,内野手,0,6,1,0,0,0,0,0,1,2,0,1,1,1,0.25,0,0.25,0,2026/07/12_2026/07/17
読売ジャイアンツ,坂本 勇人,内野手,0.2222222222,9,3,2,0,0,2,6,2,0,0,0,0,0,0.2222222222,0.8888888889,1.111111111,0.6666666667,2026/07/12_2026/07/17
読売ジャイアンツ,石塚 裕惺,内野手,0,0,0,0,0,0,0,0,0,0,0,0,0,0,0,0,0,0,2026/07/12_2026/07/17
読売ジャイアンツ,ダルベック,内野手,0.2777777778,18,3,5,0,0,2,7,6,1,0,0,0,0,0.3157894737,0.6111111111,0.9269005848,0.3333333333,2026/07/12_2026/07/17
読売ジャイアンツ,浦田 俊輔,内野手,0.3684210526,19,3,7,0,0,0,1,1,2,0,0,2,0,0.4285714286,0.3684210526,0.7969924812,0,2026/07/12_2026/07/17
読売ジャイアンツ,小濱 佑斗,内野手,0,0,0,0,0,0,0,0,0,0,0,0,0,0,0,0,0,0,2026/07/12_2026/07/17
読売ジャイアンツ,泉口 友汰,内野手,0.2352941176,17,2,4,2,0,0,2,3,0,0,1,0,0,0.2352941176,0.3529411765,0.5882352941,0.1176470588,2026/07/12_2026/07/17
読売ジャイアンツ,リチャード,内野手,0,5,0,0,0,0,0,0,3,0,0,0,0,0,0,0,0,0,2026/07/12_2026/07/17
読売ジャイアンツ,荒巻 悠,内野手,0,0,0,0,0,0,0,0,0,0,0,0,0,0,0,0,0,0,2026/07/12_2026/07/17
読売ジャイアンツ,増田 陸,内野手,0,0,0,0,0,0,0,0,0,0,0,0,0,0,0,0,0,0,2026/07/12_2026/07/17
読売ジャイアンツ,宇都宮 葵星,内野手,0,0,0,0,0,0,0,0,0,0,0,0,0,0,0,0,0,0,2026/07/12_2026/07/17
読売ジャイアンツ,平山 功太,内野手,0,0,0,0,0,0,0,0,0,0,0,0,0,0,0,0,0,0,2026/07/12_2026/07/17
読売ジャイアンツ,藤井 健翔,内野手,0,0,0,0,0,0,0,0,0,0,0,0,0,0,0,0,0,0,2026/07/12_2026/07/17
読売ジャイアンツ,丸 佳浩,外野手,0,0,0,0,0,0,0,0,0,0,0,0,0,0,0,0,0,0,2026/07/12_2026/07/17
読売ジャイアンツ,松本 剛,外野手,0.375,16,4,6,0,0,0,0,1,1,0,1,2,0,0.4117647059,0.375,0.7867647059,0,2026/07/12_2026/07/17
読売ジャイアンツ,萩尾 匡也,外野手,0,0,0,0,0,0,0,0,0,0,0,0,0,0,0,0,0,0,2026/07/12_2026/07/17
読売ジャイアンツ,キャベッジ,外野手,0.2727272727,11,0,3,0,0,0,0,4,1,0,0,0,0,0.3333333333,0.2727272727,0.6060606061,0,2026/07/12_2026/07/17
読売ジャイアンツ,岡田 悠希,外野手,0,0,0,0,0,0,0,0,0,0,0,0,0,0,0,0,0,0,2026/07/12_2026/07/17
読売ジャイアンツ,皆川 岳飛,外野手,0,0,0,0,0,0,0,0,0,0,0,0,0,0,0,0,0,0,2026/07/12_2026/07/17
読売ジャイアンツ,中山 礼都,外野手,0,0,0,0,0,0,0,0,0,0,0,0,0,0,0,0,0,0,2026/07/12_2026/07/17
読売ジャイアンツ,佐々木 俊輔,外野手,0.4,10,2,4,1,0,1,4,2,2,0,0,0,0,0.5,0.8,1.3,0.4,2026/07/12_2026/07/17
読売ジャイアンツ,ティマ,外野手,0,0,0,0,0,0,0,0,0,0,0,0,0,0,0,0,0,0,2026/07/12_2026/07/17
読売ジャイアンツ,浅野 翔吾,外野手,0,0,0,0,0,0,0,0,0,0,0,0,0,0,0,0,0,0,2026/07/12_2026/07/17
読売ジャイアンツ,若林 楽人,外野手,0,0,0,0,0,0,0,0,0,0,0,0,0,0,0,0,0,0,2026/07/12_2026/07/17
読売ジャイアンツ,三塚 琉生,外野手,0,0,0,0,0,0,0,0,0,0,0,0,0,0,0,0,0,0,2026/07/12_2026/07/17
読売ジャイアンツ,松井 蓮太朗,捕手,0,0,0,0,0,0,0,0,0,0,0,0,0,0,0,0,0,0,2026/07/12_2026/07/17
読売ジャイアンツ,喜多 隆介,捕手,0,0,0,0,0,0,0,0,0,0,0,0,0,0,0,0,0,0,2026/07/12_2026/07/17
読売ジャイアンツ,亀田 啓太,捕手,0,0,0,0,0,0,0,0,0,0,0,0,0,0,0,0,0,0,2026/07/12_2026/07/17
読売ジャイアンツ,坂本 達也,捕手,0,0,0,0,0,0,0,0,0,0,0,0,0,0,0,0,0,0,2026/07/12_2026/07/17
読売ジャイアンツ,中田 歩夢,内野手,0,0,0,0,0,0,0,0,0,0,0,0,0,0,0,0,0,0,2026/07/12_2026/07/17
読売ジャイアンツ,村山 源,内野手,0,0,0,0,0,0,0,0,0,0,0,0,0,0,0,0,0,0,2026/07/12_2026/07/17
読売ジャイアンツ,田上 優弥,内野手,0,0,0,0,0,0,0,0,0,0,0,0,0,0,0,0,0,0,2026/07/12_2026/07/17
読売ジャイアンツ,竹下 徠空,内野手,0,0,0,0,0,0,0,0,0,0,0,0,0,0,0,0,0,0,2026/07/12_2026/07/17
読売ジャイアンツ,北村 流音,内野手,0,0,0,0,0,0,0,0,0,0,0,0,0,0,0,0,0,0,2026/07/12_2026/07/17
読売ジャイアンツ,川原田 純平,内野手,0,0,0,0,0,0,0,0,0,0,0,0,0,0,0,0,0,0,2026/07/12_2026/07/17
読売ジャイアンツ,鈴木 大和,外野手,0,0,0,0,0,0,0,0,0,0,0,0,0,0,0,0,0,0,2026/07/12_2026/07/17
読売ジャイアンツ,知念 大成,外野手,0,1,0,0,0,0,0,0,1,0,0,0,0,0,0,0,0,0,2026/07/12_2026/07/17
読売ジャイアンツ,相澤 白虎,外野手,0,0,0,0,0,0,0,0,0,0,0,0,0,0,0,0,0,0,2026/07/12_2026/07/17
読売ジャイアンツ,フェリス,外野手,0,0,0,0,0,0,0,0,0,0,0,0,0,0,0,0,0,0,2026/07/12_2026/07/17
読売ジャイアンツ,笹原 操希,外野手,0.2941176471,17,3,5,2,0,1,3,2,2,0,0,0,0,0.3684210526,0.5882352941,0.9566563467,0.2941176471,2026/07/12_2026/07/17
阪神タイガース,梅野 隆太郎,捕手,0.1666666667,6,0,1,0,0,0,2,1,1,0,0,0,0,0.2857142857,0.1666666667,0.4523809524,0,2026/07/12_2026/07/17
阪神タイガース,坂本 誠志郎,捕手,0.3333333333,3,0,1,0,0,0,0,0,0,0,0,0,0,0.3333333333,0.3333333333,0.6666666667,0,2026/07/12_2026/07/17
阪神タイガース,伏見 寅威,捕手,0,8,0,0,0,0,0,0,1,0,0,0,0,0,0,0,0,0,2026/07/12_2026/07/17
阪神タイガース,榮枝 裕貴,捕手,0,0,0,0,0,0,0,0,0,0,0,0,0,0,0,0,0,0,2026/07/12_2026/07/17
阪神タイガース,町田 隼乙,捕手,0,0,0,0,0,0,0,0,0,0,0,0,0,0,0,0,0,0,2026/07/12_2026/07/17
阪神タイガース,長坂 拳弥,捕手,0,0,0,0,0,0,0,0,0,0,0,0,0,0,0,0,0,0,2026/07/12_2026/07/17
阪神タイガース,藤田 健斗,捕手,0,0,0,0,0,0,0,0,0,0,0,0,0,0,0,0,0,0,2026/07/12_2026/07/17
阪神タイガース,中川 勇斗,捕手,0,0,0,0,0,0,0,0,0,0,0,0,0,0,0,0,0,0,2026/07/12_2026/07/17
阪神タイガース,嶋村 麟士朗,捕手,0,2,0,0,0,0,0,0,1,0,0,0,0,0,0,0,0,0,2026/07/12_2026/07/17
阪神タイガース,元山 飛優,内野手,0,0,0,0,0,0,0,0,0,0,0,1,0,0,0,0,0,0,2026/07/12_2026/07/17
阪神タイガース,木浪 聖也,内野手,0,0,0,0,0,0,0,0,0,0,0,0,0,0,0,0,0,0,2026/07/12_2026/07/17
阪神タイガース,大山 悠輔,内野手,0.35,20,1,7,1,0,1,2,2,0,1,0,0,0,0.380952381,0.55,0.930952381,0.2,2026/07/12_2026/07/17
阪神タイガース,熊谷 敬宥,内野手,0.1428571429,14,0,2,0,0,0,0,6,2,0,0,0,0,0.25,0.1428571429,0.3928571429,0,2026/07/12_2026/07/17
阪神タイガース,中野 拓夢,内野手,0.2352941176,17,3,4,0,0,0,0,2,2,0,2,0,0,0.3157894737,0.2352941176,0.5510835913,0,2026/07/12_2026/07/17
阪神タイガース,佐藤 輝明,内野手,0.3157894737,19,5,6,0,0,4,9,5,3,0,0,0,0,0.4090909091,0.9473684211,1.35645933,0.6315789474,2026/07/12_2026/07/17
阪神タイガース,立石 正広,内野手,0,0,0,0,0,0,0,0,0,0,0,0,0,0,0,0,0,0,2026/07/12_2026/07/17
阪神タイガース,ディベイニー,内野手,0,0,0,0,0,0,0,0,0,0,0,0,0,0,0,0,0,0,2026/07/12_2026/07/17
阪神タイガース,谷端 将伍,内野手,0,0,0,0,0,0,0,0,0,0,0,0,0,0,0,0,0,0,2026/07/12_2026/07/17
阪神タイガース,糸原 健斗,内野手,0,0,0,0,0,0,0,0,0,0,0,0,0,0,0,0,0,0,2026/07/12_2026/07/17
阪神タイガース,小幡 竜平,内野手,0,4,0,0,0,0,0,0,1,0,0,0,0,0,0,0,0,0,2026/07/12_2026/07/17
阪神タイガース,佐野 大陽,内野手,0,0,0,0,0,0,0,0,0,0,0,0,0,0,0,0,0,0,2026/07/12_2026/07/17
阪神タイガース,山田 脩也,内野手,0,0,0,0,0,0,0,0,0,0,0,0,0,0,0,0,0,0,2026/07/12_2026/07/17
阪神タイガース,百﨑 蒼生,内野手,0,0,0,0,0,0,0,0,0,0,0,0,0,0,0,0,0,0,2026/07/12_2026/07/17
阪神タイガース,植田 海,内野手,0,1,0,0,0,0,0,0,0,0,0,0,0,0,0,0,0,0,2026/07/12_2026/07/17
阪神タイガース,髙寺 望夢,内野手,0.5,2,0,1,0,0,0,1,0,1,0,1,0,0,0.6666666667,0.5,1.166666667,0,2026/07/12_2026/07/17
阪神タイガース,森下 翔太,外野手,0.3125,16,6,5,2,0,2,4,1,5,1,0,0,0,0.5,0.8125,1.3125,0.5,2026/07/12_2026/07/17
阪神タイガース,近本 光司,外野手,0.25,20,4,5,1,0,0,0,3,3,0,0,0,0,0.347826087,0.3,0.647826087,0.05,2026/07/12_2026/07/17
阪神タイガース,濱田 太貴,外野手,0.5,2,1,1,0,0,1,1,0,0,0,0,0,0,0.5,2,2.5,1.5,2026/07/12_2026/07/17
阪神タイガース,岡城 快生,外野手,0,0,0,0,0,0,0,0,0,0,0,0,0,0,0,0,0,0,2026/07/12_2026/07/17
阪神タイガース,井坪 陽生,外野手,0,0,0,0,0,0,0,0,0,0,0,0,0,0,0,0,0,0,2026/07/12_2026/07/17
阪神タイガース,島田 海吏,外野手,0,0,0,0,0,0,0,0,0,0,0,0,0,0,0,0,0,0,2026/07/12_2026/07/17
阪神タイガース,前川 右京,外野手,0.1764705882,17,0,3,1,0,0,0,1,0,2,0,0,0,0.2631578947,0.2352941176,0.4984520124,0.05882352941,2026/07/12_2026/07/17
阪神タイガース,小野寺 暖,外野手,0,0,0,0,0,0,0,0,0,0,0,0,0,0,0,0,0,0,2026/07/12_2026/07/17
阪神タイガース,豊田 寛,外野手,0,0,0,0,0,0,0,0,0,0,0,0,0,0,0,0,0,0,2026/07/12_2026/07/17
阪神タイガース,福島 圭音,外野手,0,1,0,0,0,0,0,0,1,0,0,0,0,0,0,0,0,0,2026/07/12_2026/07/17
阪神タイガース,戸井 零士,内野手,0,0,0,0,0,0,0,0,0,0,0,0,0,0,0,0,0,0,2026/07/12_2026/07/17
阪神タイガース,川﨑 俊哲,内野手,0,0,0,0,0,0,0,0,0,0,0,0,0,0,0,0,0,0,2026/07/12_2026/07/17
阪神タイガース,アルナエス,内野手,0,0,0,0,0,0,0,0,0,0,0,0,0,0,0,0,0,0,2026/07/12_2026/07/17
阪神タイガース,西 純矢,外野手,0,0,0,0,0,0,0,0,0,0,0,0,0,0,0,0,0,0,2026/07/12_2026/07/17
阪神タイガース,山﨑 照英,外野手,0,0,0,0,0,0,0,0,0,0,0,0,0,0,0,0,0,0,2026/07/12_2026/07/17
阪神タイガース,コンスエグラ,外野手,0,0,0,0,0,0,0,0,0,0,0,0,0,0,0,0,0,0,2026/07/12_2026/07/17
横浜DeNAベイスターズ,松尾 汐恩,捕手,0.2,15,3,3,1,0,0,2,2,2,0,0,0,0,0.2941176471,0.2666666667,0.5607843137,0.06666666667,2026/07/12_2026/07/17
横浜DeNAベイスターズ,戸柱 恭孝,捕手,0,0,0,0,0,0,0,0,0,0,0,0,0,0,0,0,0,0,2026/07/12_2026/07/17
横浜DeNAベイスターズ,益子 京右,捕手,0,0,0,0,0,0,0,0,0,0,0,0,0,0,0,0,0,0,2026/07/12_2026/07/17
横浜DeNAベイスターズ,東妻 純平,捕手,0,0,0,0,0,0,0,0,0,0,0,0,0,0,0,0,0,0,2026/07/12_2026/07/17
横浜DeNAベイスターズ,古市 尊,捕手,0,1,1,0,0,0,0,0,0,0,0,0,0,0,0,0,0,0,2026/07/12_2026/07/17
横浜DeNAベイスターズ,九鬼 隆平,捕手,0,0,0,0,0,0,0,0,0,0,0,0,0,0,0,0,0,0,2026/07/12_2026/07/17
横浜DeNAベイスターズ,林 琢真,内野手,0,0,0,0,0,0,0,0,0,0,0,0,0,0,0,0,0,0,2026/07/12_2026/07/17
横浜DeNAベイスターズ,牧 秀悟,内野手,0.1764705882,17,3,3,0,0,2,5,3,2,0,0,0,0,0.2631578947,0.5294117647,0.7925696594,0.3529411765,2026/07/12_2026/07/17
横浜DeNAベイスターズ,小田 康一郎,内野手,0,0,0,0,0,0,0,0,0,0,0,0,0,0,0,0,0,0,2026/07/12_2026/07/17
横浜DeNAベイスターズ,森 敬斗,内野手,0,0,0,0,0,0,0,0,0,0,0,0,0,0,0,0,0,0,2026/07/12_2026/07/17
横浜DeNAベイスターズ,京田 陽太,内野手,0,0,0,0,0,0,0,0,0,0,0,0,0,0,0,0,0,0,2026/07/12_2026/07/17
横浜DeNAベイスターズ,筒香 嘉智,内野手,0.25,4,1,1,0,0,0,1,0,3,0,0,0,0,0.5714285714,0.25,0.8214285714,0,2026/07/12_2026/07/17
横浜DeNAベイスターズ,三森 大貴,内野手,0.25,4,0,1,0,0,0,0,1,0,0,0,0,0,0.25,0.25,0.5,0,2026/07/12_2026/07/17
横浜DeNAベイスターズ,柴田 竜拓,内野手,0,1,0,0,0,0,0,0,0,0,0,0,0,0,0,0,0,0,2026/07/12_2026/07/17
横浜DeNAベイスターズ,宮下 朝陽,内野手,0.3076923077,13,2,4,2,0,0,2,1,1,0,0,0,0,0.3571428571,0.4615384615,0.8186813187,0.1538461538,2026/07/12_2026/07/17
横浜DeNAベイスターズ,加藤 響,内野手,0,0,0,0,0,0,0,0,0,0,0,0,0,0,0,0,0,0,2026/07/12_2026/07/17
横浜DeNAベイスターズ,井上 朋也,内野手,0,0,0,0,0,0,0,0,0,0,0,0,0,0,0,0,0,0,2026/07/12_2026/07/17
横浜DeNAベイスターズ,石上 泰輝,内野手,0,2,0,0,0,0,0,0,1,0,0,1,0,0,0,0,0,0,2026/07/12_2026/07/17
横浜DeNAベイスターズ,成瀬 脩人,内野手,0,0,0,0,0,0,0,0,0,0,0,0,0,0,0,0,0,0,2026/07/12_2026/07/17
横浜DeNAベイスターズ,宮﨑 敏郎,内野手,0.2,10,0,2,1,0,0,2,1,2,0,0,0,0,0.3333333333,0.3,0.6333333333,0.1,2026/07/12_2026/07/17
横浜DeNAベイスターズ,田内 真翔,内野手,0,0,0,0,0,0,0,0,0,0,0,0,0,0,0,0,0,0,2026/07/12_2026/07/17
横浜DeNAベイスターズ,ビシエド,内野手,0,0,0,0,0,0,0,0,0,0,0,0,0,0,0,0,0,0,2026/07/12_2026/07/17
横浜DeNAベイスターズ,度会 隆輝,外野手,0.3333333333,6,2,2,1,0,0,1,1,1,0,0,0,0,0.4285714286,0.5,0.9285714286,0.1666666667,2026/07/12_2026/07/17
横浜DeNAベイスターズ,佐野 恵太,外野手,0.4375,16,2,7,0,0,0,2,1,2,0,0,0,0,0.5,0.4375,0.9375,0,2026/07/12_2026/07/17
横浜DeNAベイスターズ,神里 和毅,外野手,0,0,0,0,0,0,0,0,0,0,0,0,0,0,0,0,0,0,2026/07/12_2026/07/17
横浜DeNAベイスターズ,勝又 温史,外野手,0,0,0,0,0,0,0,0,0,0,0,0,0,0,0,0,0,0,2026/07/12_2026/07/17
横浜DeNAベイスターズ,井上 絢登,外野手,0,0,0,0,0,0,0,0,0,0,0,0,0,0,0,0,0,0,2026/07/12_2026/07/17
横浜DeNAベイスターズ,梶原 昂希,外野手,0.375,8,2,3,0,0,0,0,0,1,1,0,1,0,0.5,0.375,0.875,0,2026/07/12_2026/07/17
横浜DeNAベイスターズ,蝦名 達夫,外野手,0.1666666667,6,1,1,0,0,0,0,1,1,1,0,0,0,0.375,0.1666666667,0.5416666667,0,2026/07/12_2026/07/17
横浜DeNAベイスターズ,関根 大気,外野手,0,0,0,0,0,0,0,0,0,0,0,0,0,0,0,0,0,0,2026/07/12_2026/07/17
横浜DeNAベイスターズ,濱 将乃介,外野手,0,0,0,0,0,0,0,0,0,0,0,0,0,0,0,0,0,0,2026/07/12_2026/07/17
横浜DeNAベイスターズ,ヒュンメル,外野手,0,0,0,0,0,0,0,0,0,0,0,0,0,0,0,0,0,0,2026/07/12_2026/07/17
横浜DeNAベイスターズ,上甲 凌大,捕手,0,0,0,0,0,0,0,0,0,0,0,0,0,0,0,0,0,0,2026/07/12_2026/07/17
横浜DeNAベイスターズ,近藤 大雅,捕手,0,0,0,0,0,0,0,0,0,0,0,0,0,0,0,0,0,0,2026/07/12_2026/07/17
横浜DeNAベイスターズ,小笠原 蒼,内野手,0,0,0,0,0,0,0,0,0,0,0,0,0,0,0,0,0,0,2026/07/12_2026/07/17
横浜DeNAベイスターズ,西巻 賢二,内野手,0,0,0,0,0,0,0,0,0,0,0,0,0,0,0,0,0,0,2026/07/12_2026/07/17
横浜DeNAベイスターズ,清水 詩太,内野手,0,0,0,0,0,0,0,0,0,0,0,0,0,0,0,0,0,0,2026/07/12_2026/07/17
横浜DeNAベイスターズ,高見澤 郁魅,内野手,0,0,0,0,0,0,0,0,0,0,0,0,0,0,0,0,0,0,2026/07/12_2026/07/17
横浜DeNAベイスターズ,小針 大輝,外野手,0,0,0,0,0,0,0,0,0,0,0,0,0,0,0,0,0,0,2026/07/12_2026/07/17
広島東洋カープ,會澤 翼,捕手,0,0,0,0,0,0,0,0,0,0,0,0,0,0,0,0,0,0,2026/07/12_2026/07/17
広島東洋カープ,坂倉 将吾,捕手,0,14,1,0,0,0,0,0,3,3,0,0,0,0,0.1764705882,0,0.1764705882,0,2026/07/12_2026/07/17
広島東洋カープ,石原 貴規,捕手,0.5,6,0,3,1,0,0,2,1,0,0,0,0,0,0.5,0.6666666667,1.166666667,0.1666666667,2026/07/12_2026/07/17
広島東洋カープ,持丸 泰輝,捕手,0.2,5,0,1,1,0,0,0,3,2,0,0,0,0,0.4285714286,0.4,0.8285714286,0.2,2026/07/12_2026/07/17
広島東洋カープ,清水 叶人,捕手,0,0,0,0,0,0,0,0,0,0,0,0,0,0,0,0,0,0,2026/07/12_2026/07/17
広島東洋カープ,髙木 翔斗,捕手,0,0,0,0,0,0,0,0,0,0,0,0,0,0,0,0,0,0,2026/07/12_2026/07/17
広島東洋カープ,羽月 隆太郎,内野手,0,0,0,0,0,0,0,0,0,0,0,0,0,0,0,0,0,0,2026/07/12_2026/07/17
広島東洋カープ,勝田 成,内野手,0,0,0,0,0,0,0,0,0,0,0,0,0,0,0,0,0,0,2026/07/12_2026/07/17
広島東洋カープ,矢野 雅哉,内野手,0,0,0,0,0,0,0,0,0,0,0,0,0,0,0,0,0,0,2026/07/12_2026/07/17
広島東洋カープ,小園 海斗,内野手,0.2352941176,17,2,4,0,0,0,1,4,0,0,0,0,0,0.2352941176,0.2352941176,0.4705882353,0,2026/07/12_2026/07/17
広島東洋カープ,堂林 翔太,内野手,0,0,0,0,0,0,0,0,0,0,0,0,0,0,0,0,0,0,2026/07/12_2026/07/17
広島東洋カープ,佐々木 泰,内野手,0.25,12,1,3,1,0,0,1,1,0,0,0,0,0,0.25,0.3333333333,0.5833333333,0.08333333333,2026/07/12_2026/07/17
広島東洋カープ,菊池 涼介,内野手,0.3571428571,14,3,5,1,0,1,2,4,2,0,2,0,1,0.4375,0.6428571429,1.080357143,0.2857142857,2026/07/12_2026/07/17
広島東洋カープ,林 晃汰,内野手,0,0,0,0,0,0,0,0,0,0,0,0,0,0,0,0,0,0,2026/07/12_2026/07/17
広島東洋カープ,渡邉 悠斗,内野手,0,0,0,0,0,0,0,0,0,0,0,0,0,0,0,0,0,0,2026/07/12_2026/07/17
広島東洋カープ,西川 篤夢,内野手,0,0,0,0,0,0,0,0,0,0,0,0,0,0,0,0,0,0,2026/07/12_2026/07/17
広島東洋カープ,仲田 侑仁,内野手,0,0,0,0,0,0,0,0,0,0,0,0,0,0,0,0,0,0,2026/07/12_2026/07/17
広島東洋カープ,内田 湘大,内野手,0,0,0,0,0,0,0,0,0,0,0,0,0,0,0,0,0,0,2026/07/12_2026/07/17
広島東洋カープ,辰見 鴻之介,内野手,0,0,0,0,0,0,0,0,0,0,0,0,0,0,0,0,0,0,2026/07/12_2026/07/17
広島東洋カープ,前川 誠太,内野手,0,0,0,0,0,0,0,0,0,0,0,0,0,0,0,0,0,0,2026/07/12_2026/07/17
広島東洋カープ,佐藤 啓介,内野手,0,5,0,0,0,0,0,0,1,1,0,0,0,0,0.1666666667,0,0.1666666667,0,2026/07/12_2026/07/17
広島東洋カープ,モンテロ,内野手,0.1666666667,6,0,1,0,0,0,0,2,1,0,0,0,0,0.2857142857,0.1666666667,0.4523809524,0,2026/07/12_2026/07/17
広島東洋カープ,二俣 翔一,内野手,0,0,0,0,0,0,0,0,0,0,0,0,0,0,0,0,0,0,2026/07/12_2026/07/17
広島東洋カープ,秋山 翔吾,外野手,0.6666666667,3,1,2,0,0,0,3,0,0,0,0,0,0,0.6666666667,0.6666666667,1.333333333,0,2026/07/12_2026/07/17
広島東洋カープ,野間 峻祥,外野手,0,0,0,0,0,0,0,0,0,0,0,0,0,0,0,0,0,0,2026/07/12_2026/07/17
広島東洋カープ,平川 蓮,外野手,0,0,0,0,0,0,0,0,0,0,0,0,0,0,0,0,0,0,2026/07/12_2026/07/17
広島東洋カープ,末包 昇大,外野手,0,0,0,0,0,0,0,0,0,0,0,0,0,0,0,0,0,0,2026/07/12_2026/07/17
広島東洋カープ,久保 修,外野手,0,0,0,0,0,0,0,0,0,0,0,0,0,0,0,0,0,0,2026/07/12_2026/07/17
広島東洋カープ,大盛 穂,外野手,0.25,12,2,3,1,0,0,1,2,0,0,0,0,0,0.25,0.3333333333,0.5833333333,0.08333333333,2026/07/12_2026/07/17
広島東洋カープ,田村 俊介,外野手,0,0,0,0,0,0,0,0,0,0,0,0,0,0,0,0,0,0,2026/07/12_2026/07/17
広島東洋カープ,ファビアン,外野手,0.3125,16,3,5,1,0,2,7,5,0,0,0,0,0,0.3125,0.75,1.0625,0.4375,2026/07/12_2026/07/17
広島東洋カープ,名原 典彦,外野手,0.3529411765,17,4,6,2,0,0,0,5,1,0,0,0,0,0.3888888889,0.4705882353,0.8594771242,0.1176470588,2026/07/12_2026/07/17
広島東洋カープ,中村 奨成,外野手,0,0,0,0,0,0,0,0,0,0,0,0,0,0,0,0,0,0,2026/07/12_2026/07/17
広島東洋カープ,中村 貴浩,外野手,0,0,0,0,0,0,0,0,0,0,0,0,0,0,0,0,0,0,2026/07/12_2026/07/17
広島東洋カープ,安竹 俊喜,捕手,0,0,0,0,0,0,0,0,0,0,0,0,0,0,0,0,0,0,2026/07/12_2026/07/17
広島東洋カープ,小林 結太,捕手,0,0,0,0,0,0,0,0,0,0,0,0,0,0,0,0,0,0,2026/07/12_2026/07/17
広島東洋カープ,岸本 大希,内野手,0,0,0,0,0,0,0,0,0,0,0,0,0,0,0,0,0,0,2026/07/12_2026/07/17
広島東洋カープ,ラミレス,内野手,0,0,0,0,0,0,0,0,0,0,0,0,0,0,0,0,0,0,2026/07/12_2026/07/17
広島東洋カープ,ロベルト,外野手,0,0,0,0,0,0,0,0,0,0,0,0,0,0,0,0,0,0,2026/07/12_2026/07/17
中日ドラゴンズ,石伊 雄太,捕手,0.08333333333,12,2,1,1,0,0,1,4,3,1,0,0,0,0.3125,0.1666666667,0.4791666667,0.08333333333,2026/07/12_2026/07/17
中日ドラゴンズ,木下 拓哉,捕手,0,0,0,0,0,0,0,0,0,0,0,0,0,0,0,0,0,0,2026/07/12_2026/07/17
中日ドラゴンズ,宇佐見 真吾,捕手,0,0,0,0,0,0,0,0,0,0,0,0,0,0,0,0,0,0,2026/07/12_2026/07/17
中日ドラゴンズ,味谷 大誠,捕手,0,0,0,0,0,0,0,0,0,0,0,0,0,0,0,0,0,0,2026/07/12_2026/07/17
中日ドラゴンズ,加藤 匠馬,捕手,0,2,0,0,0,0,0,0,1,0,0,0,0,0,0,0,0,0,2026/07/12_2026/07/17
中日ドラゴンズ,石橋 康太,捕手,0,0,0,0,0,0,0,0,0,0,0,0,0,0,0,0,0,0,2026/07/12_2026/07/17
中日ドラゴンズ,辻本 倫太郎,内野手,1,1,1,1,0,1,0,0,0,0,0,0,0,0,1,3,4,2,2026/07/12_2026/07/17
中日ドラゴンズ,田中 幹也,内野手,0,4,0,0,0,0,0,0,1,0,0,0,0,0,0,0,0,0,2026/07/12_2026/07/17
中日ドラゴンズ,高橋 周平,内野手,0,1,0,0,0,0,0,0,0,2,0,0,0,0,0.6666666667,0,0.6666666667,0,2026/07/12_2026/07/17
中日ドラゴンズ,カリステ,内野手,0,0,0,0,0,0,0,0,0,0,0,0,0,0,0,0,0,0,2026/07/12_2026/07/17
中日ドラゴンズ,村松 開人,内野手,0.4285714286,14,2,6,0,0,2,3,3,3,2,0,0,1,0.5789473684,0.8571428571,1.436090226,0.4285714286,2026/07/12_2026/07/17
中日ドラゴンズ,福永 裕基,内野手,0.2857142857,14,2,4,1,0,0,1,3,1,0,0,1,0,0.3333333333,0.3571428571,0.6904761905,0.07142857143,2026/07/12_2026/07/17
中日ドラゴンズ,サノー,内野手,0.1111111111,18,0,2,0,0,0,0,9,2,0,0,0,0,0.2,0.1111111111,0.3111111111,0,2026/07/12_2026/07/17
中日ドラゴンズ,石川 昂弥,内野手,0.1111111111,18,1,2,1,0,1,3,8,2,0,0,0,0,0.2,0.3333333333,0.5333333333,0.2222222222,2026/07/12_2026/07/17
中日ドラゴンズ,森 駿太,内野手,0,0,0,0,0,0,0,0,0,0,0,0,0,0,0,0,0,0,2026/07/12_2026/07/17
中日ドラゴンズ,土田 龍空,内野手,0,1,0,0,0,0,0,0,0,0,0,0,0,0,0,0,0,0,2026/07/12_2026/07/17
中日ドラゴンズ,阿部 寿樹,内野手,0,0,0,0,0,0,0,0,0,1,0,0,0,0,1,0,1,0,2026/07/12_2026/07/17
中日ドラゴンズ,新保 茉良,内野手,0,0,0,0,0,0,0,0,0,0,0,0,0,0,0,0,0,0,2026/07/12_2026/07/17
中日ドラゴンズ,山本 泰寛,内野手,0,0,0,0,0,0,0,0,0,0,0,0,0,0,0,0,0,0,2026/07/12_2026/07/17
中日ドラゴンズ,板山 祐太郎,内野手,0,2,0,0,0,0,0,0,1,0,0,0,0,0,0,0,0,0,2026/07/12_2026/07/17
中日ドラゴンズ,知野 直人,内野手,0,0,0,0,0,0,0,0,0,0,0,0,0,0,0,0,0,0,2026/07/12_2026/07/17
中日ドラゴンズ,ロドリゲス,内野手,0,0,0,0,0,0,0,0,0,0,0,0,0,0,0,0,0,0,2026/07/12_2026/07/17
中日ドラゴンズ,樋口 正修,内野手,0,0,0,0,0,0,0,0,0,0,0,0,0,0,0,0,0,0,2026/07/12_2026/07/17
中日ドラゴンズ,尾田 剛樹,外野手,0,1,0,0,0,0,0,0,1,0,0,0,0,0,0,0,0,0,2026/07/12_2026/07/17
中日ドラゴンズ,岡林 勇希,外野手,0.25,20,2,5,1,0,0,0,2,1,0,0,0,0,0.2857142857,0.3,0.5857142857,0.05,2026/07/12_2026/07/17
中日ドラゴンズ,大島 洋平,外野手,0,0,0,0,0,0,0,0,0,0,0,0,0,0,0,0,0,0,2026/07/12_2026/07/17
中日ドラゴンズ,ボスラー,外野手,0.05882352941,17,1,1,0,0,1,3,10,1,0,0,0,0,0.1111111111,0.2352941176,0.3464052288,0.1764705882,2026/07/12_2026/07/17
中日ドラゴンズ,ブライト 健太,外野手,0,0,0,0,0,0,0,0,0,0,0,0,0,0,0,0,0,0,2026/07/12_2026/07/17
中日ドラゴンズ,川越 誠司,外野手,0,0,0,0,0,0,0,0,0,0,0,0,0,0,0,0,0,0,2026/07/12_2026/07/17
中日ドラゴンズ,上林 誠知,外野手,0,0,0,0,0,0,0,0,0,0,0,0,0,0,0,0,0,0,2026/07/12_2026/07/17
中日ドラゴンズ,細川 成也,外野手,0.1578947368,19,0,3,0,0,0,0,3,2,0,0,0,0,0.2380952381,0.1578947368,0.3959899749,0,2026/07/12_2026/07/17
中日ドラゴンズ,花田 旭,外野手,0,0,0,0,0,0,0,0,0,0,0,0,0,0,0,0,0,0,2026/07/12_2026/07/17
中日ドラゴンズ,鵜飼 航丞,外野手,0,0,0,0,0,0,0,0,0,0,0,0,0,0,0,0,0,0,2026/07/12_2026/07/17
中日ドラゴンズ,能戸 輝夢,外野手,0,0,0,0,0,0,0,0,0,0,0,0,0,0,0,0,0,0,2026/07/12_2026/07/17
中日ドラゴンズ,山浅 龍之介,捕手,0,0,0,0,0,0,0,0,0,0,0,0,0,0,0,0,0,0,2026/07/12_2026/07/17
中日ドラゴンズ,日渡 騰輝,捕手,0,0,0,0,0,0,0,0,0,0,0,0,0,0,0,0,0,0,2026/07/12_2026/07/17
中日ドラゴンズ,中村 奈一輝,内野手,0,0,0,0,0,0,0,0,0,0,0,0,0,0,0,0,0,0,2026/07/12_2026/07/17
中日ドラゴンズ,津田 啓史,内野手,0,0,0,0,0,0,0,0,0,0,0,0,0,0,0,0,0,0,2026/07/12_2026/07/17
中日ドラゴンズ,石川 大峨,内野手,0,0,0,0,0,0,0,0,0,0,0,0,0,0,0,0,0,0,2026/07/12_2026/07/17
中日ドラゴンズ,川上 理偉,内野手,0,0,0,0,0,0,0,0,0,0,0,0,0,0,0,0,0,0,2026/07/12_2026/07/17
中日ドラゴンズ,福元 悠真,外野手,0,0,0,0,0,0,0,0,0,0,0,0,0,0,0,0,0,0,2026/07/12_2026/07/17
中日ドラゴンズ,三上 愛介,外野手,0,0,0,0,0,0,0,0,0,0,0,0,0,0,0,0,0,0,2026/07/12_2026/07/17
東京ヤクルトスワローズ,古賀 優大,捕手,0.2307692308,13,1,3,0,0,0,0,5,0,0,0,0,0,0.2307692308,0.2307692308,0.4615384615,0,2026/07/12_2026/07/17
東京ヤクルトスワローズ,中村 悠平,捕手,0.3333333333,3,0,1,1,0,0,0,0,0,0,0,0,0,0.3333333333,0.6666666667,1,0.3333333333,2026/07/12_2026/07/17
東京ヤクルトスワローズ,松本 直樹,捕手,0,0,0,0,0,0,0,0,0,0,0,0,0,0,0,0,0,0,2026/07/12_2026/07/17
東京ヤクルトスワローズ,柿沼 友哉,捕手,0,0,0,0,0,0,0,0,0,0,0,0,0,0,0,0,0,0,2026/07/12_2026/07/17
東京ヤクルトスワローズ,橋本 星哉,捕手,0,0,0,0,0,0,0,0,0,0,0,0,0,0,0,0,0,0,2026/07/12_2026/07/17
東京ヤクルトスワローズ,矢野 泰二郎,捕手,0.3333333333,3,1,1,0,0,0,0,0,1,0,0,0,1,0.5,0.3333333333,0.8333333333,0,2026/07/12_2026/07/17
東京ヤクルトスワローズ,鈴木 叶,捕手,0,0,0,0,0,0,0,0,0,0,0,0,0,0,0,0,0,0,2026/07/12_2026/07/17
東京ヤクルトスワローズ,赤羽 由紘,内野手,0.1333333333,15,1,2,0,0,0,2,5,1,0,0,0,0,0.1875,0.1333333333,0.3208333333,0,2026/07/12_2026/07/17
東京ヤクルトスワローズ,山田 哲人,内野手,0,0,0,0,0,0,0,0,0,0,0,0,0,0,0,0,0,0,2026/07/12_2026/07/17
東京ヤクルトスワローズ,内山 壮真,内野手,0.15,20,2,3,1,0,0,0,4,2,0,0,0,0,0.2272727273,0.2,0.4272727273,0.05,2026/07/12_2026/07/17
東京ヤクルトスワローズ,松下 歩叶,内野手,0,1,0,0,0,0,0,0,0,0,0,0,0,0,0,0,0,0,2026/07/12_2026/07/17
東京ヤクルトスワローズ,長岡 秀樹,内野手,0.4210526316,19,1,8,0,0,0,2,2,1,0,0,0,0,0.45,0.4210526316,0.8710526316,0,2026/07/12_2026/07/17
東京ヤクルトスワローズ,茂木 栄五郎,内野手,0,0,0,0,0,0,0,0,0,0,0,0,0,0,0,0,0,0,2026/07/12_2026/07/17
東京ヤクルトスワローズ,宮本 丈,内野手,0,0,0,0,0,0,0,0,0,0,0,0,0,0,0,0,0,0,2026/07/12_2026/07/17
東京ヤクルトスワローズ,オスナ,内野手,0,0,0,0,0,0,0,0,0,0,0,0,0,0,0,0,0,0,2026/07/12_2026/07/17
東京ヤクルトスワローズ,山野辺 翔,内野手,0,1,0,0,0,0,0,0,0,0,0,0,0,0,0,0,0,0,2026/07/12_2026/07/17
東京ヤクルトスワローズ,石井 巧,内野手,0,1,1,0,0,0,0,0,0,3,0,0,0,1,0.75,0,0.75,0,2026/07/12_2026/07/17
東京ヤクルトスワローズ,松川 玲央,内野手,0,0,0,0,0,0,0,0,0,0,0,0,0,0,0,0,0,0,2026/07/12_2026/07/17
東京ヤクルトスワローズ,北村 恵吾,内野手,0,0,0,0,0,0,0,0,0,0,0,0,0,0,0,0,0,0,2026/07/12_2026/07/17
東京ヤクルトスワローズ,田中 陽翔,内野手,0,0,0,0,0,0,0,0,0,0,0,0,0,0,0,0,0,0,2026/07/12_2026/07/17
東京ヤクルトスワローズ,武岡 龍世,内野手,0,4,0,0,0,0,0,0,1,0,0,0,0,0,0,0,0,0,2026/07/12_2026/07/17
東京ヤクルトスワローズ,伊藤 琉偉,内野手,0,0,0,0,0,0,0,0,0,0,0,0,0,1,0,0,0,0,2026/07/12_2026/07/17
東京ヤクルトスワローズ,並木 秀尊,外野手,0,0,0,0,0,0,0,0,0,0,0,0,0,0,0,0,0,0,2026/07/12_2026/07/17
東京ヤクルトスワローズ,丸山 和郁,外野手,0,1,0,0,0,0,0,1,0,0,0,0,0,0,0,0,0,0,2026/07/12_2026/07/17
東京ヤクルトスワローズ,塩見 泰隆,外野手,0,4,0,0,0,0,0,0,2,0,0,0,0,0,0,0,0,0,2026/07/12_2026/07/17
東京ヤクルトスワローズ,サンタナ,外野手,0.1875,16,1,3,1,0,1,3,7,2,0,0,0,0,0.2777777778,0.4375,0.7152777778,0.25,2026/07/12_2026/07/17
東京ヤクルトスワローズ,モイセエフ ニキータ,外野手,0,0,0,0,0,0,0,0,0,0,0,0,0,0,0,0,0,0,2026/07/12_2026/07/17
東京ヤクルトスワローズ,西村 瑠伊斗,外野手,0,0,0,0,0,0,0,0,0,0,0,0,0,0,0,0,0,0,2026/07/12_2026/07/17
東京ヤクルトスワローズ,澤井 廉,外野手,0,0,0,0,0,0,0,0,0,0,0,0,0,0,0,0,0,0,2026/07/12_2026/07/17
東京ヤクルトスワローズ,増田 珠,外野手,0.2941176471,17,2,5,0,0,1,1,3,2,1,0,0,0,0.4,0.4705882353,0.8705882353,0.1764705882,2026/07/12_2026/07/17
東京ヤクルトスワローズ,岩田 幸宏,外野手,0.2777777778,18,1,5,0,1,0,0,3,0,0,0,3,0,0.2777777778,0.3888888889,0.6666666667,0.1111111111,2026/07/12_2026/07/17
東京ヤクルトスワローズ,モンテル,外野手,0,2,0,0,0,0,0,0,1,1,0,0,0,0,0.3333333333,0,0.3333333333,0,2026/07/12_2026/07/17
東京ヤクルトスワローズ,松本 龍之介,捕手,0,0,0,0,0,0,0,0,0,0,0,0,0,0,0,0,0,0,2026/07/12_2026/07/17
東京ヤクルトスワローズ,中川 拓真,捕手,0,0,0,0,0,0,0,0,0,0,0,0,0,0,0,0,0,0,2026/07/12_2026/07/17
東京ヤクルトスワローズ,澤野 聖悠,内野手,0,0,0,0,0,0,0,0,0,0,0,0,0,0,0,0,0,0,2026/07/12_2026/07/17
東京ヤクルトスワローズ,根岸 辰昇,内野手,0,0,0,0,0,0,0,0,0,0,0,0,0,0,0,0,0,0,2026/07/12_2026/07/17
東京ヤクルトスワローズ,髙野 颯太,内野手,0,0,0,0,0,0,0,0,0,0,0,0,0,0,0,0,0,0,2026/07/12_2026/07/17
福岡ソフトバンクホークス,渡邉 陸,捕手,0.6666666667,3,0,2,0,0,0,0,0,1,0,0,0,0,0.75,0.6666666667,1.416666667,0,2026/07/12_2026/07/17
福岡ソフトバンクホークス,嶺井 博希,捕手,0,0,0,0,0,0,0,0,0,0,0,0,0,0,0,0,0,0,2026/07/12_2026/07/17
福岡ソフトバンクホークス,山本 祐大,捕手,0,0,0,0,0,0,0,0,0,0,0,0,0,0,0,0,0,0,2026/07/12_2026/07/17
福岡ソフトバンクホークス,谷川原 健太,捕手,0,0,0,0,0,0,0,0,0,0,0,0,0,0,0,0,0,0,2026/07/12_2026/07/17
福岡ソフトバンクホークス,石塚 綜一郎,捕手,0,0,0,0,0,0,0,0,0,0,0,0,0,0,0,0,0,0,2026/07/12_2026/07/17
福岡ソフトバンクホークス,海野 隆司,捕手,0.125,8,0,1,0,0,0,0,4,2,0,0,0,0,0.3,0.125,0.425,0,2026/07/12_2026/07/17
福岡ソフトバンクホークス,藤田 悠太郎,捕手,0,0,0,0,0,0,0,0,0,0,0,0,0,0,0,0,0,0,2026/07/12_2026/07/17
福岡ソフトバンクホークス,川瀬 晃,内野手,0.375,8,2,3,1,0,0,0,2,0,0,1,0,0,0.375,0.5,0.875,0.125,2026/07/12_2026/07/17
福岡ソフトバンクホークス,ダウンズ,内野手,0,4,1,0,0,0,0,0,2,0,0,0,0,0,0,0,0,0,2026/07/12_2026/07/17
福岡ソフトバンクホークス,山川 穂高,内野手,0,0,0,0,0,0,0,0,0,0,0,0,0,0,0,0,0,0,2026/07/12_2026/07/17
福岡ソフトバンクホークス,今宮 健太,内野手,0.125,8,1,1,1,0,0,0,2,0,0,0,0,0,0.125,0.25,0.375,0.125,2026/07/12_2026/07/17
福岡ソフトバンクホークス,中村 晃,内野手,0,0,0,0,0,0,0,0,0,0,0,0,0,0,0,0,0,0,2026/07/12_2026/07/17
福岡ソフトバンクホークス,牧原 大成,内野手,0.3076923077,13,2,4,1,0,0,4,1,0,1,0,1,0,0.3571428571,0.3846153846,0.7417582418,0.07692307692,2026/07/12_2026/07/17
福岡ソフトバンクホークス,栗原 陵矢,内野手,0.2777777778,18,4,5,0,0,3,6,6,0,0,0,0,0,0.2777777778,0.7777777778,1.055555556,0.5,2026/07/12_2026/07/17
福岡ソフトバンクホークス,庄子 雄大,内野手,0,6,0,0,0,0,0,0,3,0,0,0,0,0,0,0,0,0,2026/07/12_2026/07/17
福岡ソフトバンクホークス,廣瀨 隆太,内野手,0,4,0,0,0,0,0,0,3,0,0,0,0,0,0,0,0,0,2026/07/12_2026/07/17
福岡ソフトバンクホークス,イヒネ イツア,内野手,0,0,0,0,0,0,0,0,0,0,0,0,0,0,0,0,0,0,2026/07/12_2026/07/17
福岡ソフトバンクホークス,宇野 真仁朗,内野手,0,0,0,0,0,0,0,0,0,0,0,0,0,0,0,0,0,0,2026/07/12_2026/07/17
福岡ソフトバンクホークス,秋広 優人,内野手,0,0,0,0,0,0,0,0,0,0,0,0,0,0,0,0,0,0,2026/07/12_2026/07/17
福岡ソフトバンクホークス,髙橋 隆慶,内野手,0,0,0,0,0,0,0,0,0,0,0,0,0,0,0,0,0,0,2026/07/12_2026/07/17
福岡ソフトバンクホークス,石見 颯真,内野手,0,0,0,0,0,0,0,0,0,0,0,0,0,0,0,0,0,0,2026/07/12_2026/07/17
福岡ソフトバンクホークス,野村 勇,内野手,0,0,0,0,0,0,0,0,0,0,0,0,0,0,0,0,0,0,2026/07/12_2026/07/17
福岡ソフトバンクホークス,近藤 健介,外野手,0.3125,16,0,5,2,0,0,1,3,1,0,0,0,0,0.3529411765,0.4375,0.7904411765,0.125,2026/07/12_2026/07/17
福岡ソフトバンクホークス,柳田 悠岐,外野手,0.25,16,2,4,0,0,1,1,3,1,0,0,0,0,0.2941176471,0.4375,0.7316176471,0.1875,2026/07/12_2026/07/17
福岡ソフトバンクホークス,周東 佑京,外野手,0.4117647059,17,1,7,1,0,0,1,3,0,0,1,2,0,0.4117647059,0.4705882353,0.8823529412,0.05882352941,2026/07/12_2026/07/17
福岡ソフトバンクホークス,正木 智也,外野手,0.3636363636,11,3,4,0,0,1,3,5,3,0,0,0,0,0.5,0.6363636364,1.136363636,0.2727272727,2026/07/12_2026/07/17
福岡ソフトバンクホークス,柳町 達,外野手,0.3,10,0,3,1,0,0,3,2,0,0,0,0,1,0.3,0.4,0.7,0.1,2026/07/12_2026/07/17
福岡ソフトバンクホークス,笹川 吉康,外野手,0,0,0,0,0,0,0,0,0,0,0,0,0,0,0,0,0,0,2026/07/12_2026/07/17
福岡ソフトバンクホークス,緒方 理貢,外野手,0,0,1,0,0,0,0,0,0,0,0,0,0,0,0,0,0,0,2026/07/12_2026/07/17
福岡ソフトバンクホークス,川村 友斗,外野手,0,1,2,0,0,0,0,0,1,0,0,0,0,0,0,0,0,0,2026/07/12_2026/07/17
福岡ソフトバンクホークス,山本 恵大,外野手,0,0,0,0,0,0,0,0,0,0,0,0,0,0,0,0,0,0,2026/07/12_2026/07/17
福岡ソフトバンクホークス,ロドリゲス,内野手,0,0,0,0,0,0,0,0,0,0,0,0,0,0,0,0,0,0,2026/07/12_2026/07/17
福岡ソフトバンクホークス,大友 宗,捕手,0,0,0,0,0,0,0,0,0,0,0,0,0,0,0,0,0,0,2026/07/12_2026/07/17
福岡ソフトバンクホークス,牧原 巧汰,捕手,0,0,0,0,0,0,0,0,0,0,0,0,0,0,0,0,0,0,2026/07/12_2026/07/17
福岡ソフトバンクホークス,池田 栞太,捕手,0,0,0,0,0,0,0,0,0,0,0,0,0,0,0,0,0,0,2026/07/12_2026/07/17
福岡ソフトバンクホークス,盛島 稜大,捕手,0,0,0,0,0,0,0,0,0,0,0,0,0,0,0,0,0,0,2026/07/12_2026/07/17
福岡ソフトバンクホークス,ザイレン,内野手,0,0,0,0,0,0,0,0,0,0,0,0,0,0,0,0,0,0,2026/07/12_2026/07/17
福岡ソフトバンクホークス,藤野 恵音,内野手,0,0,0,0,0,0,0,0,0,0,0,0,0,0,0,0,0,0,2026/07/12_2026/07/17
福岡ソフトバンクホークス,桑原 秀侍,内野手,0,0,0,0,0,0,0,0,0,0,0,0,0,0,0,0,0,0,2026/07/12_2026/07/17
福岡ソフトバンクホークス,広瀬 結煌,内野手,0,0,0,0,0,0,0,0,0,0,0,0,0,0,0,0,0,0,2026/07/12_2026/07/17
福岡ソフトバンクホークス,佐倉 侠史朗,内野手,0,0,0,0,0,0,0,0,0,0,0,0,0,0,0,0,0,0,2026/07/12_2026/07/17
福岡ソフトバンクホークス,中澤 恒貴,内野手,0,0,0,0,0,0,0,0,0,0,0,0,0,0,0,0,0,0,2026/07/12_2026/07/17
福岡ソフトバンクホークス,江崎 歩,内野手,0,0,0,0,0,0,0,0,0,0,0,0,0,0,0,0,0,0,2026/07/12_2026/07/17
福岡ソフトバンクホークス,大橋 令和,内野手,0,0,0,0,0,0,0,0,0,0,0,0,0,0,0,0,0,0,2026/07/12_2026/07/17
福岡ソフトバンクホークス,山下 恭吾,内野手,0,0,0,0,0,0,0,0,0,0,0,0,0,0,0,0,0,0,2026/07/12_2026/07/17
福岡ソフトバンクホークス,西尾 歩真,内野手,0,0,0,0,0,0,0,0,0,0,0,0,0,0,0,0,0,0,2026/07/12_2026/07/17
福岡ソフトバンクホークス,モレノ,内野手,0,0,0,0,0,0,0,0,0,0,0,0,0,0,0,0,0,0,2026/07/12_2026/07/17
福岡ソフトバンクホークス,アルモンテ,内野手,0,0,0,0,0,0,0,0,0,0,0,0,0,0,0,0,0,0,2026/07/12_2026/07/17
福岡ソフトバンクホークス,大泉 周也,外野手,0,0,0,0,0,0,0,0,0,0,0,0,0,0,0,0,0,0,2026/07/12_2026/07/17
福岡ソフトバンクホークス,漁府 輝羽,外野手,0,0,0,0,0,0,0,0,0,0,0,0,0,0,0,0,0,0,2026/07/12_2026/07/17
福岡ソフトバンクホークス,木下 勇人,外野手,0,0,0,0,0,0,0,0,0,0,0,0,0,0,0,0,0,0,2026/07/12_2026/07/17
福岡ソフトバンクホークス,鈴木 貴大,外野手,0,0,0,0,0,0,0,0,0,0,0,0,0,0,0,0,0,0,2026/07/12_2026/07/17
福岡ソフトバンクホークス,生海,外野手,0,0,0,0,0,0,0,0,0,0,0,0,0,0,0,0,0,0,2026/07/12_2026/07/17
福岡ソフトバンクホークス,エミール,外野手,0,0,0,0,0,0,0,0,0,0,0,0,0,0,0,0,0,0,2026/07/12_2026/07/17
福岡ソフトバンクホークス,重松 凱人,外野手,0,0,0,0,0,0,0,0,0,0,0,0,0,0,0,0,0,0,2026/07/12_2026/07/17
福岡ソフトバンクホークス,佐藤 航太,外野手,0,0,0,0,0,0,0,0,0,0,0,0,0,0,0,0,0,0,2026/07/12_2026/07/17
福岡ソフトバンクホークス,オスーナ,外野手,0,0,0,0,0,0,0,0,0,0,0,0,0,0,0,0,0,0,2026/07/12_2026/07/17
北海道日本ハムファイターズ,郡司 裕也,捕手,0.5555555556,9,2,5,1,0,0,2,1,3,1,0,0,0,0.6923076923,0.6666666667,1.358974359,0.1111111111,2026/07/12_2026/07/17
北海道日本ハムファイターズ,清水 優心,捕手,0,0,0,0,0,0,0,0,0,0,0,0,0,0,0,0,0,0,2026/07/12_2026/07/17
北海道日本ハムファイターズ,進藤 勇也,捕手,0.1666666667,6,0,1,1,0,0,1,4,0,0,0,0,0,0.1666666667,0.3333333333,0.5,0.1666666667,2026/07/12_2026/07/17
北海道日本ハムファイターズ,リン,捕手,0,0,0,0,0,0,0,0,0,0,0,0,0,0,0,0,0,0,2026/07/12_2026/07/17
北海道日本ハムファイターズ,藤森 海斗,捕手,0,0,0,0,0,0,0,0,0,0,0,0,0,0,0,0,0,0,2026/07/12_2026/07/17
北海道日本ハムファイターズ,吉田 賢吾,捕手,0.1,10,1,1,1,0,0,0,3,1,1,0,0,0,0.25,0.2,0.45,0.1,2026/07/12_2026/07/17
北海道日本ハムファイターズ,田宮 裕涼,捕手,0.1428571429,7,0,1,0,0,0,0,4,0,0,0,0,0,0.1428571429,0.1428571429,0.2857142857,0,2026/07/12_2026/07/17
北海道日本ハムファイターズ,梅林 優貴,捕手,0,0,0,0,0,0,0,0,0,0,0,0,0,0,0,0,0,0,2026/07/12_2026/07/17
北海道日本ハムファイターズ,上川畑 大悟,内野手,0,1,0,0,0,0,0,0,1,0,0,0,0,0,0,0,0,0,2026/07/12_2026/07/17
北海道日本ハムファイターズ,野村 佑希,内野手,0.4444444444,9,1,4,1,0,1,3,3,1,0,0,0,0,0.5,0.8888888889,1.388888889,0.4444444444,2026/07/12_2026/07/17
北海道日本ハムファイターズ,カストロ,内野手,0,0,0,0,0,0,0,0,0,0,0,0,0,0,0,0,0,0,2026/07/12_2026/07/17
北海道日本ハムファイターズ,中島 卓也,内野手,0,0,0,0,0,0,0,0,0,0,0,0,0,0,0,0,0,0,2026/07/12_2026/07/17
北海道日本ハムファイターズ,清宮 幸太郎,内野手,0.3,10,2,3,0,0,1,1,2,2,0,0,0,0,0.4166666667,0.6,1.016666667,0.3,2026/07/12_2026/07/17
北海道日本ハムファイターズ,有薗 直輝,内野手,0,0,0,0,0,0,0,0,0,0,0,0,0,0,0,0,0,0,2026/07/12_2026/07/17
北海道日本ハムファイターズ,水野 達稀,内野手,0.2352941176,17,2,4,2,0,0,1,4,1,0,0,0,3,0.2777777778,0.3529411765,0.6307189542,0.1176470588,2026/07/12_2026/07/17
北海道日本ハムファイターズ,阪口 樂,内野手,0,0,0,0,0,0,0,0,0,0,0,0,0,0,0,0,0,0,2026/07/12_2026/07/17
北海道日本ハムファイターズ,大塚 瑠晏,内野手,0,5,0,0,0,0,0,0,2,0,0,0,0,0,0,0,0,0,2026/07/12_2026/07/17
北海道日本ハムファイターズ,半田 南十,内野手,0,0,0,0,0,0,0,0,0,0,0,0,0,0,0,0,0,0,2026/07/12_2026/07/17
北海道日本ハムファイターズ,山縣 秀,内野手,0,1,0,0,0,0,0,0,0,0,0,0,0,0,0,0,0,0,2026/07/12_2026/07/17
北海道日本ハムファイターズ,細川 凌平,内野手,0.2,5,1,1,0,0,0,0,0,0,0,1,0,1,0.2,0.2,0.4,0,2026/07/12_2026/07/17
北海道日本ハムファイターズ,奈良間 大己,内野手,0.3,10,1,3,0,0,1,2,1,1,0,0,0,0,0.3636363636,0.6,0.9636363636,0.3,2026/07/12_2026/07/17
北海道日本ハムファイターズ,明瀬 諒介,内野手,0,0,0,0,0,0,0,0,0,0,0,0,0,0,0,0,0,0,2026/07/12_2026/07/17
北海道日本ハムファイターズ,西川 遥輝,外野手,0,0,0,0,0,0,0,0,0,0,0,0,0,0,0,0,0,0,2026/07/12_2026/07/17
北海道日本ハムファイターズ,淺間 大基,外野手,0,0,0,0,0,0,0,0,0,0,0,0,0,0,0,0,0,0,2026/07/12_2026/07/17
北海道日本ハムファイターズ,宮崎 一樹,外野手,0,3,0,0,0,0,0,0,1,0,0,0,0,0,0,0,0,0,2026/07/12_2026/07/17
北海道日本ハムファイターズ,エドポロ ケイン,外野手,0,0,0,0,0,0,0,0,0,0,0,0,0,0,0,0,0,0,2026/07/12_2026/07/17
北海道日本ハムファイターズ,五十幡 亮汰,外野手,0,1,0,0,0,0,0,0,1,0,0,0,0,0,0,0,0,0,2026/07/12_2026/07/17
北海道日本ハムファイターズ,水谷 瞬,外野手,0.1428571429,7,0,1,0,0,0,0,1,1,0,0,0,0,0.25,0.1428571429,0.3928571429,0,2026/07/12_2026/07/17
北海道日本ハムファイターズ,今川 優馬,外野手,0,0,0,0,0,0,0,0,0,0,0,0,0,0,0,0,0,0,2026/07/12_2026/07/17
北海道日本ハムファイターズ,万波 中正,外野手,0.5294117647,17,2,9,2,0,0,1,2,0,0,0,0,1,0.5294117647,0.6470588235,1.176470588,0.1176470588,2026/07/12_2026/07/17
北海道日本ハムファイターズ,レイエス,外野手,0.3333333333,15,0,5,2,0,0,1,7,1,0,0,0,0,0.375,0.4666666667,0.8416666667,0.1333333333,2026/07/12_2026/07/17
北海道日本ハムファイターズ,濵田 泰希,内野手,0,0,0,0,0,0,0,0,0,0,0,0,0,0,0,0,0,0,2026/07/12_2026/07/17
北海道日本ハムファイターズ,常谷 拓輝,内野手,0,0,0,0,0,0,0,0,0,0,0,0,0,0,0,0,0,0,2026/07/12_2026/07/17
北海道日本ハムファイターズ,藤田 大清,外野手,0,0,0,0,0,0,0,0,0,0,0,0,0,0,0,0,0,0,2026/07/12_2026/07/17
北海道日本ハムファイターズ,山口 アタル,外野手,0,0,0,0,0,0,0,0,0,0,0,0,0,0,0,0,0,0,2026/07/12_2026/07/17
北海道日本ハムファイターズ,星野 ひので,外野手,0,0,0,0,0,0,0,0,0,0,0,0,0,0,0,0,0,0,2026/07/12_2026/07/17
オリックス・バファローズ,若月 健矢,捕手,0.2222222222,9,2,2,1,0,0,0,2,1,0,0,0,0,0.3,0.3333333333,0.6333333333,0.1111111111,2026/07/12_2026/07/17
オリックス・バファローズ,森 友哉,捕手,0.1666666667,12,2,2,0,0,0,0,4,1,0,0,0,0,0.2307692308,0.1666666667,0.3974358974,0,2026/07/12_2026/07/17
オリックス・バファローズ,福永 奨,捕手,0.5,2,0,1,1,0,0,1,1,0,0,1,0,0,0.5,1,1.5,0.5,2026/07/12_2026/07/17
オリックス・バファローズ,石川 亮,捕手,0,0,0,0,0,0,0,0,0,0,0,0,0,0,0,0,0,0,2026/07/12_2026/07/17
オリックス・バファローズ,頓宮 裕真,捕手,0,0,0,0,0,0,0,0,0,0,0,0,0,0,0,0,0,0,2026/07/12_2026/07/17
オリックス・バファローズ,山中 稜真,捕手,0.3846153846,13,1,5,0,0,0,2,2,3,1,0,0,0,0.5294117647,0.3846153846,0.9140271493,0,2026/07/12_2026/07/17
オリックス・バファローズ,野上 士耀,捕手,0,0,0,0,0,0,0,0,0,0,0,0,0,0,0,0,0,0,2026/07/12_2026/07/17
オリックス・バファローズ,堀 柊那,捕手,0,0,0,0,0,0,0,0,0,0,0,0,0,0,0,0,0,0,2026/07/12_2026/07/17
オリックス・バファローズ,太田 椋,内野手,0.2352941176,17,2,4,1,0,0,2,4,1,0,0,0,0,0.2777777778,0.2941176471,0.5718954248,0.05882352941,2026/07/12_2026/07/17
オリックス・バファローズ,西野 真弘,内野手,0,0,0,0,0,0,0,0,0,0,0,0,0,0,0,0,0,0,2026/07/12_2026/07/17
オリックス・バファローズ,宗 佑磨,内野手,0.1428571429,14,1,2,1,0,0,3,5,1,0,0,1,0,0.2,0.2142857143,0.4142857143,0.07142857143,2026/07/12_2026/07/17
オリックス・バファローズ,野口 智哉,内野手,0,0,1,0,0,0,0,0,0,1,0,1,0,0,1,0,1,0,2026/07/12_2026/07/17
オリックス・バファローズ,大城 滉二,内野手,0,0,0,0,0,0,0,0,0,0,0,0,0,0,0,0,0,0,2026/07/12_2026/07/17
オリックス・バファローズ,紅林 弘太郎,内野手,0.5384615385,13,2,7,2,0,0,1,2,2,1,0,0,0,0.625,0.6923076923,1.317307692,0.1538461538,2026/07/12_2026/07/17
オリックス・バファローズ,内藤 鵬,内野手,0,0,0,0,0,0,0,0,0,0,0,0,0,0,0,0,0,0,2026/07/12_2026/07/17
オリックス・バファローズ,廣岡 大志,内野手,0,0,0,0,0,0,0,0,0,0,0,0,0,0,0,0,0,0,2026/07/12_2026/07/17
オリックス・バファローズ,横山 聖哉,内野手,0,0,0,0,0,0,0,0,0,0,0,0,0,0,0,0,0,0,2026/07/12_2026/07/17
オリックス・バファローズ,シーモア,内野手,0,0,0,0,0,0,0,0,0,0,0,0,0,0,0,0,0,0,2026/07/12_2026/07/17
オリックス・バファローズ,宜保 翔,内野手,0,0,0,0,0,0,0,0,0,0,0,0,0,0,0,0,0,0,2026/07/12_2026/07/17
オリックス・バファローズ,中川 圭太,内野手,0.5,16,3,8,0,0,2,4,1,2,0,0,0,0,0.5555555556,0.875,1.430555556,0.375,2026/07/12_2026/07/17
オリックス・バファローズ,渡部 遼人,外野手,0,4,0,0,0,0,0,0,0,0,0,0,0,0,0,0,0,0,2026/07/12_2026/07/17
オリックス・バファローズ,西川 龍馬,外野手,0.1176470588,17,2,2,0,0,1,2,2,0,0,0,0,0,0.1176470588,0.2941176471,0.4117647059,0.1764705882,2026/07/12_2026/07/17
オリックス・バファローズ,麦谷 祐介,外野手,0,0,0,0,0,0,0,0,0,0,0,0,0,0,0,0,0,0,2026/07/12_2026/07/17
オリックス・バファローズ,杉澤 龍,外野手,0,2,0,0,0,0,0,0,1,0,0,0,0,0,0,0,0,0,2026/07/12_2026/07/17
オリックス・バファローズ,来田 涼斗,外野手,0.3125,16,2,5,0,0,0,2,1,1,0,0,0,0,0.3529411765,0.3125,0.6654411765,0,2026/07/12_2026/07/17
オリックス・バファローズ,池田 陵真,外野手,0,0,0,0,0,0,0,0,0,0,0,0,0,0,0,0,0,0,2026/07/12_2026/07/17
オリックス・バファローズ,窪田 洋祐,外野手,0,0,0,0,0,0,0,0,0,0,0,0,0,0,0,0,0,0,2026/07/12_2026/07/17
オリックス・バファローズ,平沼 翔太,外野手,0,1,0,0,0,0,0,0,1,0,0,0,0,0,0,0,0,0,2026/07/12_2026/07/17
オリックス・バファローズ,杉本 裕太郎,外野手,0,0,0,0,0,0,0,0,0,0,0,0,0,0,0,0,0,0,2026/07/12_2026/07/17
オリックス・バファローズ,村上 喬一朗,捕手,0,0,0,0,0,0,0,0,0,0,0,0,0,0,0,0,0,0,2026/07/12_2026/07/17
オリックス・バファローズ,田島 光祐,捕手,0,0,0,0,0,0,0,0,0,0,0,0,0,0,0,0,0,0,2026/07/12_2026/07/17
オリックス・バファローズ,中西 創大,内野手,0,0,0,0,0,0,0,0,0,0,0,0,0,0,0,0,0,0,2026/07/12_2026/07/17
オリックス・バファローズ,河野 聡太,内野手,0,0,0,0,0,0,0,0,0,0,0,0,0,0,0,0,0,0,2026/07/12_2026/07/17
オリックス・バファローズ,今坂 幸暉,内野手,0,0,0,0,0,0,0,0,0,0,0,0,0,0,0,0,0,0,2026/07/12_2026/07/17
オリックス・バファローズ,清水 武蔵,内野手,0,0,0,0,0,0,0,0,0,0,0,0,0,0,0,0,0,0,2026/07/12_2026/07/17
オリックス・バファローズ,大里 昂生,内野手,0,0,0,0,0,0,0,0,0,0,0,0,0,0,0,0,0,0,2026/07/12_2026/07/17
オリックス・バファローズ,遠藤 成,内野手,0,0,0,0,0,0,0,0,0,0,0,0,0,0,0,0,0,0,2026/07/12_2026/07/17
オリックス・バファローズ,香月 一也,内野手,0,0,0,0,0,0,0,0,0,0,0,0,0,0,0,0,0,0,2026/07/12_2026/07/17
オリックス・バファローズ,三方 陽登,外野手,0,0,0,0,0,0,0,0,0,0,0,0,0,0,0,0,0,0,2026/07/12_2026/07/17
オリックス・バファローズ,寺本 聖一,外野手,0,0,0,0,0,0,0,0,0,0,0,0,0,0,0,0,0,0,2026/07/12_2026/07/17
オリックス・バファローズ,元 謙太,外野手,0,0,0,0,0,0,0,0,0,0,0,0,0,0,0,0,0,0,2026/07/12_2026/07/17
埼玉西武ライオンズ,小島 大河,捕手,0.2727272727,11,2,3,0,0,1,5,1,0,0,0,0,0,0.2727272727,0.5454545455,0.8181818182,0.2727272727,2026/07/12_2026/07/17
埼玉西武ライオンズ,古賀 悠斗,捕手,0.25,4,0,1,0,0,0,0,0,0,0,0,0,0,0.25,0.25,0.5,0,2026/07/12_2026/07/17
埼玉西武ライオンズ,炭谷 銀仁朗,捕手,0,0,0,0,0,0,0,0,0,0,0,0,0,0,0,0,0,0,2026/07/12_2026/07/17
埼玉西武ライオンズ,柘植 世那,捕手,0,0,0,0,0,0,0,0,0,0,0,0,0,0,0,0,0,0,2026/07/12_2026/07/17
埼玉西武ライオンズ,牧野 翔矢,捕手,0,0,0,0,0,0,0,0,0,0,0,0,0,0,0,0,0,0,2026/07/12_2026/07/17
埼玉西武ライオンズ,龍山 暖,捕手,0,0,0,0,0,0,0,0,0,0,0,0,0,0,0,0,0,0,2026/07/12_2026/07/17
埼玉西武ライオンズ,仲田 慶介,内野手,0,1,1,0,0,0,0,0,0,0,0,0,0,0,0,0,0,0,2026/07/12_2026/07/17
埼玉西武ライオンズ,児玉 亮涼,内野手,0,0,0,0,0,0,0,0,0,0,0,0,0,0,0,0,0,0,2026/07/12_2026/07/17
埼玉西武ライオンズ,齋藤 大翔,内野手,0,0,0,0,0,0,0,0,0,0,0,0,0,0,0,0,0,0,2026/07/12_2026/07/17
埼玉西武ライオンズ,石井 一成,内野手,0.3636363636,11,2,4,0,0,0,3,5,2,0,0,0,0,0.4615384615,0.3636363636,0.8251748252,0,2026/07/12_2026/07/17
埼玉西武ライオンズ,外崎 修汰,内野手,0,1,0,0,0,0,0,0,1,0,0,0,0,0,0,0,0,0,2026/07/12_2026/07/17
埼玉西武ライオンズ,源田 壮亮,内野手,0.5,2,1,1,0,0,0,0,0,0,0,0,0,0,0.5,0.5,1,0,2026/07/12_2026/07/17
埼玉西武ライオンズ,ネビン,内野手,0.1,10,1,1,0,0,1,3,0,4,0,0,0,0,0.3571428571,0.4,0.7571428571,0.3,2026/07/12_2026/07/17
埼玉西武ライオンズ,山村 崇嘉,内野手,0,0,0,0,0,0,0,0,0,0,0,0,0,0,0,0,0,0,2026/07/12_2026/07/17
埼玉西武ライオンズ,佐藤 太陽,内野手,0,0,0,0,0,0,0,0,0,0,0,0,0,0,0,0,0,0,2026/07/12_2026/07/17
埼玉西武ライオンズ,平沢 大河,内野手,0.25,4,0,1,1,0,0,1,0,0,0,0,0,0,0.25,0.5,0.75,0.25,2026/07/12_2026/07/17
埼玉西武ライオンズ,髙松 渡,内野手,0,0,0,0,0,0,0,0,0,0,0,0,0,0,0,0,0,0,2026/07/12_2026/07/17
埼玉西武ライオンズ,横田 蒼和,内野手,0,0,0,0,0,0,0,0,0,0,0,0,0,0,0,0,0,0,2026/07/12_2026/07/17
埼玉西武ライオンズ,中村 剛也,内野手,0,0,0,0,0,0,0,0,0,0,0,0,0,0,0,0,0,0,2026/07/12_2026/07/17
埼玉西武ライオンズ,滝澤 夏央,内野手,0.4285714286,14,3,6,0,0,0,1,2,3,0,1,1,0,0.5294117647,0.4285714286,0.9579831933,0,2026/07/12_2026/07/17
埼玉西武ライオンズ,村田 怜音,内野手,0,8,1,0,0,0,0,0,4,1,0,0,0,0,0.1111111111,0,0.1111111111,0,2026/07/12_2026/07/17
埼玉西武ライオンズ,栗山 巧,外野手,0,0,0,0,0,0,0,0,0,0,0,0,0,0,0,0,0,0,2026/07/12_2026/07/17
埼玉西武ライオンズ,桑原 将志,外野手,0,0,0,0,0,0,0,0,0,0,0,0,0,0,0,0,0,0,2026/07/12_2026/07/17
埼玉西武ライオンズ,渡部 聖弥,外野手,0.4,15,2,6,3,0,0,3,0,0,0,0,0,0,0.4,0.6,1,0.2,2026/07/12_2026/07/17
埼玉西武ライオンズ,蛭間 拓哉,外野手,0.1666666667,6,0,1,1,0,0,0,0,0,0,1,0,0,0.1666666667,0.3333333333,0.5,0.1666666667,2026/07/12_2026/07/17
埼玉西武ライオンズ,カナリオ,外野手,0.3076923077,13,2,4,0,0,0,2,2,1,0,0,0,0,0.3571428571,0.3076923077,0.6648351648,0,2026/07/12_2026/07/17
埼玉西武ライオンズ,茶野 篤政,外野手,0,0,0,0,0,0,0,0,0,0,0,0,0,0,0,0,0,0,2026/07/12_2026/07/17
埼玉西武ライオンズ,古川 雄大,外野手,0,0,0,0,0,0,0,0,0,0,0,0,0,0,0,0,0,0,2026/07/12_2026/07/17
埼玉西武ライオンズ,秋山 俊,外野手,0,0,0,0,0,0,0,0,0,0,0,0,0,0,0,0,0,0,2026/07/12_2026/07/17
埼玉西武ライオンズ,林 冠臣,外野手,0,0,0,0,0,0,0,0,0,0,0,0,0,0,0,0,0,0,2026/07/12_2026/07/17
埼玉西武ライオンズ,西川 愛也,外野手,0.4117647059,17,4,7,0,2,0,3,2,0,0,1,0,0,0.4117647059,0.6470588235,1.058823529,0.2352941176,2026/07/12_2026/07/17
埼玉西武ライオンズ,仲三 優太,外野手,0,0,0,0,0,0,0,0,0,0,0,0,0,0,0,0,0,0,2026/07/12_2026/07/17
埼玉西武ライオンズ,長谷川 信哉,外野手,0,0,0,0,0,0,0,0,0,0,0,0,0,0,0,0,0,0,2026/07/12_2026/07/17
埼玉西武ライオンズ,川田 悠慎,外野手,0,0,0,0,0,0,0,0,0,0,0,0,0,0,0,0,0,0,2026/07/12_2026/07/17
埼玉西武ライオンズ,岸 潤一郎,外野手,1,2,2,2,0,0,0,0,0,0,0,0,1,0,1,1,2,0,2026/07/12_2026/07/17
埼玉西武ライオンズ,林 安可,外野手,0.2222222222,9,3,2,0,0,2,3,2,0,1,0,0,0,0.3,0.8888888889,1.188888889,0.6666666667,2026/07/12_2026/07/17
埼玉西武ライオンズ,野田 海人,捕手,0,0,0,0,0,0,0,0,0,0,0,0,0,0,0,0,0,0,2026/07/12_2026/07/17
埼玉西武ライオンズ,野村 大樹,捕手,0,0,0,0,0,0,0,0,0,0,0,0,0,0,0,0,0,0,2026/07/12_2026/07/17
埼玉西武ライオンズ,是澤 涼輔,捕手,0,0,0,0,0,0,0,0,0,0,0,0,0,0,0,0,0,0,2026/07/12_2026/07/17
埼玉西武ライオンズ,新井 唯斗,内野手,0,0,0,0,0,0,0,0,0,0,0,0,0,0,0,0,0,0,2026/07/12_2026/07/17
埼玉西武ライオンズ,今岡 拓夢,内野手,0,0,0,0,0,0,0,0,0,0,0,0,0,0,0,0,0,0,2026/07/12_2026/07/17
埼玉西武ライオンズ,古賀 輝希,内野手,0,0,0,0,0,0,0,0,0,0,0,0,0,0,0,0,0,0,2026/07/12_2026/07/17
埼玉西武ライオンズ,谷口 朝陽,内野手,0,0,0,0,0,0,0,0,0,0,0,0,0,0,0,0,0,0,2026/07/12_2026/07/17
埼玉西武ライオンズ,金子 功児,内野手,0,0,0,0,0,0,0,0,0,0,0,0,0,0,0,0,0,0,2026/07/12_2026/07/17
埼玉西武ライオンズ,福尾 遥真,内野手,0,0,0,0,0,0,0,0,0,0,0,0,0,0,0,0,0,0,2026/07/12_2026/07/17
埼玉西武ライオンズ,コルニエル,内野手,0,0,0,0,0,0,0,0,0,0,0,0,0,0,0,0,0,0,2026/07/12_2026/07/17
埼玉西武ライオンズ,奥村 光一,外野手,0,0,0,0,0,0,0,0,0,0,0,0,0,0,0,0,0,0,2026/07/12_2026/07/17
埼玉西武ライオンズ,ラマル,外野手,0,0,0,0,0,0,0,0,0,0,0,0,0,0,0,0,0,0,2026/07/12_2026/07/17
埼玉西武ライオンズ,安藤 銀杜,外野手,0,0,0,0,0,0,0,0,0,0,0,0,0,0,0,0,0,0,2026/07/12_2026/07/17
埼玉西武ライオンズ,澤田 遥斗,外野手,0,0,0,0,0,0,0,0,0,0,0,0,0,0,0,0,0,0,2026/07/12_2026/07/17
埼玉西武ライオンズ,オケム,外野手,0,0,0,0,0,0,0,0,0,0,0,0,0,0,0,0,0,0,2026/07/12_2026/07/17
埼玉西武ライオンズ,カルロス,外野手,0,0,0,0,0,0,0,0,0,0,0,0,0,0,0,0,0,0,2026/07/12_2026/07/17
東北楽天ゴールデンイーグルス,太田 光,捕手,0,4,0,0,0,0,0,1,3,0,0,0,0,1,0,0,0,0,2026/07/12_2026/07/17
東北楽天ゴールデンイーグルス,伊藤 光,捕手,0,0,0,0,0,0,0,0,0,0,0,0,0,0,0,0,0,0,2026/07/12_2026/07/17
東北楽天ゴールデンイーグルス,田中 貴也,捕手,0,0,0,0,0,0,0,0,0,0,0,0,0,0,0,0,0,0,2026/07/12_2026/07/17
東北楽天ゴールデンイーグルス,YG安田,捕手,0,1,0,0,0,0,0,0,0,0,0,0,0,0,0,0,0,0,2026/07/12_2026/07/17
東北楽天ゴールデンイーグルス,堀内 謙伍,捕手,0,4,2,0,0,0,0,0,1,3,1,0,0,0,0.5,0,0.5,0,2026/07/12_2026/07/17
東北楽天ゴールデンイーグルス,石原 彪,捕手,0,0,0,0,0,0,0,0,0,0,0,0,0,0,0,0,0,0,2026/07/12_2026/07/17
東北楽天ゴールデンイーグルス,大栄 利哉,捕手,0,0,0,0,0,0,0,0,0,0,0,0,0,0,0,0,0,0,2026/07/12_2026/07/17
東北楽天ゴールデンイーグルス,小深田 大翔,内野手,0,0,0,0,0,0,0,0,0,0,0,0,0,0,0,0,0,0,2026/07/12_2026/07/17
東北楽天ゴールデンイーグルス,宗山 塁,内野手,0.25,8,2,2,0,0,1,2,0,4,0,0,0,0,0.5,0.625,1.125,0.375,2026/07/12_2026/07/17
東北楽天ゴールデンイーグルス,浅村 栄斗,内野手,0.1818181818,11,1,2,0,0,1,4,4,3,0,0,0,0,0.3571428571,0.4545454545,0.8116883117,0.2727272727,2026/07/12_2026/07/17
東北楽天ゴールデンイーグルス,村林 一輝,内野手,0.4,15,4,6,1,0,0,1,1,1,0,0,0,1,0.4375,0.4666666667,0.9041666667,0.06666666667,2026/07/12_2026/07/17
東北楽天ゴールデンイーグルス,鈴木 大地,内野手,0,0,0,0,0,0,0,0,0,0,0,0,0,0,0,0,0,0,2026/07/12_2026/07/17
東北楽天ゴールデンイーグルス,ボイト,内野手,0,0,0,0,0,0,0,0,0,0,0,0,0,0,0,0,0,0,2026/07/12_2026/07/17
東北楽天ゴールデンイーグルス,黒川 史陽,内野手,0.1333333333,15,1,2,1,0,0,0,1,2,0,0,0,0,0.2352941176,0.2,0.4352941176,0.06666666667,2026/07/12_2026/07/17
東北楽天ゴールデンイーグルス,繁永 晟,内野手,0,0,0,0,0,0,0,0,0,0,0,0,0,0,0,0,0,0,2026/07/12_2026/07/17
東北楽天ゴールデンイーグルス,渡邊 佳明,内野手,0.4285714286,7,2,3,0,0,0,1,2,1,0,0,0,0,0.5,0.4285714286,0.9285714286,0,2026/07/12_2026/07/17
東北楽天ゴールデンイーグルス,伊藤 裕季也,内野手,0,0,0,0,0,0,0,0,0,0,0,0,0,0,0,0,0,0,2026/07/12_2026/07/17
東北楽天ゴールデンイーグルス,平良 竜哉,内野手,0,6,0,0,0,0,0,0,2,0,0,1,0,0,0,0,0,0,2026/07/12_2026/07/17
東北楽天ゴールデンイーグルス,ワォーターズ,内野手,0.5,2,0,1,0,0,0,0,1,0,0,0,0,0,0.5,0.5,1,0,2026/07/12_2026/07/17
東北楽天ゴールデンイーグルス,入江 大樹,内野手,0,0,0,0,0,0,0,0,0,0,0,0,0,0,0,0,0,0,2026/07/12_2026/07/17
東北楽天ゴールデンイーグルス,青野 拓海,内野手,0,0,0,0,0,0,0,0,0,0,0,0,0,0,0,0,0,0,2026/07/12_2026/07/17
東北楽天ゴールデンイーグルス,小森 航大郎,内野手,0,0,0,0,0,0,0,0,0,0,0,0,0,0,0,0,0,0,2026/07/12_2026/07/17
東北楽天ゴールデンイーグルス,陽 柏翔,内野手,0,0,0,0,0,0,0,0,0,0,0,0,0,0,0,0,0,0,2026/07/12_2026/07/17
東北楽天ゴールデンイーグルス,金子 京介,内野手,0,0,0,0,0,0,0,0,0,0,0,0,0,0,0,0,0,0,2026/07/12_2026/07/17
東北楽天ゴールデンイーグルス,辰己 涼介,外野手,0.5625,16,5,9,0,1,3,5,3,1,0,0,0,0,0.5882352941,1.25,1.838235294,0.6875,2026/07/12_2026/07/17
東北楽天ゴールデンイーグルス,田中 和基,外野手,0,0,0,0,0,0,0,0,0,0,0,0,0,0,0,0,0,0,2026/07/12_2026/07/17
東北楽天ゴールデンイーグルス,中島 大輔,外野手,0.25,16,1,4,0,0,0,1,1,0,0,1,0,0,0.25,0.25,0.5,0,2026/07/12_2026/07/17
東北楽天ゴールデンイーグルス,マッカスカー,外野手,0.07142857143,14,0,1,0,0,0,1,6,2,0,0,0,0,0.1875,0.07142857143,0.2589285714,0,2026/07/12_2026/07/17
東北楽天ゴールデンイーグルス,吉納 翼,外野手,0,0,0,0,0,0,0,0,0,0,0,0,0,0,0,0,0,0,2026/07/12_2026/07/17
東北楽天ゴールデンイーグルス,佐藤 直樹,外野手,0,0,0,0,0,0,0,0,0,0,0,0,0,0,0,0,0,0,2026/07/12_2026/07/17
東北楽天ゴールデンイーグルス,阪上 翔也,外野手,0,0,0,0,0,0,0,0,0,0,0,0,0,0,0,0,0,0,2026/07/12_2026/07/17
東北楽天ゴールデンイーグルス,武藤 敦貴,外野手,0,0,0,0,0,0,0,1,0,0,0,0,0,0,0,0,0,0,2026/07/12_2026/07/17
東北楽天ゴールデンイーグルス,小郷 裕哉,外野手,0,0,0,0,0,0,0,0,0,0,0,0,0,0,0,0,0,0,2026/07/12_2026/07/17
東北楽天ゴールデンイーグルス,吉野 創士,外野手,0,0,0,0,0,0,0,0,0,0,0,0,0,0,0,0,0,0,2026/07/12_2026/07/17
東北楽天ゴールデンイーグルス,水上 桂,捕手,0,0,0,0,0,0,0,0,0,0,0,0,0,0,0,0,0,0,2026/07/12_2026/07/17
東北楽天ゴールデンイーグルス,島原 大河,捕手,0,0,0,0,0,0,0,0,0,0,0,0,0,0,0,0,0,0,2026/07/12_2026/07/17
東北楽天ゴールデンイーグルス,岸本 佑也,内野手,0,0,0,0,0,0,0,0,0,0,0,0,0,0,0,0,0,0,2026/07/12_2026/07/17
東北楽天ゴールデンイーグルス,前田 銀治,外野手,0,0,0,0,0,0,0,0,0,0,0,0,0,0,0,0,0,0,2026/07/12_2026/07/17
東北楽天ゴールデンイーグルス,幌村 黛汰,外野手,0,0,0,0,0,0,0,0,0,0,0,0,0,0,0,0,0,0,2026/07/12_2026/07/17
東北楽天ゴールデンイーグルス,大坪 梓恩,外野手,0,0,0,0,0,0,0,0,0,0,0,0,0,0,0,0,0,0,2026/07/12_2026/07/17
千葉ロッテマリーンズ,松川 虎生,捕手,0.5,4,1,2,0,0,0,0,0,0,0,0,0,0,0.5,0.5,1,0,2026/07/12_2026/07/17
千葉ロッテマリーンズ,田村 龍弘,捕手,0,0,0,0,0,0,0,0,0,0,0,0,0,0,0,0,0,0,2026/07/12_2026/07/17
千葉ロッテマリーンズ,佐藤 都志也,捕手,0.1666666667,12,1,2,0,0,0,0,1,0,0,0,0,0,0.1666666667,0.1666666667,0.3333333333,0,2026/07/12_2026/07/17
千葉ロッテマリーンズ,植田 将太,捕手,0,0,0,0,0,0,0,0,0,0,0,0,0,0,0,0,0,0,2026/07/12_2026/07/17
千葉ロッテマリーンズ,寺地 隆成,捕手,0.5,4,0,2,0,0,0,0,1,1,0,0,0,0,0.6,0.5,1.1,0,2026/07/12_2026/07/17
千葉ロッテマリーンズ,岡村 了樹,捕手,0,0,0,0,0,0,0,0,0,0,0,0,0,0,0,0,0,0,2026/07/12_2026/07/17
千葉ロッテマリーンズ,池田 来翔,内野手,0,0,0,0,0,0,0,0,0,0,0,0,0,0,0,0,0,0,2026/07/12_2026/07/17
千葉ロッテマリーンズ,友杉 篤輝,内野手,0,5,0,0,0,0,0,0,0,0,0,0,0,0,0,0,0,0,2026/07/12_2026/07/17
千葉ロッテマリーンズ,安田 尚憲,内野手,0.3333333333,6,1,2,1,0,1,3,2,1,0,0,0,1,0.4285714286,1,1.428571429,0.6666666667,2026/07/12_2026/07/17
千葉ロッテマリーンズ,藤岡 裕大,内野手,0,0,0,0,0,0,0,0,0,0,0,0,0,0,0,0,0,0,2026/07/12_2026/07/17
千葉ロッテマリーンズ,中村 奨吾,内野手,0,0,0,0,0,0,0,0,0,0,0,0,0,0,0,0,0,0,2026/07/12_2026/07/17
千葉ロッテマリーンズ,上田 希由翔,内野手,0.25,12,0,3,0,0,0,2,5,1,0,0,0,0,0.3076923077,0.25,0.5576923077,0,2026/07/12_2026/07/17
千葉ロッテマリーンズ,石垣 勝海,内野手,0,0,0,0,0,0,0,0,0,0,0,0,0,0,0,0,0,0,2026/07/12_2026/07/17
千葉ロッテマリーンズ,宮崎 竜成,内野手,0,0,0,0,0,0,0,0,0,0,0,0,0,0,0,0,0,0,2026/07/12_2026/07/17
千葉ロッテマリーンズ,立松 由宇,内野手,0,0,0,0,0,0,0,0,0,0,0,0,0,0,0,0,0,0,2026/07/12_2026/07/17
千葉ロッテマリーンズ,櫻井 ユウヤ,内野手,0,0,0,0,0,0,0,0,0,0,0,0,0,0,0,0,0,0,2026/07/12_2026/07/17
千葉ロッテマリーンズ,小川 龍成,内野手,0.1428571429,14,0,2,0,0,0,0,5,1,0,1,1,0,0.2,0.1428571429,0.3428571429,0,2026/07/12_2026/07/17
千葉ロッテマリーンズ,茶谷 健太,内野手,0,0,0,0,0,0,0,0,0,0,0,0,0,0,0,0,0,0,2026/07/12_2026/07/17
千葉ロッテマリーンズ,ソト,内野手,0,10,0,0,0,0,0,0,2,0,1,0,0,0,0.09090909091,0,0.09090909091,0,2026/07/12_2026/07/17
千葉ロッテマリーンズ,髙部 瑛斗,外野手,0,0,0,0,0,0,0,0,0,0,0,0,0,0,0,0,0,0,2026/07/12_2026/07/17
千葉ロッテマリーンズ,藤原 恭大,外野手,0.1764705882,17,1,3,0,0,0,0,4,2,0,0,1,0,0.2631578947,0.1764705882,0.439628483,0,2026/07/12_2026/07/17
千葉ロッテマリーンズ,角中 勝也,外野手,0,1,1,0,0,0,0,0,0,1,0,0,0,0,0.5,0,0.5,0,2026/07/12_2026/07/17
千葉ロッテマリーンズ,西川 史礁,外野手,0.3888888889,18,1,7,3,0,0,2,2,0,0,0,0,0,0.3888888889,0.5555555556,0.9444444444,0.1666666667,2026/07/12_2026/07/17
千葉ロッテマリーンズ,ポランコ,外野手,0,0,0,0,0,0,0,0,0,0,0,0,0,0,0,0,0,0,2026/07/12_2026/07/17
千葉ロッテマリーンズ,石川 慎吾,外野手,0,0,0,0,0,0,0,0,0,0,0,0,0,0,0,0,0,0,2026/07/12_2026/07/17
千葉ロッテマリーンズ,岡 大海,外野手,0,0,0,0,0,0,0,0,0,0,0,0,0,0,0,0,0,0,2026/07/12_2026/07/17
千葉ロッテマリーンズ,井上 広大,外野手,0,0,0,0,0,0,0,0,0,0,0,0,0,0,0,0,0,0,2026/07/12_2026/07/17
千葉ロッテマリーンズ,愛斗,外野手,0.2222222222,9,0,2,1,0,0,0,3,1,0,0,0,0,0.3,0.3333333333,0.6333333333,0.1111111111,2026/07/12_2026/07/17
千葉ロッテマリーンズ,山口 航輝,外野手,0.4,15,2,6,1,0,1,2,2,1,0,0,0,0,0.4375,0.6666666667,1.104166667,0.2666666667,2026/07/12_2026/07/17
千葉ロッテマリーンズ,山本 大斗,外野手,0,0,0,0,0,0,0,0,0,0,0,0,0,0,0,0,0,0,2026/07/12_2026/07/17
千葉ロッテマリーンズ,和田 康士朗,外野手,0,0,0,0,0,0,0,0,0,0,0,0,0,0,0,0,0,0,2026/07/12_2026/07/17
千葉ロッテマリーンズ,富山 紘之進,捕手,0,0,0,0,0,0,0,0,0,0,0,0,0,0,0,0,0,0,2026/07/12_2026/07/17
千葉ロッテマリーンズ,金田 優太,内野手,0,0,0,0,0,0,0,0,0,0,0,0,0,0,0,0,0,0,2026/07/12_2026/07/17
千葉ロッテマリーンズ,勝又 琉偉,内野手,0,0,0,0,0,0,0,0,0,0,0,0,0,0,0,0,0,0,2026/07/12_2026/07/17
千葉ロッテマリーンズ,谷村 剛,内野手,0,0,0,0,0,0,0,0,0,0,0,0,0,0,0,0,0,0,2026/07/12_2026/07/17
千葉ロッテマリーンズ,松石 信八,内野手,0,0,0,0,0,0,0,0,0,0,0,0,0,0,0,0,0,0,2026/07/12_2026/07/17
千葉ロッテマリーンズ,山﨑 剛,内野手,0.3333333333,9,2,3,0,0,0,0,1,1,0,0,0,0,0.4,0.3333333333,0.7333333333,0,2026/07/12_2026/07/17
千葉ロッテマリーンズ,杉山 諒,外野手,0,0,0,0,0,0,0,0,0,0,0,0,0,0,0,0,0,0,2026/07/12_2026/07/17
千葉ロッテマリーンズ,髙野 光海,外野手,0,0,0,0,0,0,0,0,0,0,0,0,0,0,0,0,0,0,2026/07/12_2026/07/17
千葉ロッテマリーンズ,藤田 和樹,外野手,0,0,0,0,0,0,0,0,0,0,0,0,0,0,0,0,0,0,2026/07/12_2026/07/17
千葉ロッテマリーンズ,アセベド,外野手,0,0,0,0,0,0,0,0,0,0,0,0,0,0,0,0,0,0,2026/07/12_2026/07/17