リーグ,球団,先発投手ID,先発投手名,先発数,組んだ捕手数,最多先発捕手ID,最多先発捕手名,最多捕手との先発数,最多捕手割合,チーム勝,チーム敗,チーム分,チーム勝率,投手勝,投手敗,勝敗なし,投球アウト数,投球回表示,失点,自責点,防御率,QS,QS率,HQS,HQS率,平均投球回,援護点合計,平均援護点,チーム消化試合,規定投球回,規定到達,最新登板日,更新日
セ,DeNA,51155136,東 克樹,25,4,21825157,松尾 汐恩,11,0.440,14,10,1,0.583,12,6,7,484,161.1,50,43,2.40,22,0.880,9,0.360,6.45,102,4.08,143,143,到達,2026-09-28,2026-09-28
セ,DeNA,21125159,石田 裕太郎,20,4,41245132,戸柱 恭孝,7,0.350,9,11,0,0.450,5,8,7,362,120.2,41,39,2.91,13,0.650,2,0.100,6.03,61,3.05,143,143,未到達,2026-09-25,2026-09-25
セ,DeNA,01905139,平良 拳太郎,20,4,21825157,松尾 汐恩,12,0.600,8,11,1,0.421,5,8,7,316,105.1,41,39,3.33,6,0.300,1,0.050,5.27,55,2.75,143,143,未到達,2026-10-04,2026-10-04
セ,DeNA,61365136,尾形 崇斗,16,3,21825157,松尾 汐恩,12,0.750,10,6,0,0.625,5,3,8,257,85.2,33,31,3.26,6,0.375,3,0.188,5.35,73,4.56,143,143,未到達,2026-09-26,2026-09-26
セ,DeNA,41045150,篠木 健太郎,13,4,21825157,松尾 汐恩,8,0.615,8,5,0,0.615,5,2,6,215,71.2,37,37,4.65,4,0.308,2,0.154,5.51,73,5.62,143,143,未到達,2026-08-30,2026-08-30
セ,DeNA,61665155,深沢 鳳介,10,4,91895155,古市 尊,3,0.300,8,2,0,0.800,5,1,4,164,54.2,23,18,2.96,3,0.300,2,0.200,5.47,61,6.10,143,143,未到達,2026-09-23,2026-09-23
セ,DeNA,61565152,片山 皓心,8,3,41245132,戸柱 恭孝,4,0.500,4,4,0,0.500,3,2,3,133,44.1,14,13,2.64,4,0.500,2,0.250,5.54,27,3.38,143,143,未到達,2026-09-27,2026-09-27
セ,DeNA,11415150,竹田 祐,8,3,21825157,松尾 汐恩,5,0.625,4,4,0,0.500,3,4,1,111,37,25,19,4.62,1,0.125,0,0.000,4.63,35,4.38,143,143,未到達,2026-09-20,2026-09-21
セ,DeNA,61365153,入江 大生,7,2,21825157,松尾 汐恩,5,0.714,0,6,1,0.000,0,3,4,90,30,25,23,6.90,1,0.143,0,0.000,4.29,15,2.14,143,143,未到達,2026-06-23,2026-07-10
セ,DeNA,11015152,島田 舜也,5,3,21825157,松尾 汐恩,3,0.600,4,1,0,0.800,1,1,3,74,24.2,12,12,4.38,1,0.200,0,0.000,4.93,22,4.40,143,143,未到達,2026-10-03,2026-10-03
セ,DeNA,41045137,藤浪 晋太郎,3,1,21825157,松尾 汐恩,3,1.000,0,3,0,0.000,0,1,2,30,10,7,7,6.30,0,0.000,0,0.000,3.33,11,3.67,143,143,未到達,2026-08-20,2026-08-20
セ,DeNA,83385152,コックス,2,1,23125136,山本 祐大,2,1.000,1,1,0,0.500,1,0,1,27,9,3,3,3.00,1,0.500,0,0.000,4.50,8,4.00,143,143,未到達,2026-04-08,2026-07-10
セ,DeNA,13715150,デュプランティエ,2,1,23125136,山本 祐大,2,1.000,0,2,0,0.000,0,2,0,27,9,4,3,3.00,0,0.000,0,0.000,4.50,1,0.50,143,143,未到達,2026-04-16,2026-07-10
セ,DeNA,13015152,ビド,2,1,21825157,松尾 汐恩,2,1.000,1,1,0,0.500,1,1,0,21,7,8,8,10.29,0,0.000,0,0.000,3.50,10,5.00,143,143,未到達,2026-08-06,2026-08-06
セ,DeNA,81985159,庄司 陽斗,1,1,21825157,松尾 汐恩,1,1.000,0,1,0,0.000,0,1,0,15,5,4,4,7.20,0,0.000,0,0.000,5.00,3,3.00,143,143,未到達,2026-06-06,2026-07-10
セ,DeNA,91295159,武田 陸玖,1,1,91895155,古市 尊,1,1.000,0,1,0,0.000,0,1,0,6,2,2,1,4.50,0,0.000,0,0.000,2.00,0,0.00,143,143,未到達,2026-05-30,2026-07-10
セ,ヤクルト,63365153,山野 太一,25,3,01005159,鈴木 叶,15,0.600,16,9,0,0.640,12,4,9,487,162.1,50,42,2.33,18,0.720,11,0.440,6.49,99,3.96,142,142,到達,2026-10-02,2026-10-02
セ,ヤクルト,31735151,奥川 恭伸,23,3,01705134,古賀 優大,10,0.435,10,13,0,0.435,7,11,5,468,156,53,50,2.88,17,0.739,9,0.391,6.78,54,2.35,142,142,到達,2026-09-30,2026-09-30
セ,ヤクルト,53555157,吉村 貢司郎,21,2,01705134,古賀 優大,20,0.952,5,16,0,0.238,4,12,5,340,113.1,68,61,4.84,9,0.429,3,0.143,5.40,65,3.10,142,142,未到達,2026-10-04,2026-10-04
セ,ヤクルト,51055132,高橋 奎二,17,4,51855136,松本 直樹,6,0.353,6,10,1,0.375,5,7,5,275,91.2,46,46,4.52,7,0.412,2,0.118,5.39,48,2.82,142,142,未到達,2026-09-27,2026-09-27
セ,ヤクルト,03105159,松本 健吾,17,4,01705134,古賀 優大,11,0.647,6,11,0,0.353,5,5,7,272,90.2,47,44,4.37,7,0.412,4,0.235,5.33,60,3.53,142,142,未到達,2026-09-22,2026-09-22
セ,ヤクルト,21925139,高梨 裕稔,15,2,01705134,古賀 優大,14,0.933,10,4,1,0.714,6,3,6,260,86.2,32,25,2.60,6,0.400,3,0.200,5.78,60,4.00,142,142,未到達,2026-10-03,2026-10-03
セ,ヤクルト,11515137,小川 泰弘,8,2,01005159,鈴木 叶,4,0.500,3,5,0,0.375,1,5,2,123,41,33,25,5.49,1,0.125,0,0.000,5.13,27,3.38,142,142,未到達,2026-08-30,2026-08-30
セ,ヤクルト,01805152,増居 翔太,7,3,01705134,古賀 優大,5,0.714,2,5,0,0.286,1,2,4,108,36,14,13,3.25,3,0.429,0,0.000,5.14,16,2.29,142,142,未到達,2026-09-14,2026-09-14
セ,ヤクルト,63965150,ウォルターズ,5,2,01705134,古賀 優大,4,0.800,1,4,0,0.200,1,3,1,73,24.1,17,17,6.29,1,0.200,1,0.200,4.87,10,2.00,142,142,未到達,2026-08-02,2026-08-02
セ,ヤクルト,11615159,西舘 昂汰,1,1,51855136,松本 直樹,1,1.000,1,0,0,1.000,0,0,1,15,5,0,0,0.00,0,0.000,0,0.000,5.00,2,2.00,142,142,未到達,2026-07-25,2026-07-26
セ,ヤクルト,77575159,下川 隼佑,1,1,01705134,古賀 優大,1,1.000,0,1,0,0.000,0,1,0,13,4.1,3,3,6.23,0,0.000,0,0.000,4.33,2,2.00,142,142,未到達,2026-06-11,2026-07-10
セ,ヤクルト,41145159,石原 勇輝,1,1,01005159,鈴木 叶,1,1.000,0,1,0,0.000,0,1,0,9,3,1,1,3.00,0,0.000,0,0.000,3.00,0,0.00,142,142,未到達,2026-05-10,2026-07-10
セ,ヤクルト,11315115,石川 雅規,1,1,01705134,古賀 優大,1,1.000,0,1,0,0.000,0,1,0,1,0.1,6,6,162.00,0,0.000,0,0.000,0.33,2,2.00,142,142,未到達,2026-08-27,2026-08-28
セ,巨人,51355151,井上 温大,23,4,91595136,岸田 行倫,14,0.609,13,10,0,0.565,10,8,5,441,147,39,33,2.02,17,0.739,10,0.435,6.39,60,2.61,143,143,到達,2026-10-03,2026-10-03
セ,巨人,71275152,竹丸 和幸,22,3,21325136,大城 卓三,11,0.500,11,10,1,0.524,11,9,2,380,126.2,53,46,3.27,11,0.500,2,0.091,5.76,59,2.68,143,143,未到達,2026-10-01,2026-10-02
セ,巨人,53355152,ウィットリー,14,2,21325136,大城 卓三,12,0.857,7,6,1,0.538,3,4,7,245,81.2,26,21,2.31,8,0.571,2,0.143,5.83,41,2.93,143,143,未到達,2026-07-24,2026-07-24
セ,巨人,41045138,戸郷 翔征,14,1,21325136,大城 卓三,14,1.000,9,5,0,0.643,5,3,6,240,80,30,22,2.48,7,0.500,6,0.429,5.71,49,3.50,143,143,未到達,2026-09-29,2026-09-30
セ,巨人,11215114,田中 将大,13,3,21325136,大城 卓三,6,0.462,7,6,0,0.538,4,4,5,205,68.1,32,26,3.42,5,0.385,3,0.231,5.26,54,4.15,143,143,未到達,2026-09-19,2026-09-19
セ,巨人,71575132,小笠原 慎之介,11,3,21325136,大城 卓三,9,0.818,6,5,0,0.545,5,4,2,199,66.1,18,17,2.31,7,0.636,4,0.364,6.03,46,4.18,143,143,未到達,2026-09-27,2026-09-27
セ,巨人,51055137,則本 昂大,10,4,21325136,大城 卓三,7,0.700,6,4,0,0.600,2,4,4,161,53.2,32,32,5.37,4,0.400,2,0.200,5.37,36,3.60,143,143,未到達,2026-08-25,2026-08-25
セ,巨人,31635159,西舘 勇陽,10,2,21325136,大城 卓三,5,0.500,3,6,1,0.333,2,4,4,153,51,16,16,2.82,4,0.400,2,0.200,5.10,26,2.60,143,143,未到達,2026-09-24,2026-09-24
セ,巨人,23725150,ハワード,7,2,21325136,大城 卓三,5,0.714,4,3,0,0.571,3,3,1,112,37.1,9,8,1.93,4,0.571,2,0.286,5.33,18,2.57,143,143,未到達,2026-08-28,2026-08-28
セ,巨人,53755152,マタ,7,3,21325136,大城 卓三,4,0.571,5,2,0,0.714,2,1,4,102,34,10,10,2.65,2,0.286,0,0.000,4.86,35,5.00,143,143,未到達,2026-09-09,2026-09-09
セ,巨人,03305153,山﨑 伊織,6,2,21325136,大城 卓三,3,0.500,1,5,0,0.167,1,1,4,100,33.1,17,17,4.59,2,0.333,0,0.000,5.56,23,3.83,143,143,未到達,2026-10-02,2026-10-02
セ,巨人,33135159,又木 鉄平,2,2,21325136,大城 卓三,1,0.500,1,1,0,0.500,0,1,1,26,8.2,6,6,6.23,0,0.000,0,0.000,4.33,16,8.00,143,143,未到達,2026-08-06,2026-08-06
セ,巨人,51155155,赤星 優志,1,1,21325136,大城 卓三,1,1.000,1,0,0,1.000,1,0,0,15,5,0,0,0.00,0,0.000,0,0.000,5.00,3,3.00,143,143,未到達,2026-05-05,2026-07-10
セ,巨人,11015155,代木 大和,1,1,91595133,甲斐 拓也,1,1.000,1,0,0,1.000,1,0,0,15,5,0,0,0.00,0,0.000,0,0.000,5.00,5,5.00,143,143,未到達,2026-08-22,2026-08-23
セ,巨人,43345159,森田 駿哉,1,1,21325136,大城 卓三,1,1.000,1,0,0,1.000,0,0,1,13,4.1,4,4,8.31,0,0.000,0,0.000,4.33,9,9.00,143,143,未到達,2026-05-10,2026-07-10
セ,巨人,43145152,山城 京平,1,1,91595136,岸田 行倫,1,1.000,0,1,0,0.000,0,0,1,6,2,5,5,22.50,0,0.000,0,0.000,2.00,6,6.00,143,143,未到達,2026-03-29,2026-07-10
セ,広島,11415134,床田 寛樹,23,3,81885151,持丸 泰輝,14,0.609,12,10,1,0.545,8,6,9,430,143.1,55,44,2.76,15,0.652,7,0.304,6.23,93,4.04,143,143,到達,2026-10-01,2026-10-01
セ,広島,53155151,森下 暢仁,23,4,21125151,石原 貴規,10,0.435,9,13,1,0.409,7,11,5,413,137.2,60,55,3.60,13,0.565,7,0.304,5.99,64,2.78,143,143,未到達,2026-10-03,2026-10-03
セ,広島,91995153,栗林 良吏,19,3,81885151,持丸 泰輝,12,0.632,12,7,0,0.632,7,6,6,364,121.1,42,39,2.89,13,0.684,10,0.526,6.39,56,2.95,143,143,未到達,2026-10-04,2026-10-04
セ,広島,91595150,岡本 駿,16,3,81885151,持丸 泰輝,10,0.625,7,9,0,0.438,6,6,4,268,89.1,43,41,4.13,6,0.375,3,0.188,5.58,49,3.06,143,143,未到達,2026-08-06,2026-08-06
セ,広島,93395155,森 翔平,16,3,81885151,持丸 泰輝,9,0.563,4,12,0,0.250,2,6,8,267,89,37,36,3.64,8,0.500,2,0.125,5.56,41,2.56,143,143,未到達,2026-09-20,2026-09-21
セ,広島,41245151,玉村 昇悟,16,2,21125151,石原 貴規,8,0.500,6,9,1,0.400,2,6,8,256,85.1,28,25,2.64,7,0.438,4,0.250,5.33,38,2.38,143,143,未到達,2026-10-07,2026-10-07
セ,広島,43545152,ターノック,8,3,11915134,坂倉 将吾,4,0.500,1,6,1,0.143,0,4,4,125,41.2,20,19,4.10,2,0.250,1,0.125,5.21,17,2.13,143,143,未到達,2026-06-19,2026-07-10
セ,広島,61765157,斉藤 優汰,7,2,81885151,持丸 泰輝,4,0.571,3,4,0,0.429,2,3,2,101,33.2,18,17,4.54,0,0.000,0,0.000,4.81,21,3.00,143,143,未到達,2026-09-21,2026-09-21
セ,広島,61065151,鈴木 健矢,6,2,81885151,持丸 泰輝,4,0.667,3,3,0,0.500,2,2,2,90,30,12,12,3.60,1,0.167,0,0.000,5.00,23,3.83,143,143,未到達,2026-09-15,2026-09-15
セ,広島,31135134,アドゥワ 誠,3,1,21125151,石原 貴規,3,1.000,1,2,0,0.333,0,1,2,39,13,6,6,4.15,0,0.000,0,0.000,4.33,9,3.00,143,143,未到達,2026-08-02,2026-08-02
セ,広島,61365139,大瀬良 大地,2,1,81885151,持丸 泰輝,2,1.000,0,2,0,0.000,0,2,0,22,7.1,8,8,9.82,0,0.000,0,0.000,3.67,8,4.00,143,143,未到達,2026-05-04,2026-07-10
セ,広島,91795152,工藤 泰己,2,1,21125151,石原 貴規,2,1.000,1,1,0,0.500,0,1,1,21,7,4,4,5.14,0,0.000,0,0.000,3.50,5,2.50,143,143,未到達,2026-10-06,2026-10-06
セ,広島,31135152,赤木 晴哉,2,2,21125151,石原 貴規,1,0.500,2,0,0,1.000,0,0,2,15,5,0,0,0.00,0,0.000,0,0.000,2.50,7,3.50,143,143,未到達,2026-09-25,2026-09-25
セ,阪神,13315153,村上 頌樹,27,2,11915132,坂本 誠志郎,26,0.963,15,10,2,0.600,10,9,8,541,180.1,42,37,1.85,23,0.852,12,0.444,6.68,79,2.93,142,142,到達,2026-10-01,2026-10-02
セ,阪神,41745134,才木 浩人,25,2,21325139,梅野 隆太郎,14,0.560,12,13,0,0.480,10,5,10,462,154,48,43,2.51,18,0.720,11,0.440,6.16,94,3.76,142,142,到達,2026-10-03,2026-10-03
セ,阪神,91095136,髙橋 遥人,23,3,61065137,伏見 寅威,19,0.826,18,5,0,0.783,16,3,4,477,159,37,33,1.87,19,0.826,9,0.391,6.91,105,4.57,142,142,到達,2026-09-30,2026-09-30
セ,阪神,41345136,大竹 耕太郎,18,2,11915132,坂本 誠志郎,13,0.722,9,9,0,0.500,7,9,2,305,101.2,37,31,2.74,11,0.611,4,0.222,5.65,58,3.22,142,142,未到達,2026-10-06,2026-10-06
セ,阪神,71375153,伊藤 将司,12,3,11915132,坂本 誠志郎,9,0.750,7,5,0,0.583,2,3,7,174,58,23,20,3.10,2,0.167,1,0.083,4.83,44,3.67,142,142,未到達,2026-10-04,2026-10-04
セ,阪神,71275118,西 勇輝,9,3,61065137,伏見 寅威,6,0.667,4,5,0,0.444,3,4,2,119,39.2,15,14,3.18,2,0.222,0,0.000,4.41,35,3.89,142,142,未到達,2026-10-07,2026-10-07
セ,阪神,71375150,伊原 陵人,8,3,61065137,伏見 寅威,4,0.500,6,2,0,0.750,4,2,2,108,36,18,13,3.25,1,0.125,0,0.000,4.50,43,5.38,142,142,未到達,2026-08-16,2026-08-16
セ,阪神,61965159,下村 海翔,7,1,11915132,坂本 誠志郎,7,1.000,4,3,0,0.571,1,2,4,104,34.2,17,14,3.63,2,0.286,0,0.000,4.95,17,2.43,142,142,未到達,2026-08-27,2026-08-28
セ,阪神,73975152,ルーカス,6,2,11915132,坂本 誠志郎,5,0.833,2,4,0,0.333,1,2,3,77,25.2,12,12,4.21,0,0.000,0,0.000,4.28,14,2.33,142,142,未到達,2026-09-21,2026-09-21
セ,阪神,81185157,茨木 秀俊,3,2,11915132,坂本 誠志郎,2,0.667,2,1,0,0.667,1,0,2,38,12.2,9,9,6.39,1,0.333,0,0.000,4.22,16,5.33,142,142,未到達,2026-05-20,2026-07-10
セ,阪神,53355157,門別 啓人,1,1,61065137,伏見 寅威,1,1.000,0,1,0,0.000,0,1,0,15,5,5,5,9.00,0,0.000,0,0.000,5.00,3,3.00,142,142,未到達,2026-05-04,2026-07-10
セ,阪神,31935150,今朝丸 裕喜,1,1,21325139,梅野 隆太郎,1,1.000,0,1,0,0.000,0,1,0,12,4,4,4,9.00,0,0.000,0,0.000,4.00,5,5.00,142,142,未到達,2026-07-15,2026-07-15
セ,阪神,41745150,木下 里都,1,1,21325139,梅野 隆太郎,1,1.000,0,1,0,0.000,0,1,0,12,4,3,3,6.75,0,0.000,0,0.000,4.00,2,2.00,142,142,未到達,2026-05-28,2026-07-10
セ,阪神,57955159,早川 太貴,1,1,21325139,梅野 隆太郎,1,1.000,0,1,0,0.000,0,1,0,9,3,6,5,15.00,0,0.000,0,0.000,3.00,3,3.00,142,142,未到達,2026-05-05,2026-07-10
セ,中日,61565150,金丸 夢斗,25,2,21125150,石伊 雄太,21,0.840,7,18,0,0.280,5,12,8,482,160.2,56,52,2.91,19,0.760,12,0.480,6.43,62,2.48,143,143,到達,2026-09-25,2026-09-25
セ,中日,63165134,柳 裕也,24,2,21125150,石伊 雄太,18,0.750,13,11,0,0.542,7,5,12,450,150,40,39,2.34,19,0.792,6,0.250,6.25,78,3.25,143,143,到達,2026-09-15,2026-09-15
セ,中日,11515133,大野 雄大,22,2,21125150,石伊 雄太,20,0.909,11,11,0,0.500,10,7,5,429,143,43,39,2.45,16,0.727,8,0.364,6.50,75,3.41,143,143,到達,2026-10-01,2026-10-01
セ,中日,61265153,髙橋 宏斗,19,2,21125150,石伊 雄太,16,0.842,7,11,1,0.389,5,7,7,371,123.2,41,36,2.62,13,0.684,11,0.579,6.51,50,2.63,143,143,未到達,2026-10-03,2026-10-03
セ,中日,13915150,マラー,19,2,41545130,加藤 匠馬,16,0.842,8,10,1,0.444,7,8,4,361,120.1,42,36,2.69,11,0.579,6,0.316,6.33,69,3.63,143,143,未到達,2026-09-22,2026-09-23
セ,中日,31635110,涌井 秀章,12,3,21125150,石伊 雄太,7,0.583,7,5,0,0.583,4,3,5,193,64.1,29,28,3.92,5,0.417,1,0.083,5.36,49,4.08,143,143,未到達,2026-09-26,2026-09-26
セ,中日,21925152,櫻井 頼之介,10,3,21125150,石伊 雄太,8,0.800,2,8,0,0.200,2,5,3,156,52,35,34,5.88,3,0.300,1,0.100,5.20,42,4.20,143,143,未到達,2026-08-19,2026-08-20
セ,中日,51455152,中西 聖輝,8,2,21125150,石伊 雄太,6,0.750,4,4,0,0.500,2,4,2,114,38,27,27,6.39,2,0.250,0,0.000,4.75,33,4.13,143,143,未到達,2026-09-19,2026-09-19
セ,中日,21225137,松葉 貴大,3,3,31735132,木下 拓哉,1,0.333,1,2,0,0.333,0,1,2,48,16,10,10,5.63,0,0.000,0,0.000,5.33,17,5.67,143,143,未到達,2026-07-21,2026-07-21
セ,中日,41245157,仲地 礼亜,1,1,21125150,石伊 雄太,1,1.000,0,1,0,0.000,0,0,1,12,4,3,3,6.75,0,0.000,0,0.000,4.00,3,3.00,143,143,未到達,2026-09-23,2026-09-23
パ,オリックス,71775139,九里 亜蓮,27,3,41645139,若月 健矢,22,0.815,13,14,0,0.481,9,12,6,491,163.2,67,58,3.19,17,0.630,7,0.259,6.06,84,3.11,143,143,到達,2026-10-03,2026-10-03
パ,オリックス,43545159,エスピノーザ,23,2,41645139,若月 健矢,15,0.652,16,7,0,0.696,13,6,4,448,149.1,46,45,2.71,17,0.739,11,0.478,6.49,89,3.87,143,143,到達,2026-09-26,2026-09-26
パ,オリックス,03505152,ジェリー,21,4,41645139,若月 健矢,12,0.571,5,15,1,0.250,3,10,8,336,112,47,42,3.38,12,0.571,3,0.143,5.33,49,2.33,143,143,未到達,2026-09-15,2026-09-15
パ,オリックス,61065159,髙島 泰都,20,3,41645139,若月 健矢,15,0.750,10,9,1,0.526,7,6,7,290,96.2,57,54,5.03,5,0.250,2,0.100,4.83,85,4.25,143,143,未到達,2026-09-27,2026-09-27
パ,オリックス,81985157,曽谷 龍平,14,4,41645139,若月 健矢,11,0.786,5,9,0,0.357,5,8,1,235,78.1,40,36,4.14,5,0.357,3,0.214,5.60,44,3.14,143,143,未到達,2026-09-17,2026-09-17
パ,オリックス,41045136,田嶋 大樹,12,2,41645139,若月 健矢,10,0.833,5,7,0,0.417,2,5,5,153,51,35,35,6.18,2,0.167,0,0.000,4.25,44,3.67,143,143,未到達,2026-08-13,2026-08-13
パ,オリックス,61465150,寺西 成騎,6,3,41645139,若月 健矢,3,0.500,4,2,0,0.667,2,2,2,88,29.1,16,14,4.30,2,0.333,0,0.000,4.89,28,4.67,143,143,未到達,2026-08-15,2026-08-15
パ,オリックス,71875151,宮城 大弥,3,2,91495139,森 友哉,2,0.667,2,1,0,0.667,1,1,1,40,13.1,12,6,4.05,1,0.333,0,0.000,4.44,9,3.00,143,143,未到達,2026-04-09,2026-07-10
パ,オリックス,83185150,山口 廉王,3,2,41645139,若月 健矢,2,0.667,1,2,0,0.333,0,0,3,35,11.2,9,9,6.94,0,0.000,0,0.000,3.89,13,4.33,143,143,未到達,2026-09-21,2026-09-21
パ,オリックス,71475159,東松 快征,2,1,41645139,若月 健矢,2,1.000,1,1,0,0.500,1,1,0,33,11,5,5,4.09,1,0.500,0,0.000,5.50,7,3.50,143,143,未到達,2026-09-29,2026-09-30
パ,オリックス,13215157,ペルドモ,2,1,41645139,若月 健矢,2,1.000,1,1,0,0.500,0,1,1,23,7.2,4,4,4.70,0,0.000,0,0.000,3.83,2,1.00,143,143,未到達,2026-06-20,2026-07-10
パ,オリックス,63165159,宮國 凌空,2,1,41645139,若月 健矢,2,1.000,1,1,0,0.500,0,1,1,14,4.2,6,6,11.57,0,0.000,0,0.000,2.33,6,3.00,143,143,未到達,2026-06-07,2026-07-10
パ,オリックス,01505150,片山 楽生,2,2,41645139,若月 健矢,1,0.500,0,2,0,0.000,0,1,1,13,4.1,6,6,12.46,0,0.000,0,0.000,2.17,4,2.00,143,143,未到達,2026-07-22,2026-07-22
パ,オリックス,61965136,博志,1,1,41645139,若月 健矢,1,1.000,0,1,0,0.000,0,0,1,13,4.1,3,3,6.23,0,0.000,0,0.000,4.33,8,8.00,143,143,未到達,2026-07-16,2026-07-16
パ,オリックス,31335116,岩嵜 翔,1,1,41645139,若月 健矢,1,1.000,0,1,0,0.000,0,0,1,6,2,0,0,0.00,0,0.000,0,0.000,2.00,0,0.00,143,143,未到達,2026-09-02,2026-09-02
パ,オリックス,41745157,齋藤 響介,1,1,41645139,若月 健矢,1,1.000,1,0,0,1.000,0,0,1,6,2,5,3,13.50,0,0.000,0,0.000,2.00,7,7.00,143,143,未到達,2026-08-26,2026-08-26
パ,オリックス,83185134,山岡 泰輔,1,1,91495139,森 友哉,1,1.000,0,1,0,0.000,0,0,1,2,0.2,2,2,27.00,0,0.000,0,0.000,0.67,3,3.00,143,143,未到達,2026-05-24,2026-07-10
パ,オリックス,43545150,陳 睦衡,1,1,81885159,堀 柊那,1,1.000,0,1,0,0.000,0,1,0,2,0.2,6,1,13.50,0,0.000,0,0.000,0.67,0,0.00,143,143,未到達,2026-09-25,2026-09-26
パ,オリックス,51055151,佐藤 一磨,1,1,11815155,福永 奨,1,1.000,0,1,0,0.000,0,1,0,0,0,4,4,,0,0.000,0,0.000,0.00,1,1.00,143,143,未到達,2026-07-02,2026-07-10
パ,ソフトバンク,01305157,大津 亮介,22,2,81385151,海野 隆司,16,0.727,13,9,0,0.591,12,5,5,433,144.1,49,43,2.68,15,0.682,9,0.409,6.56,103,4.68,143,143,到達,2026-09-27,2026-09-27
パ,ソフトバンク,51355135,上沢 直之,22,2,81385151,海野 隆司,13,0.591,14,7,1,0.667,10,4,8,406,135.1,44,36,2.39,16,0.727,7,0.318,6.15,102,4.64,143,143,未到達,2026-10-01,2026-10-01
パ,ソフトバンク,41845157,松本 晴,22,2,81385151,海野 隆司,15,0.682,17,4,1,0.810,12,3,7,376,125.1,38,37,2.66,11,0.500,5,0.227,5.70,117,5.32,143,143,未到達,2026-10-03,2026-10-03
パ,ソフトバンク,13115159,前田 悠伍,19,3,23125136,山本 祐大,11,0.579,15,3,1,0.833,12,1,6,335,111.2,29,26,2.10,10,0.526,8,0.421,5.88,108,5.68,143,143,未到達,2026-10-02,2026-10-02
パ,ソフトバンク,53755138,スチュワート・ジュニア,14,3,23125136,山本 祐大,5,0.357,8,6,0,0.571,6,5,3,191,63.2,39,37,5.23,3,0.214,1,0.071,4.55,80,5.71,143,143,未到達,2026-08-13,2026-08-13
パ,ソフトバンク,01505151,大関 友久,10,3,81385151,海野 隆司,7,0.700,4,6,0,0.400,3,4,3,172,57.1,36,34,5.34,4,0.400,1,0.100,5.73,38,3.80,143,143,未到達,2026-07-20,2026-07-20
パ,ソフトバンク,81585138,上茶谷 大河,10,3,93195138,渡邉 陸,5,0.500,6,4,0,0.600,4,3,3,171,57,25,25,3.95,5,0.500,2,0.200,5.70,43,4.30,143,143,未到達,2026-10-05,2026-10-05
パ,ソフトバンク,63965134,モイネロ,7,2,81385151,海野 隆司,5,0.714,6,1,0,0.857,6,1,0,142,47.1,6,4,0.76,7,1.000,2,0.286,6.76,56,8.00,143,143,未到達,2026-09-26,2026-09-26
パ,ソフトバンク,23525152,徐 若熙,6,3,81385151,海野 隆司,4,0.667,3,3,0,0.500,2,3,1,92,30.2,17,17,4.99,4,0.667,1,0.167,5.11,20,3.33,143,143,未到達,2026-06-07,2026-07-10
パ,ソフトバンク,71875157,前田 純,4,2,81385151,海野 隆司,2,0.500,3,1,0,0.750,1,1,2,62,20.2,8,8,3.48,0,0.000,0,0.000,5.17,21,5.25,143,143,未到達,2026-06-25,2026-07-10
パ,ソフトバンク,01805159,藤原 大翔,2,1,23125136,山本 祐大,2,1.000,0,2,0,0.000,0,2,0,20,6.2,7,7,9.45,0,0.000,0,0.000,3.33,4,2.00,143,143,未到達,2026-05-20,2026-07-10
パ,ソフトバンク,33735155,アルメンタ,2,2,81385151,海野 隆司,1,0.500,0,2,0,0.000,0,2,0,14,4.2,7,7,13.50,0,0.000,0,0.000,2.33,1,0.50,143,143,未到達,2026-06-14,2026-07-10
パ,ソフトバンク,23025152,ラトリッジ,1,1,23125136,山本 祐大,1,1.000,1,0,0,1.000,1,0,0,15,5,1,1,1.80,0,0.000,0,0.000,5.00,5,5.00,143,143,未到達,2026-09-12,2026-09-12
パ,ソフトバンク,01205138,中村 稔弥,1,1,81385151,海野 隆司,1,1.000,1,0,0,1.000,0,0,1,9,3,3,3,9.00,0,0.000,0,0.000,3.00,8,8.00,143,143,未到達,2026-06-24,2026-07-10
パ,ソフトバンク,11815152,北斗,1,1,93195138,渡邉 陸,1,1.000,0,1,0,0.000,0,1,0,6,2,8,8,36.00,0,0.000,0,0.000,2.00,1,1.00,143,143,未到達,2026-07-04,2026-07-10
パ,ロッテ,43745159,ジャクソン,25,2,71075151,佐藤 都志也,21,0.840,13,12,0,0.520,9,9,7,452,150.2,62,58,3.46,14,0.560,6,0.240,6.03,90,3.60,143,143,到達,2026-09-28,2026-09-28
パ,ロッテ,11515138,小島 和哉,20,2,71075151,佐藤 都志也,18,0.900,8,11,1,0.421,6,9,5,352,117.1,53,46,3.53,11,0.550,7,0.350,5.87,69,3.45,143,143,未到達,2026-10-04,2026-10-04
パ,ロッテ,01005157,田中 晴也,17,2,71075151,佐藤 都志也,10,0.588,8,8,1,0.500,2,5,10,283,94.1,46,41,3.91,10,0.588,1,0.059,5.55,65,3.82,143,143,未到達,2026-10-02,2026-10-02
パ,ロッテ,73175152,毛利 海大,17,2,53155155,松川 虎生,11,0.647,9,8,0,0.529,3,6,8,241,80.1,48,47,5.27,4,0.235,2,0.118,4.73,69,4.06,143,143,未到達,2026-09-16,2026-09-16
パ,ロッテ,81685150,廣池 康志郎,14,3,71075151,佐藤 都志也,10,0.714,5,9,0,0.357,2,6,6,240,80,44,41,4.61,7,0.500,4,0.286,5.71,47,3.36,143,143,未到達,2026-08-07,2026-08-07
パ,ロッテ,03905152,ロング,13,2,71075151,佐藤 都志也,8,0.615,6,6,1,0.500,1,6,6,168,56,38,36,5.79,2,0.154,1,0.077,4.31,52,4.00,143,143,未到達,2026-10-01,2026-10-01
パ,ロッテ,61765153,河村 説人,8,2,71075151,佐藤 都志也,7,0.875,2,6,0,0.250,1,4,3,133,44.1,25,24,4.87,3,0.375,2,0.250,5.54,25,3.13,143,143,未到達,2026-08-11,2026-08-12
パ,ロッテ,01205118,西野 勇士,7,3,71075151,佐藤 都志也,4,0.571,3,4,0,0.429,1,2,4,125,41.2,20,18,3.89,3,0.429,2,0.286,5.95,20,2.86,143,143,未到達,2026-10-05,2026-10-05
パ,ロッテ,93095152,ルケーシー,6,1,71075151,佐藤 都志也,6,1.000,2,4,0,0.333,1,3,2,102,34,12,12,3.18,3,0.500,2,0.333,5.67,14,2.33,143,143,未到達,2026-10-06,2026-10-06
パ,ロッテ,31035157,高野 脩汰,4,1,71075151,佐藤 都志也,4,1.000,3,1,0,0.750,3,1,0,81,27,6,5,1.67,4,1.000,2,0.500,6.75,15,3.75,143,143,未到達,2026-09-27,2026-09-27
パ,ロッテ,71775159,木村 優人,3,2,71075151,佐藤 都志也,2,0.667,1,2,0,0.333,0,1,2,48,16,11,10,5.63,1,0.333,0,0.000,5.33,6,2.00,143,143,未到達,2026-04-16,2026-07-10
パ,ロッテ,83385157,吉川 悠斗,3,2,71075151,佐藤 都志也,2,0.667,1,2,0,0.333,1,2,0,42,14,13,12,7.71,0,0.000,0,0.000,4.67,8,2.67,143,143,未到達,2026-09-29,2026-09-30
パ,ロッテ,71275134,種市 篤暉,2,1,71075151,佐藤 都志也,2,1.000,1,1,0,0.500,0,0,2,23,7.2,0,0,0.00,1,0.500,1,0.500,3.83,5,2.50,143,143,未到達,2026-04-25,2026-07-10
パ,ロッテ,21525116,唐川 侑己,2,1,71075151,佐藤 都志也,2,1.000,1,1,0,0.500,0,1,1,16,5.1,4,4,6.75,0,0.000,0,0.000,2.67,5,2.50,143,143,未到達,2026-10-03,2026-10-03
パ,ロッテ,61165139,石川 柊太,1,1,71075151,佐藤 都志也,1,1.000,0,1,0,0.000,0,1,0,10,3.1,8,8,21.60,0,0.000,0,0.000,3.33,1,1.00,143,143,未到達,2026-09-11,2026-09-12
パ,ロッテ,61165152,石垣 元気,1,1,71075151,佐藤 都志也,1,1.000,0,1,0,0.000,0,0,1,3,1,0,0,0.00,0,0.000,0,0.000,1.00,1,1.00,143,143,未到達,2026-09-17,2026-09-17
パ,楽天,21925157,荘司 康誠,25,2,71375138,太田 光,23,0.920,11,14,0,0.440,9,9,7,477,159,63,61,3.45,15,0.600,9,0.360,6.36,87,3.48,143,143,到達,2026-09-30,2026-09-30
パ,楽天,31835153,早川 隆久,23,2,71375138,太田 光,22,0.957,9,14,0,0.391,7,10,6,459,153,52,50,2.94,18,0.783,13,0.565,6.65,91,3.96,143,143,到達,2026-10-04,2026-10-04
パ,楽天,31235151,瀧中 瞭太,20,4,11815132,堀内 謙伍,11,0.550,8,12,0,0.400,6,9,5,330,110,52,51,4.17,9,0.450,2,0.100,5.50,63,3.15,143,143,未到達,2026-10-01,2026-10-01
パ,楽天,21725159,古謝 樹,19,3,71375138,太田 光,13,0.684,5,14,0,0.263,2,11,6,332,110.2,48,42,3.42,10,0.526,3,0.158,5.82,38,2.00,143,143,未到達,2026-09-26,2026-09-26
パ,楽天,51655114,前田 健太,15,3,71375138,太田 光,13,0.867,8,7,0,0.533,6,4,5,259,86.1,24,21,2.19,9,0.600,5,0.333,5.76,58,3.87,143,143,未到達,2026-10-05,2026-10-05
パ,楽天,91795114,岸 孝之,11,4,11815132,堀内 謙伍,7,0.636,6,5,0,0.545,5,5,1,198,66,24,20,2.73,6,0.545,3,0.273,6.00,33,3.00,143,143,未到達,2026-09-28,2026-09-28
パ,楽天,73375152,ウレーニャ,11,3,71375138,太田 光,5,0.455,3,8,0,0.273,2,4,5,161,53.2,27,26,4.36,3,0.273,0,0.000,4.88,36,3.27,143,143,未到達,2026-08-07,2026-08-07
パ,楽天,71875153,藤井 聖,8,3,71375138,太田 光,4,0.500,3,5,0,0.375,2,3,3,125,41.2,16,14,3.02,4,0.500,0,0.000,5.21,22,2.75,143,143,未到達,2026-08-14,2026-08-15
パ,楽天,31335152,伊藤 樹,5,2,11815132,堀内 謙伍,4,0.800,3,2,0,0.600,2,1,2,84,28,10,10,3.21,2,0.400,0,0.000,5.60,19,3.80,143,143,未到達,2026-09-29,2026-09-30
パ,楽天,81685152,藤原 聡大,3,2,81185116,伊藤 光,2,0.667,0,2,1,0.000,0,2,1,36,12,10,9,6.75,0,0.000,0,0.000,4.00,5,1.67,143,143,未到達,2026-04-16,2026-07-10
パ,楽天,53555152,コントレラス,2,2,11815132,堀内 謙伍,1,0.500,1,1,0,0.500,0,1,1,27,9,5,5,5.00,0,0.000,0,0.000,4.50,15,7.50,143,143,未到達,2026-07-16,2026-07-16
パ,楽天,01505118,辛島 航,1,1,71375138,太田 光,1,1.000,1,0,0,1.000,0,0,1,1,0.1,0,0,0.00,0,0.000,0,0.000,0.33,6,6.00,143,143,未到達,2026-10-03,2026-10-03
パ,西武,21025155,隅田 知一郎,24,2,41745152,小島 大河,20,0.833,12,11,1,0.522,10,8,6,499,166.1,51,42,2.27,18,0.750,15,0.625,6.93,79,3.29,143,143,到達,2026-09-28,2026-09-28
パ,西武,51255159,武内 夏暉,23,3,41745152,小島 大河,18,0.783,14,9,0,0.609,11,8,4,429,143,56,52,3.27,15,0.652,7,0.304,6.22,80,3.48,143,143,到達,2026-10-06,2026-10-06
パ,西武,31035136,平良 海馬,22,2,41745152,小島 大河,19,0.864,16,5,1,0.762,12,4,6,417,139,24,21,1.36,17,0.773,13,0.591,6.32,75,3.41,143,143,未到達,2026-09-29,2026-09-30
パ,西武,71075130,髙橋 光成,22,3,81785155,古賀 悠斗,11,0.500,12,9,1,0.571,9,6,7,415,138.1,44,39,2.54,15,0.682,6,0.273,6.29,85,3.86,143,143,未到達,2026-10-05,2026-10-05
パ,西武,53155138,渡邉 勇太朗,20,3,81785155,古賀 悠斗,14,0.700,8,11,1,0.421,5,7,8,381,127,52,51,3.61,13,0.650,7,0.350,6.35,61,3.05,143,143,未到達,2026-09-11,2026-09-12
パ,西武,71075155,菅井 信也,10,2,41745152,小島 大河,7,0.700,4,6,0,0.400,2,3,5,159,53,16,16,2.72,4,0.400,1,0.100,5.30,39,3.90,143,143,未到達,2026-09-26,2026-09-26
パ,西武,31035150,佐藤 爽,9,3,41745152,小島 大河,5,0.556,6,3,0,0.667,2,1,6,141,47,21,19,3.64,1,0.111,1,0.111,5.22,47,5.22,143,143,未到達,2026-09-22,2026-09-23
パ,西武,23925152,ワイナンス,8,2,81785155,古賀 悠斗,5,0.625,4,4,0,0.500,2,4,2,130,43.1,27,25,5.19,3,0.375,1,0.125,5.42,21,2.63,143,143,未到達,2026-08-13,2026-08-13
パ,西武,91095159,杉山 遙希,1,1,41745152,小島 大河,1,1.000,0,1,0,0.000,0,1,0,15,5,2,1,1.80,0,0.000,0,0.000,5.00,1,1.00,143,143,未到達,2026-08-20,2026-08-21
パ,西武,23125153,豆田 泰志,1,1,41745152,小島 大河,1,1.000,1,0,0,1.000,0,0,1,9,3,0,0,0.00,0,0.000,0,0.000,3.00,7,7.00,143,143,未到達,2026-08-14,2026-08-15
パ,西武,91895150,冨士 大和,1,1,81785155,古賀 悠斗,1,1.000,1,0,0,1.000,0,0,1,8,2.2,2,2,6.75,0,0.000,0,0.000,2.67,3,3.00,143,143,未到達,2026-09-27,2026-09-27
パ,西武,73975150,ラミレス,1,1,81785155,古賀 悠斗,1,1.000,1,0,0,1.000,0,0,1,6,2,0,0,0.00,0,0.000,0,0.000,2.00,5,5.00,143,143,未到達,2026-07-20,2026-07-20
パ,西武,71875138,森脇 亮介,1,1,41745152,小島 大河,1,1.000,0,1,0,0.000,0,0,1,3,1,0,0,0.00,0,0.000,0,0.000,1.00,0,0.00,143,143,未到達,2026-09-15,2026-09-15
パ,日本ハム,51355153,伊藤 大海,26,2,51055138,田宮 裕涼,22,0.846,11,14,1,0.440,10,10,6,518,172.2,66,61,3.18,19,0.731,10,0.385,6.64,89,3.42,143,143,到達,2026-09-26,2026-09-26
パ,日本ハム,51755155,北山 亘基,24,4,11015159,進藤 勇也,15,0.625,13,11,0,0.542,13,3,8,443,147.2,51,42,2.56,14,0.583,8,0.333,6.15,98,4.08,143,143,到達,2026-10-01,2026-10-01
パ,日本ハム,41545132,加藤 貴之,19,4,51055138,田宮 裕涼,11,0.579,15,4,0,0.789,12,3,4,339,113,44,37,2.95,9,0.474,4,0.211,5.95,98,5.16,143,143,未到達,2026-09-21,2026-09-21
パ,日本ハム,01205155,達 孝太,17,3,51055138,田宮 裕涼,12,0.706,7,9,1,0.438,5,8,4,338,112.2,43,40,3.20,12,0.706,9,0.529,6.63,52,3.06,143,143,未到達,2026-09-24,2026-09-24
パ,日本ハム,51155130,有原 航平,17,3,11015159,進藤 勇也,11,0.647,8,9,0,0.471,7,9,1,310,103.1,59,51,4.44,10,0.588,3,0.176,6.08,82,4.82,143,143,未到達,2026-09-27,2026-09-27
パ,日本ハム,61865159,細野 晴希,12,2,11015159,進藤 勇也,6,0.500,6,6,0,0.500,3,5,4,221,73.2,30,28,3.42,7,0.583,3,0.250,6.14,45,3.75,143,143,未到達,2026-08-19,2026-08-20
パ,日本ハム,81685155,福島 蓮,11,2,51055138,田宮 裕涼,8,0.727,8,3,0,0.727,4,3,4,188,62.2,22,22,3.16,6,0.545,4,0.364,5.70,45,4.09,143,143,未到達,2026-09-28,2026-09-28
パ,日本ハム,21825130,山﨑 福也,10,4,21925151,郡司 裕也,5,0.500,7,2,1,0.778,5,1,4,163,54.1,14,14,2.32,3,0.300,1,0.100,5.43,44,4.40,143,143,未到達,2026-09-23,2026-09-23
パ,日本ハム,83785159,孫 易磊,2,1,11015159,進藤 勇也,2,1.000,1,1,0,0.500,1,1,0,30,10,5,4,3.60,1,0.500,0,0.000,5.00,10,5.00,143,143,未到達,2026-06-20,2026-07-10
パ,日本ハム,93595150,古林 睿煬,2,1,51055138,田宮 裕涼,2,1.000,0,2,0,0.000,0,0,2,23,7.2,7,7,8.22,0,0.000,0,0.000,3.83,14,7.00,143,143,未到達,2026-06-14,2026-07-10
パ,日本ハム,81085150,柴田 獅子,2,2,51055138,田宮 裕涼,1,0.500,1,1,0,0.500,0,1,1,19,6.1,2,2,2.84,0,0.000,0,0.000,3.17,5,2.50,143,143,未到達,2026-06-21,2026-07-10
パ,日本ハム,61365152,大川 慈英,1,1,51055138,田宮 裕涼,1,1.000,1,0,0,1.000,0,0,1,12,4,4,4,9.00,0,0.000,0,0.000,4.00,9,9.00,143,143,未到達,2026-08-29,2026-08-30