リーグ,球団,先発投手ID,先発投手名,先発捕手ID,先発捕手名,先発回数,対戦球団数,対戦球団一覧,チーム勝,チーム敗,チーム分,チーム勝率,投手勝,投手敗,勝敗なし,QS,QS率,HQS,HQS率,投球アウト数,投球回表示,平均投球回,失点合計,自責点合計,防御率,援護点合計,平均援護点,最新登板日,更新日
セ,DeNA,51155136,東 克樹,21825157,松尾 汐恩,11,6,オリックス、楽天、広島、阪神、中日、日本ハム,6,5,0,0.545,5,3,3,9,0.818,3,0.273,213,71,6.45,27,25,3.17,46,4.18,2026-08-05,2026-08-05
セ,DeNA,61365136,尾形 崇斗,21825157,松尾 汐恩,10,7,ソフトバンク、ヤクルト、ロッテ、巨人、阪神、西武、中日,5,5,0,0.500,3,3,4,4,0.400,1,0.100,150,50,5.00,19,19,3.42,47,4.70,2026-08-11,2026-08-11
セ,DeNA,01905139,平良 拳太郎,21825157,松尾 汐恩,10,7,オリックス、ヤクルト、楽天、巨人、広島、中日、日本ハム,3,6,1,0.333,2,4,4,3,0.300,1,0.100,157,52.1,5.23,24,24,4.13,25,2.50,2026-08-07,2026-08-07
セ,DeNA,41045150,篠木 健太郎,21825157,松尾 汐恩,8,6,オリックス、ソフトバンク、ヤクルト、ロッテ、巨人、阪神,5,3,0,0.625,4,2,2,3,0.375,2,0.250,141,47,5.88,26,26,4.98,55,6.88,2026-08-01,2026-08-01
セ,DeNA,21125159,石田 裕太郎,23125136,山本 祐大,7,4,ヤクルト、巨人、広島、阪神,3,4,0,0.429,2,4,1,5,0.714,0,0.000,128,42.2,6.10,14,12,2.53,26,3.71,2026-05-10,2026-07-10
セ,DeNA,51155136,東 克樹,23125136,山本 祐大,6,4,ヤクルト、巨人、広島、中日,3,2,1,0.600,3,2,1,6,1.000,2,0.333,114,38,6.33,12,8,1.89,21,3.50,2026-05-05,2026-07-10
セ,DeNA,61365153,入江 大生,21825157,松尾 汐恩,5,3,ヤクルト、巨人、中日,0,4,1,0.000,0,3,2,1,0.200,0,0.000,61,20.1,4.07,19,19,8.41,8,1.60,2026-06-23,2026-07-10
セ,DeNA,21125159,石田 裕太郎,41245132,戸柱 恭孝,4,4,ヤクルト、楽天、阪神、日本ハム,1,3,0,0.250,1,2,1,2,0.500,0,0.000,70,23.1,5.83,11,11,4.24,6,1.50,2026-06-19,2026-07-10
セ,DeNA,21125159,石田 裕太郎,21825157,松尾 汐恩,4,3,巨人、広島、中日,2,2,0,0.500,1,2,1,3,0.750,1,0.250,75,25,6.25,7,7,2.52,10,2.50,2026-07-14,2026-07-14
セ,DeNA,61665155,深沢 鳳介,23125136,山本 祐大,3,3,広島、阪神、中日,2,1,0,0.667,0,1,2,0,0.000,0,0.000,39,13,4.33,14,9,6.23,21,7.00,2026-05-06,2026-07-10
セ,DeNA,11415150,竹田 祐,21825157,松尾 汐恩,3,3,ヤクルト、広島、阪神,0,3,0,0.000,0,3,0,0,0.000,0,0.000,37,12.1,4.11,11,9,6.57,7,2.33,2026-05-19,2026-07-10
セ,DeNA,11015152,島田 舜也,21825157,松尾 汐恩,3,2,広島、中日,3,0,0,1.000,1,0,2,1,0.333,0,0.000,47,15.2,5.22,4,4,2.30,13,4.33,2026-05-20,2026-07-10
セ,DeNA,01905139,平良 拳太郎,41245132,戸柱 恭孝,3,3,ヤクルト、巨人、中日,0,3,0,0.000,0,3,0,0,0.000,0,0.000,43,14.1,4.78,9,7,4.40,3,1.00,2026-08-14,2026-08-15
セ,DeNA,83385152,コックス,23125136,山本 祐大,2,2,阪神、中日,1,1,0,0.500,1,0,1,1,0.500,0,0.000,27,9,4.50,3,3,3.00,8,4.00,2026-04-08,2026-07-10
セ,DeNA,13715150,デュプランティエ,23125136,山本 祐大,2,2,ヤクルト、阪神,0,2,0,0.000,0,2,0,0,0.000,0,0.000,27,9,4.50,4,3,3.00,1,0.50,2026-04-16,2026-07-10
セ,DeNA,13015152,ビド,21825157,松尾 汐恩,2,2,阪神、中日,1,1,0,0.500,1,1,0,0,0.000,0,0.000,21,7,3.50,8,8,10.29,10,5.00,2026-08-06,2026-08-06
セ,DeNA,41045150,篠木 健太郎,41245132,戸柱 恭孝,2,2,広島、阪神,1,1,0,0.500,0,0,2,0,0.000,0,0.000,29,9.2,4.83,3,3,2.79,5,2.50,2026-08-08,2026-08-08
セ,DeNA,61665155,深沢 鳳介,91895155,古市 尊,2,2,ヤクルト、中日,2,0,0,1.000,2,0,0,2,1.000,1,0.500,45,15,7.50,1,1,0.60,13,6.50,2026-08-13,2026-08-13
セ,DeNA,61665155,深沢 鳳介,21825157,松尾 汐恩,2,2,ヤクルト、巨人,2,0,0,1.000,2,0,0,0,0.000,0,0.000,31,10.1,5.17,1,1,0.87,8,4.00,2026-08-02,2026-08-02
セ,DeNA,41045137,藤浪 晋太郎,21825157,松尾 汐恩,2,2,巨人、阪神,0,2,0,0.000,0,0,2,0,0.000,0,0.000,23,7.2,3.83,4,4,4.70,8,4.00,2026-07-22,2026-07-22
セ,DeNA,61365153,入江 大生,41245132,戸柱 恭孝,2,2,ヤクルト、ロッテ,0,2,0,0.000,0,0,2,0,0.000,0,0.000,29,9.2,4.83,6,4,3.72,7,3.50,2026-06-12,2026-07-10
セ,DeNA,61565152,片山 皓心,41245132,戸柱 恭孝,2,1,ヤクルト,1,1,0,0.500,1,1,0,0,0.000,0,0.000,31,10.1,5.17,3,2,1.74,6,3.00,2026-08-16,2026-08-16
セ,DeNA,41045150,篠木 健太郎,91895155,古市 尊,1,1,ヤクルト,0,1,0,0.000,0,0,1,0,0.000,0,0.000,13,4.1,4.33,3,3,6.23,3,3.00,2026-08-15,2026-08-15
セ,DeNA,41045150,篠木 健太郎,23125136,山本 祐大,1,1,中日,1,0,0,1.000,1,0,0,1,1.000,0,0.000,18,6,6.00,2,2,3.00,6,6.00,2026-04-30,2026-07-10
セ,DeNA,81985159,庄司 陽斗,21825157,松尾 汐恩,1,1,ソフトバンク,0,1,0,0.000,0,1,0,0,0.000,0,0.000,15,5,5.00,4,4,7.20,3,3.00,2026-06-06,2026-07-10
セ,DeNA,11415150,竹田 祐,41245132,戸柱 恭孝,1,1,阪神,1,0,0,1.000,0,0,1,0,0.000,0,0.000,12,4,4.00,5,1,2.25,7,7.00,2026-04-22,2026-07-10
セ,DeNA,11415150,竹田 祐,23125136,山本 祐大,1,1,広島,1,0,0,1.000,1,0,0,0,0.000,0,0.000,18,6,6.00,5,5,7.50,11,11.00,2026-05-04,2026-07-10
セ,DeNA,11015152,島田 舜也,41245132,戸柱 恭孝,1,1,西武,0,1,0,0.000,0,1,0,0,0.000,0,0.000,12,4,4.00,7,7,15.75,4,4.00,2026-05-29,2026-07-10
セ,DeNA,51155136,東 克樹,41245132,戸柱 恭孝,1,1,中日,1,0,0,1.000,1,0,0,1,1.000,1,1.000,24,8,8.00,1,1,1.13,6,6.00,2026-08-12,2026-08-12
セ,DeNA,91295159,武田 陸玖,91895155,古市 尊,1,1,西武,0,1,0,0.000,0,1,0,0,0.000,0,0.000,6,2,2.00,2,1,4.50,0,0.00,2026-05-30,2026-07-10
セ,DeNA,01905139,平良 拳太郎,91895155,古市 尊,1,1,阪神,1,0,0,1.000,1,0,0,1,1.000,0,0.000,18,6,6.00,0,0,0.00,7,7.00,2026-07-20,2026-07-20
セ,DeNA,01905139,平良 拳太郎,23125136,山本 祐大,1,1,阪神,1,0,0,1.000,1,0,0,0,0.000,0,0.000,16,5.1,5.33,1,1,1.69,10,10.00,2026-05-08,2026-07-10
セ,DeNA,61565152,片山 皓心,23125136,山本 祐大,1,1,巨人,0,1,0,0.000,0,1,0,0,0.000,0,0.000,8,2.2,2.67,7,7,23.63,2,2.00,2026-04-25,2026-07-10
セ,DeNA,61565152,片山 皓心,21825157,松尾 汐恩,1,1,広島,1,0,0,1.000,1,0,0,1,1.000,0,0.000,18,6,6.00,0,0,0.00,3,3.00,2026-08-09,2026-08-10
セ,ヤクルト,53555157,吉村 貢司郎,01705134,古賀 優大,15,6,DeNA、ソフトバンク、巨人、広島、阪神、中日,5,10,0,0.333,4,8,3,8,0.533,2,0.133,259,86.1,5.76,42,41,4.27,46,3.07,2026-08-04,2026-08-04
セ,ヤクルト,03105159,松本 健吾,01705134,古賀 優大,11,7,DeNA、オリックス、ロッテ、広島、阪神、西武、中日,5,6,0,0.455,4,2,5,6,0.545,3,0.273,191,63.2,5.79,25,22,3.11,45,4.09,2026-07-04,2026-07-10
セ,ヤクルト,63365153,山野 太一,01005159,鈴木 叶,10,5,DeNA、巨人、広島、阪神、中日,8,2,0,0.800,7,2,1,7,0.700,3,0.300,185,61.2,6.17,17,15,2.19,46,4.60,2026-08-12,2026-08-12
セ,ヤクルト,21925139,高梨 裕稔,01705134,古賀 優大,9,7,DeNA、楽天、巨人、広島、阪神、中日、日本ハム,7,2,0,0.778,5,2,2,5,0.556,2,0.222,162,54,6.00,16,16,2.67,37,4.11,2026-06-06,2026-07-10
セ,ヤクルト,31735151,奥川 恭伸,01005159,鈴木 叶,8,7,DeNA、楽天、巨人、広島、阪神、中日、日本ハム,3,5,0,0.375,2,5,1,5,0.625,3,0.375,151,50.1,6.29,20,17,3.04,10,1.25,2026-06-07,2026-07-10
セ,ヤクルト,63365153,山野 太一,01705134,古賀 優大,8,7,ソフトバンク、楽天、巨人、広島、阪神、中日、日本ハム,4,4,0,0.500,2,1,5,5,0.625,2,0.250,155,51.2,6.46,18,14,2.44,29,3.63,2026-07-21,2026-07-21
セ,ヤクルト,51055132,高橋 奎二,51255118,中村 悠平,6,6,DeNA、オリックス、ロッテ、巨人、広島、西武,1,4,1,0.200,1,3,2,3,0.500,1,0.167,103,34.1,5.72,12,12,3.15,10,1.67,2026-07-03,2026-07-10
セ,ヤクルト,31735151,奥川 恭伸,51255118,中村 悠平,5,4,ソフトバンク、巨人、広島、中日,2,3,0,0.400,2,2,1,3,0.600,2,0.400,108,36,7.20,16,16,4.00,18,3.60,2026-07-22,2026-07-22
セ,ヤクルト,63965150,ウォルターズ,01705134,古賀 優大,4,4,DeNA、広島、阪神、中日,1,3,0,0.250,1,2,1,1,0.250,1,0.250,65,21.2,5.42,10,10,4.15,8,2.00,2026-08-02,2026-08-02
セ,ヤクルト,31735151,奥川 恭伸,01705134,古賀 優大,4,3,DeNA、巨人、阪神,3,1,0,0.750,2,0,2,4,1.000,1,0.250,86,28.2,7.17,5,5,1.57,15,3.75,2026-08-14,2026-08-15
セ,ヤクルト,51055132,高橋 奎二,01705134,古賀 優大,4,4,DeNA、巨人、広島、阪神,2,2,0,0.500,1,2,1,2,0.500,1,0.250,60,20,5.00,14,14,6.30,13,3.25,2026-08-08,2026-08-08
セ,ヤクルト,11515137,小川 泰弘,01705134,古賀 優大,4,4,DeNA、広島、阪神、中日,2,2,0,0.500,1,2,1,0,0.000,0,0.000,62,20.2,5.17,16,11,4.79,18,4.50,2026-04-25,2026-07-10
セ,ヤクルト,11515137,小川 泰弘,01005159,鈴木 叶,3,3,DeNA、ロッテ、西武,1,2,0,0.333,0,2,1,1,0.333,0,0.000,52,17.1,5.78,12,12,6.23,8,2.67,2026-06-04,2026-07-10
セ,ヤクルト,01805152,増居 翔太,01705134,古賀 優大,3,3,DeNA、巨人、中日,2,1,0,0.667,1,0,2,2,0.667,0,0.000,51,17,5.67,4,4,2.12,7,2.33,2026-08-15,2026-08-15
セ,ヤクルト,03105159,松本 健吾,51255118,中村 悠平,2,2,DeNA、阪神,0,2,0,0.000,0,1,1,1,0.500,1,0.500,34,11.1,5.67,7,7,5.56,1,0.50,2026-07-18,2026-07-18
セ,ヤクルト,03105159,松本 健吾,01005159,鈴木 叶,2,2,DeNA、巨人,1,1,0,0.500,1,1,0,0,0.000,0,0.000,31,10.1,5.17,6,6,5.23,5,2.50,2026-08-16,2026-08-16
セ,ヤクルト,63965150,ウォルターズ,51255118,中村 悠平,1,1,巨人,0,1,0,0.000,0,1,0,0,0.000,0,0.000,8,2.2,2.67,7,7,23.63,2,2.00,2026-04-17,2026-07-10
セ,ヤクルト,77575159,下川 隼佑,01705134,古賀 優大,1,1,オリックス,0,1,0,0.000,0,1,0,0,0.000,0,0.000,13,4.1,4.33,3,3,6.23,2,2.00,2026-06-11,2026-07-10
セ,ヤクルト,51055132,高橋 奎二,01005159,鈴木 叶,1,1,阪神,0,1,0,0.000,0,1,0,0,0.000,0,0.000,18,6,6.00,7,7,10.50,3,3.00,2026-08-01,2026-08-01
セ,ヤクルト,21925139,高梨 裕稔,51255118,中村 悠平,1,1,中日,1,0,0,1.000,0,0,1,0,0.000,0,0.000,16,5.1,5.33,4,2,3.38,7,7.00,2026-04-05,2026-07-10
セ,ヤクルト,11615159,西舘 昂汰,51855136,松本 直樹,1,1,広島,1,0,0,1.000,0,0,1,0,0.000,0,0.000,15,5,5.00,0,0,0.00,2,2.00,2026-07-25,2026-07-26
セ,ヤクルト,41145159,石原 勇輝,01005159,鈴木 叶,1,1,広島,0,1,0,0.000,0,1,0,0,0.000,0,0.000,9,3,3.00,1,1,3.00,0,0.00,2026-05-10,2026-07-10
セ,ヤクルト,01805152,増居 翔太,43145150,矢野 泰二郎,1,1,巨人,0,1,0,0.000,0,0,1,0,0.000,0,0.000,15,5,5.00,1,0,0.00,1,1.00,2026-07-16,2026-07-16
セ,巨人,51355151,井上 温大,91595136,岸田 行倫,14,8,DeNA、ヤクルト、ロッテ、広島、阪神、西武、中日、日本ハム,9,5,0,0.643,9,4,1,8,0.571,6,0.429,258,86,6.14,25,22,2.30,42,3.00,2026-08-12,2026-08-12
セ,巨人,53355152,ウィットリー,21325136,大城 卓三,12,7,DeNA、ヤクルト、ロッテ、広島、阪神、西武、中日,6,5,1,0.545,3,4,5,7,0.583,2,0.167,212,70.2,5.89,24,19,2.42,34,2.83,2026-07-24,2026-07-24
セ,巨人,71275152,竹丸 和幸,91595136,岸田 行倫,10,7,DeNA、ヤクルト、広島、阪神、西武、中日、日本ハム,5,5,0,0.500,5,5,0,7,0.700,1,0.100,184,61.1,6.13,20,15,2.20,23,2.30,2026-08-08,2026-08-08
セ,巨人,41045138,戸郷 翔征,21325136,大城 卓三,9,6,オリックス、ソフトバンク、ヤクルト、楽天、広島、阪神,7,2,0,0.778,4,1,4,5,0.556,4,0.444,157,52.1,5.81,13,13,2.24,39,4.33,2026-07-07,2026-07-10
セ,巨人,71275152,竹丸 和幸,21325136,大城 卓三,7,4,DeNA、ヤクルト、阪神、中日,3,4,0,0.429,3,4,0,1,0.143,0,0.000,107,35.2,5.10,31,30,7.57,27,3.86,2026-08-15,2026-08-15
セ,巨人,51055137,則本 昂大,21325136,大城 卓三,6,6,オリックス、ソフトバンク、楽天、広島、阪神、中日,5,1,0,0.833,2,1,3,3,0.500,1,0.167,102,34,5.67,12,12,3.18,24,4.00,2026-06-09,2026-07-10
セ,巨人,31635159,西舘 勇陽,91595136,岸田 行倫,5,4,ヤクルト、ロッテ、阪神、日本ハム,3,1,1,0.750,2,1,2,3,0.600,2,0.400,79,26.1,5.27,6,6,2.05,18,3.60,2026-07-15,2026-07-15
セ,巨人,11215114,田中 将大,91595136,岸田 行倫,5,4,ヤクルト、広島、阪神、中日,3,2,0,0.600,2,2,1,2,0.400,1,0.200,83,27.2,5.53,13,9,2.93,15,3.00,2026-05-21,2026-07-10
セ,巨人,23725150,ハワード,21325136,大城 卓三,3,3,DeNA、ヤクルト、中日,2,1,0,0.667,2,1,0,3,1.000,2,0.667,60,20,6.67,1,1,0.45,7,2.33,2026-08-14,2026-08-15
セ,巨人,03305153,山﨑 伊織,91595136,岸田 行倫,3,3,ヤクルト、広島、阪神,0,3,0,0.000,0,1,2,1,0.333,0,0.000,53,17.2,5.89,11,11,5.60,8,2.67,2026-08-11,2026-08-11
セ,巨人,71575132,小笠原 慎之介,21325136,大城 卓三,3,3,DeNA、ヤクルト、中日,2,1,0,0.667,2,1,0,3,1.000,2,0.667,60,20,6.67,5,5,2.25,19,6.33,2026-08-16,2026-08-16
セ,巨人,11215114,田中 将大,21325136,大城 卓三,3,3,DeNA、ソフトバンク、阪神,1,2,0,0.333,1,0,2,1,0.333,0,0.000,51,17,5.67,6,6,3.18,10,3.33,2026-05-28,2026-07-10
セ,巨人,53355152,ウィットリー,91595136,岸田 行倫,2,2,広島、中日,1,1,0,0.500,0,0,2,1,0.500,0,0.000,33,11,5.50,2,2,1.64,7,3.50,2026-04-30,2026-07-10
セ,巨人,23725150,ハワード,91595136,岸田 行倫,2,2,DeNA、阪神,1,1,0,0.500,0,1,1,1,0.500,0,0.000,28,9.1,4.67,5,4,3.86,8,4.00,2026-04-04,2026-07-10
セ,巨人,53755152,マタ,03105151,山瀬 慎之助,2,1,ヤクルト,0,2,0,0.000,0,1,1,1,0.500,0,0.000,33,11,5.50,3,3,2.45,5,2.50,2026-04-18,2026-07-10
セ,巨人,51355151,井上 温大,21325136,大城 卓三,2,2,DeNA、阪神,1,1,0,0.500,1,1,0,2,1.000,1,0.500,42,14,7.00,3,2,1.29,2,1.00,2026-05-15,2026-07-10
セ,巨人,31635159,西舘 勇陽,21325136,大城 卓三,2,2,広島、阪神,0,2,0,0.000,0,2,0,0,0.000,0,0.000,31,10.1,5.17,5,5,4.35,3,1.50,2026-08-13,2026-08-13
セ,巨人,11215114,田中 将大,91795139,小林 誠司,2,2,オリックス、楽天,1,1,0,0.500,0,1,1,1,0.500,1,0.500,27,9,4.50,6,6,6.00,4,2.00,2026-06-11,2026-07-10
セ,巨人,53755152,マタ,91595136,岸田 行倫,1,1,DeNA,1,0,0,1.000,0,0,1,0,0.000,0,0.000,8,2.2,2.67,2,2,6.75,7,7.00,2026-04-25,2026-07-10
セ,巨人,53755152,マタ,21325136,大城 卓三,1,1,ヤクルト,1,0,0,1.000,0,0,1,0,0.000,0,0.000,17,5.2,5.67,1,1,1.59,3,3.00,2026-07-16,2026-07-16
セ,巨人,51355151,井上 温大,03105151,山瀬 慎之助,1,1,ヤクルト,0,1,0,0.000,0,1,0,1,1.000,0,0.000,18,6,6.00,2,2,3.00,0,0.00,2026-04-12,2026-07-10
セ,巨人,43145152,山城 京平,91595136,岸田 行倫,1,1,阪神,0,1,0,0.000,0,0,1,0,0.000,0,0.000,6,2,2.00,5,5,22.50,6,6.00,2026-03-29,2026-07-10
セ,巨人,03305153,山﨑 伊織,21325136,大城 卓三,1,1,広島,1,0,0,1.000,1,0,0,0,0.000,0,0.000,17,5.2,5.67,2,2,3.18,11,11.00,2026-07-21,2026-07-21
セ,巨人,71575132,小笠原 慎之介,91595136,岸田 行倫,1,1,中日,1,0,0,1.000,1,0,0,1,1.000,0,0.000,18,6,6.00,0,0,0.00,6,6.00,2026-07-19,2026-07-19
セ,巨人,71575132,小笠原 慎之介,03105151,山瀬 慎之助,1,1,阪神,0,1,0,0.000,0,1,0,1,1.000,1,1.000,21,7,7.00,1,1,1.29,0,0.00,2026-07-26,2026-07-26
セ,巨人,43345159,森田 駿哉,21325136,大城 卓三,1,1,中日,1,0,0,1.000,0,0,1,0,0.000,0,0.000,13,4.1,4.33,4,4,8.31,9,9.00,2026-05-10,2026-07-10
セ,巨人,51155155,赤星 優志,21325136,大城 卓三,1,1,ヤクルト,1,0,0,1.000,1,0,0,0,0.000,0,0.000,15,5,5.00,0,0,0.00,3,3.00,2026-05-05,2026-07-10
セ,巨人,51055137,則本 昂大,91595136,岸田 行倫,1,1,広島,0,1,0,0.000,0,1,0,0,0.000,0,0.000,15,5,5.00,6,6,10.80,1,1.00,2026-04-28,2026-07-10
セ,巨人,51055137,則本 昂大,03105151,山瀬 慎之助,1,1,中日,0,1,0,0.000,0,1,0,1,1.000,1,1.000,21,7,7.00,2,2,2.57,1,1.00,2026-04-02,2026-07-10
セ,巨人,51055137,則本 昂大,91795139,小林 誠司,1,1,阪神,0,1,0,0.000,0,1,0,0,0.000,0,0.000,15,5,5.00,8,8,14.40,2,2.00,2026-07-09,2026-07-10
セ,巨人,71275152,竹丸 和幸,91595133,甲斐 拓也,1,1,中日,0,1,0,0.000,0,0,1,1,1.000,0,0.000,18,6,6.00,1,0,0.00,1,1.00,2026-07-04,2026-07-10
セ,巨人,33135159,又木 鉄平,91595136,岸田 行倫,1,1,阪神,0,1,0,0.000,0,1,0,0,0.000,0,0.000,15,5,5.00,2,2,3.60,5,5.00,2026-05-02,2026-07-10
セ,巨人,33135159,又木 鉄平,21325136,大城 卓三,1,1,広島,1,0,0,1.000,0,0,1,0,0.000,0,0.000,11,3.2,3.67,4,4,9.82,11,11.00,2026-08-06,2026-08-06
セ,広島,91595150,岡本 駿,81885151,持丸 泰輝,10,8,DeNA、オリックス、ソフトバンク、ヤクルト、楽天、巨人、阪神、中日,5,5,0,0.500,5,4,1,4,0.400,2,0.200,168,56,5.60,24,24,3.86,33,3.30,2026-08-06,2026-08-06
セ,広島,91995153,栗林 良吏,81885151,持丸 泰輝,9,5,DeNA、ヤクルト、巨人、阪神、中日,4,5,0,0.444,3,4,2,6,0.667,5,0.556,158,52.2,5.85,18,15,2.56,21,2.33,2026-08-12,2026-08-12
セ,広島,11415134,床田 寛樹,81885151,持丸 泰輝,9,6,DeNA、ロッテ、巨人、西武、中日、日本ハム,5,4,0,0.556,4,1,4,8,0.889,4,0.444,179,59.2,6.63,12,12,1.81,32,3.56,2026-07-31,2026-07-31
セ,広島,53155151,森下 暢仁,21125151,石原 貴規,7,5,DeNA、ヤクルト、楽天、阪神、中日,4,2,1,0.667,3,2,2,5,0.714,3,0.429,135,45,6.43,19,18,3.60,26,3.71,2026-08-14,2026-08-15
セ,広島,41245151,玉村 昇悟,81885151,持丸 泰輝,6,4,オリックス、ソフトバンク、楽天、巨人,1,4,1,0.200,0,3,3,4,0.667,3,0.500,111,37,6.17,10,8,1.95,11,1.83,2026-06-23,2026-07-10
セ,広島,93395155,森 翔平,81885151,持丸 泰輝,6,6,DeNA、ヤクルト、ロッテ、阪神、西武、日本ハム,1,5,0,0.167,0,0,6,4,0.667,0,0.000,97,32.1,5.39,12,11,3.06,19,3.17,2026-07-26,2026-07-26
セ,広島,53155151,森下 暢仁,81885151,持丸 泰輝,6,5,オリックス、ソフトバンク、ヤクルト、巨人、阪神,2,4,0,0.333,2,3,1,1,0.167,1,0.167,100,33.1,5.56,17,16,4.32,15,2.50,2026-06-06,2026-07-10
セ,広島,43545152,ターノック,11915134,坂倉 将吾,4,3,DeNA、阪神、中日,1,3,0,0.250,0,2,2,1,0.250,1,0.250,66,22,5.50,11,11,4.50,12,3.00,2026-04-18,2026-07-10
セ,広島,91595150,岡本 駿,21125151,石原 貴規,4,3,ヤクルト、巨人、阪神,2,2,0,0.500,1,2,1,1,0.250,0,0.000,64,21.1,5.33,18,16,6.75,14,3.50,2026-07-21,2026-07-21
セ,広島,11415134,床田 寛樹,21125151,石原 貴規,4,3,DeNA、巨人、阪神,1,2,1,0.333,0,2,2,2,0.500,0,0.000,63,21,5.25,15,8,3.43,13,3.25,2026-07-20,2026-07-20
セ,広島,93395155,森 翔平,21125151,石原 貴規,4,3,巨人、阪神、中日,1,3,0,0.250,1,3,0,2,0.500,1,0.250,72,24,6.00,12,12,4.50,7,1.75,2026-08-16,2026-08-16
セ,広島,31135134,アドゥワ 誠,21125151,石原 貴規,3,3,ヤクルト、阪神、中日,1,2,0,0.333,0,1,2,0,0.000,0,0.000,39,13,4.33,6,6,4.15,9,3.00,2026-08-02,2026-08-02
セ,広島,43545152,ターノック,81885151,持丸 泰輝,3,3,ヤクルト、阪神、中日,0,2,1,0.000,0,1,2,1,0.333,0,0.000,45,15,5.00,6,5,3.00,4,1.33,2026-06-19,2026-07-10
セ,広島,41245151,玉村 昇悟,21125151,石原 貴規,3,2,DeNA、ヤクルト,3,0,0,1.000,1,0,2,1,0.333,0,0.000,35,11.2,3.89,5,5,3.86,14,4.67,2026-07-08,2026-07-10
セ,広島,91995153,栗林 良吏,11915134,坂倉 将吾,3,2,阪神、中日,3,0,0,1.000,2,0,1,3,1.000,2,0.667,70,23.1,7.78,3,3,1.16,8,2.67,2026-04-15,2026-07-10
セ,広島,11415134,床田 寛樹,11915134,坂倉 将吾,3,3,DeNA、阪神、中日,1,2,0,0.333,0,1,2,1,0.333,0,0.000,53,17.2,5.89,8,8,4.08,13,4.33,2026-04-12,2026-07-10
セ,広島,53155151,森下 暢仁,11915134,坂倉 将吾,3,3,ヤクルト、巨人、中日,1,2,0,0.333,1,2,0,1,0.333,0,0.000,43,14.1,4.78,9,8,5.02,10,3.33,2026-04-14,2026-07-10
セ,広島,61765157,斉藤 優汰,81885151,持丸 泰輝,3,3,巨人、中日、日本ハム,1,2,0,0.333,1,2,0,0,0.000,0,0.000,42,14,4.67,7,7,4.50,7,2.33,2026-08-01,2026-08-01
セ,広島,61765157,斉藤 優汰,21125151,石原 貴規,3,2,DeNA、阪神,2,1,0,0.667,1,0,2,0,0.000,0,0.000,44,14.2,4.89,6,6,3.68,14,4.67,2026-08-15,2026-08-15
セ,広島,91595150,岡本 駿,11915134,坂倉 将吾,2,2,DeNA、ヤクルト,0,2,0,0.000,0,0,2,1,0.500,1,0.500,36,12,6.00,1,1,0.75,2,1.00,2026-04-17,2026-07-10
セ,広島,61365139,大瀬良 大地,81885151,持丸 泰輝,2,2,DeNA、ヤクルト,0,2,0,0.000,0,2,0,0,0.000,0,0.000,22,7.1,3.67,8,8,9.82,8,4.00,2026-05-04,2026-07-10
セ,広島,43545152,ターノック,21125151,石原 貴規,1,1,西武,0,1,0,0.000,0,1,0,0,0.000,0,0.000,14,4.2,4.67,3,3,5.79,1,1.00,2026-06-11,2026-07-10
セ,広島,93395155,森 翔平,11915134,坂倉 将吾,1,1,巨人,0,1,0,0.000,0,0,1,1,1.000,1,1.000,21,7,7.00,0,0,0.00,1,1.00,2026-04-08,2026-07-10
セ,広島,31135152,赤木 晴哉,81885151,持丸 泰輝,1,1,ヤクルト,1,0,0,1.000,0,0,1,0,0.000,0,0.000,6,2,2.00,0,0,0.00,4,4.00,2026-05-10,2026-07-10
セ,広島,61065151,鈴木 健矢,81885151,持丸 泰輝,1,1,ロッテ,0,1,0,0.000,0,1,0,0,0.000,0,0.000,12,4,4.00,3,3,6.75,3,3.00,2026-05-28,2026-07-10
セ,広島,61065151,鈴木 健矢,21125151,石原 貴規,1,1,DeNA,0,1,0,0.000,0,1,0,1,1.000,0,0.000,18,6,6.00,1,1,1.50,0,0.00,2026-08-09,2026-08-10
セ,阪神,13315153,村上 頌樹,11915132,坂本 誠志郎,19,8,DeNA、オリックス、ヤクルト、ロッテ、楽天、巨人、広島、中日,13,5,1,0.722,9,5,5,18,0.947,9,0.474,394,131.1,6.91,30,28,1.92,65,3.42,2026-08-11,2026-08-11
セ,阪神,41745134,才木 浩人,21325139,梅野 隆太郎,14,7,DeNA、ソフトバンク、ヤクルト、ロッテ、巨人、広島、中日,7,7,0,0.500,5,3,6,11,0.786,8,0.571,273,91,6.50,22,22,2.18,41,2.93,2026-08-14,2026-08-15
セ,阪神,91095136,髙橋 遥人,61065137,伏見 寅威,13,7,DeNA、ヤクルト、ロッテ、楽天、巨人、広島、中日,10,3,0,0.769,9,1,3,12,0.923,8,0.615,288,96,7.38,15,13,1.22,45,3.46,2026-08-12,2026-08-12
セ,阪神,41345136,大竹 耕太郎,11915132,坂本 誠志郎,11,5,DeNA、楽天、広島、中日、日本ハム,5,6,0,0.455,3,6,2,6,0.545,1,0.091,185,61.2,5.61,26,23,3.36,38,3.45,2026-08-15,2026-08-15
セ,阪神,41745134,才木 浩人,11915132,坂本 誠志郎,6,4,DeNA、ヤクルト、巨人、西武,2,4,0,0.333,2,2,2,4,0.667,1,0.167,99,33,5.50,19,16,4.36,30,5.00,2026-06-16,2026-07-10
セ,阪神,61965159,下村 海翔,11915132,坂本 誠志郎,5,4,DeNA、ヤクルト、巨人、中日,3,2,0,0.600,1,1,3,2,0.400,0,0.000,81,27,5.40,10,7,2.33,12,2.40,2026-08-13,2026-08-13
セ,阪神,71275118,西 勇輝,61065137,伏見 寅威,5,4,ヤクルト、西武、中日、日本ハム,3,2,0,0.600,3,2,0,2,0.400,0,0.000,78,26,5.20,8,7,2.42,26,5.20,2026-06-04,2026-07-10
セ,阪神,71375150,伊原 陵人,61065137,伏見 寅威,4,2,巨人、中日,3,1,0,0.750,1,1,2,1,0.250,0,0.000,49,16.1,4.08,10,9,4.96,20,5.00,2026-07-25,2026-07-26
セ,阪神,71375150,伊原 陵人,11915132,坂本 誠志郎,3,3,DeNA、広島、中日,2,1,0,0.667,2,1,0,0,0.000,0,0.000,43,14.1,4.78,7,3,1.88,13,4.33,2026-08-16,2026-08-16
セ,阪神,71375153,伊藤 将司,11915132,坂本 誠志郎,3,3,ソフトバンク、ヤクルト、中日,2,1,0,0.667,1,0,2,0,0.000,0,0.000,45,15,5.00,5,5,3.00,10,3.33,2026-08-09,2026-08-10
セ,阪神,41345136,大竹 耕太郎,61065137,伏見 寅威,3,3,ソフトバンク、巨人、西武,1,2,0,0.333,1,2,0,2,0.667,2,0.667,57,19,6.33,7,4,1.89,11,3.67,2026-06-10,2026-07-10
セ,阪神,91095136,髙橋 遥人,11915132,坂本 誠志郎,3,3,オリックス、巨人、広島,3,0,0,1.000,3,0,0,2,0.667,0,0.000,56,18.2,6.22,10,9,4.34,25,8.33,2026-06-28,2026-07-10
セ,阪神,73975152,ルーカス,11915132,坂本 誠志郎,2,2,ヤクルト、巨人,0,2,0,0.000,0,1,1,0,0.000,0,0.000,30,10,5.00,5,5,4.50,5,2.50,2026-04-16,2026-07-10
セ,阪神,71375153,伊藤 将司,21325139,梅野 隆太郎,2,2,ヤクルト、広島,1,1,0,0.500,0,1,1,1,0.500,1,0.500,37,12.1,6.17,2,2,1.46,3,1.50,2026-07-18,2026-07-18
セ,阪神,81185157,茨木 秀俊,11915132,坂本 誠志郎,2,2,DeNA、ヤクルト,1,1,0,0.500,1,0,1,1,0.500,0,0.000,32,10.2,5.33,5,5,4.22,8,4.00,2026-04-22,2026-07-10
セ,阪神,73975152,ルーカス,61065137,伏見 寅威,1,1,DeNA,0,1,0,0.000,0,1,0,0,0.000,0,0.000,14,4.2,4.67,4,4,7.71,1,1.00,2026-04-01,2026-07-10
セ,阪神,71375150,伊原 陵人,21325139,梅野 隆太郎,1,1,巨人,1,0,0,1.000,1,0,0,0,0.000,0,0.000,16,5.1,5.33,1,1,1.69,10,10.00,2026-07-09,2026-07-10
セ,阪神,71375153,伊藤 将司,61065137,伏見 寅威,1,1,巨人,1,0,0,1.000,0,0,1,0,0.000,0,0.000,7,2.1,2.33,3,3,11.57,12,12.00,2026-03-29,2026-07-10
セ,阪神,81185157,茨木 秀俊,61065137,伏見 寅威,1,1,中日,1,0,0,1.000,0,0,1,0,0.000,0,0.000,6,2,2.00,4,4,18.00,8,8.00,2026-05-20,2026-07-10
セ,阪神,31935150,今朝丸 裕喜,21325139,梅野 隆太郎,1,1,中日,0,1,0,0.000,0,1,0,0,0.000,0,0.000,12,4,4.00,4,4,9.00,5,5.00,2026-07-15,2026-07-15
セ,阪神,71275118,西 勇輝,11915132,坂本 誠志郎,1,1,オリックス,0,1,0,0.000,0,0,1,0,0.000,0,0.000,12,4,4.00,1,1,2.25,2,2.00,2026-06-14,2026-07-10
セ,阪神,57955159,早川 太貴,21325139,梅野 隆太郎,1,1,中日,0,1,0,0.000,0,1,0,0,0.000,0,0.000,9,3,3.00,6,5,15.00,3,3.00,2026-05-05,2026-07-10
セ,阪神,13315153,村上 頌樹,61065137,伏見 寅威,1,1,DeNA,0,1,0,0.000,0,1,0,1,1.000,1,1.000,21,7,7.00,2,0,0.00,1,1.00,2026-05-08,2026-07-10
セ,阪神,41745150,木下 里都,21325139,梅野 隆太郎,1,1,日本ハム,0,1,0,0.000,0,1,0,0,0.000,0,0.000,12,4,4.00,3,3,6.75,2,2.00,2026-05-28,2026-07-10
セ,阪神,53355157,門別 啓人,61065137,伏見 寅威,1,1,中日,0,1,0,0.000,0,1,0,0,0.000,0,0.000,15,5,5.00,5,5,9.00,3,3.00,2026-05-04,2026-07-10
セ,阪神,91095136,髙橋 遥人,21325139,梅野 隆太郎,1,1,巨人,0,1,0,0.000,0,1,0,0,0.000,0,0.000,20,6.2,6.67,4,4,5.40,3,3.00,2026-07-07,2026-07-10
セ,中日,61565150,金丸 夢斗,21125150,石伊 雄太,15,8,DeNA、ソフトバンク、ヤクルト、ロッテ、楽天、巨人、広島、阪神,7,8,0,0.467,5,6,4,12,0.800,9,0.600,294,98,6.53,27,23,2.11,42,2.80,2026-08-06,2026-08-06
セ,中日,11515133,大野 雄大,21125150,石伊 雄太,14,7,DeNA、オリックス、ヤクルト、巨人、広島、阪神、西武,8,6,0,0.571,7,3,4,13,0.929,6,0.429,282,94,6.71,20,20,1.91,51,3.64,2026-08-11,2026-08-11
セ,中日,63165134,柳 裕也,21125150,石伊 雄太,14,7,DeNA、オリックス、巨人、広島、阪神、西武、日本ハム,8,6,0,0.571,3,4,7,10,0.714,4,0.286,258,86,6.14,25,25,2.62,46,3.29,2026-08-16,2026-08-16
セ,中日,13915150,マラー,41545130,加藤 匠馬,11,6,DeNA、ソフトバンク、ロッテ、楽天、巨人、阪神,4,6,1,0.400,4,4,3,8,0.727,4,0.364,218,72.2,6.61,20,19,2.35,36,3.27,2026-08-15,2026-08-15
セ,中日,61265153,髙橋 宏斗,21125150,石伊 雄太,10,5,オリックス、ヤクルト、巨人、広島、阪神,3,7,0,0.300,2,5,3,6,0.600,6,0.600,192,64,6.40,25,22,3.09,22,2.20,2026-08-14,2026-08-15
セ,中日,21925152,櫻井 頼之介,21125150,石伊 雄太,8,6,DeNA、ソフトバンク、ロッテ、楽天、巨人、広島,2,6,0,0.250,2,3,3,3,0.375,1,0.125,135,45,5.63,25,24,4.80,35,4.38,2026-06-24,2026-07-10
セ,中日,63165134,柳 裕也,31735132,木下 拓哉,6,3,ヤクルト、広島、阪神,2,4,0,0.333,1,1,4,5,0.833,1,0.167,117,39,6.50,10,9,2.08,19,3.17,2026-05-15,2026-07-10
セ,中日,51455152,中西 聖輝,21125150,石伊 雄太,5,3,DeNA、ヤクルト、阪神,3,2,0,0.600,2,2,1,2,0.400,0,0.000,73,24.1,4.87,16,16,5.92,21,4.20,2026-07-22,2026-07-22
セ,中日,61565150,金丸 夢斗,31735132,木下 拓哉,4,2,DeNA、巨人,0,4,0,0.000,0,3,1,2,0.500,0,0.000,70,23.1,5.83,13,13,5.01,7,1.75,2026-08-13,2026-08-13
セ,中日,13915150,マラー,21125150,石伊 雄太,3,2,DeNA、広島,1,2,0,0.333,1,2,0,0,0.000,0,0.000,50,16.2,5.56,8,6,3.24,11,3.67,2026-08-01,2026-08-01
セ,中日,31635110,涌井 秀章,41545130,加藤 匠馬,3,3,巨人、広島、西武,2,1,0,0.667,1,0,2,2,0.667,1,0.333,54,18,6.00,3,3,1.50,11,3.67,2026-07-11,2026-07-11
セ,中日,31635110,涌井 秀章,21125150,石伊 雄太,3,3,DeNA、ヤクルト、日本ハム,2,1,0,0.667,1,1,1,1,0.333,0,0.000,48,16,5.33,9,9,5.06,16,5.33,2026-08-12,2026-08-12
セ,中日,61265153,髙橋 宏斗,41545130,加藤 匠馬,3,3,ヤクルト、広島、阪神,0,3,0,0.000,0,2,1,1,0.333,0,0.000,50,16.2,5.56,13,11,5.94,8,2.67,2026-05-24,2026-07-10
セ,中日,11515133,大野 雄大,31735132,木下 拓哉,2,2,巨人、阪神,1,1,0,0.500,1,1,0,1,0.500,1,0.500,39,13,6.50,5,4,2.77,5,2.50,2026-04-11,2026-07-10
セ,中日,51455152,中西 聖輝,31735132,木下 拓哉,2,2,DeNA、巨人,1,1,0,0.500,0,1,1,0,0.000,0,0.000,31,10.1,5.17,6,6,5.23,11,5.50,2026-04-08,2026-07-10
セ,中日,31635110,涌井 秀章,31735132,木下 拓哉,2,2,DeNA、巨人,1,1,0,0.500,1,1,0,1,0.500,0,0.000,35,11.2,5.83,4,4,3.09,5,2.50,2026-07-25,2026-07-26
セ,中日,21225137,松葉 貴大,41545130,加藤 匠馬,1,1,日本ハム,0,1,0,0.000,0,0,1,0,0.000,0,0.000,15,5,5.00,2,2,3.60,3,3.00,2026-06-13,2026-07-10
セ,中日,21225137,松葉 貴大,21125150,石伊 雄太,1,1,DeNA,0,1,0,0.000,0,1,0,0,0.000,0,0.000,18,6,6.00,4,4,6.00,3,3.00,2026-07-08,2026-07-10
セ,中日,21225137,松葉 貴大,31735132,木下 拓哉,1,1,ヤクルト,1,0,0,1.000,0,0,1,0,0.000,0,0.000,15,5,5.00,4,4,7.20,11,11.00,2026-07-21,2026-07-21
セ,中日,21925152,櫻井 頼之介,31735132,木下 拓哉,1,1,ヤクルト,0,1,0,0.000,0,1,0,0,0.000,0,0.000,6,2,2.00,6,6,27.00,6,6.00,2026-04-04,2026-07-10
パ,オリックス,71775139,九里 亜蓮,41645139,若月 健矢,16,8,DeNA、ソフトバンク、ヤクルト、楽天、巨人、阪神、西武、日本ハム,9,7,0,0.563,6,6,4,10,0.625,4,0.250,303,101,6.31,35,33,2.94,58,3.63,2026-08-11,2026-08-12
パ,オリックス,61065159,髙島 泰都,41645139,若月 健矢,12,5,ソフトバンク、ロッテ、西武、中日、日本ハム,6,5,1,0.545,3,2,7,4,0.333,1,0.083,177,59,4.92,26,25,3.81,50,4.17,2026-08-14,2026-08-15
パ,オリックス,41045136,田嶋 大樹,41645139,若月 健矢,10,6,ソフトバンク、ロッテ、楽天、広島、中日、日本ハム,4,6,0,0.400,2,4,4,2,0.200,0,0.000,129,43,4.30,30,30,6.28,35,3.50,2026-07-10,2026-07-11
パ,オリックス,43545159,エスピノーザ,41645139,若月 健矢,9,6,ソフトバンク、ヤクルト、ロッテ、楽天、巨人、西武,6,3,0,0.667,5,3,1,7,0.778,6,0.667,178,59.1,6.59,20,19,2.88,29,3.22,2026-08-12,2026-08-12
パ,オリックス,03505152,ジェリー,41645139,若月 健矢,9,6,ソフトバンク、ロッテ、広島、阪神、西武、日本ハム,1,7,1,0.125,1,5,3,5,0.556,0,0.000,133,44.1,4.93,22,18,3.65,20,2.22,2026-08-09,2026-08-10
パ,オリックス,43545159,エスピノーザ,91495139,森 友哉,8,5,DeNA、ソフトバンク、ロッテ、西武、日本ハム,6,2,0,0.750,5,1,2,7,0.875,3,0.375,149,49.2,6.21,12,12,2.17,38,4.75,2026-05-28,2026-07-10
パ,オリックス,81985157,曽谷 龍平,41645139,若月 健矢,8,6,DeNA、ヤクルト、ロッテ、巨人、西武、日本ハム,4,4,0,0.500,4,3,1,4,0.500,2,0.250,149,49.2,6.21,20,17,3.08,29,3.63,2026-06-10,2026-07-10
パ,オリックス,03505152,ジェリー,91495139,森 友哉,7,5,ソフトバンク、ロッテ、楽天、西武、中日,3,4,0,0.429,2,2,3,5,0.714,1,0.143,119,39.2,5.67,6,6,1.36,15,2.14,2026-05-29,2026-07-10
パ,オリックス,71775139,九里 亜蓮,11815155,福永 奨,4,3,ロッテ、楽天、日本ハム,3,1,0,0.750,2,1,1,4,1.000,2,0.500,78,26,6.50,11,7,2.42,19,4.75,2026-08-03,2026-08-03
パ,オリックス,61465150,寺西 成騎,41645139,若月 健矢,3,3,ロッテ、西武、日本ハム,2,1,0,0.667,1,1,1,1,0.333,0,0.000,48,16,5.33,7,5,2.81,15,5.00,2026-08-15,2026-08-15
パ,オリックス,13215157,ペルドモ,41645139,若月 健矢,2,2,阪神、西武,1,1,0,0.500,0,1,1,0,0.000,0,0.000,23,7.2,3.83,4,4,4.70,2,1.00,2026-06-20,2026-07-10
パ,オリックス,71875151,宮城 大弥,91495139,森 友哉,2,2,楽天、西武,1,1,0,0.500,1,1,0,1,0.500,0,0.000,23,7.2,3.83,11,5,5.87,7,3.50,2026-04-02,2026-07-10
パ,オリックス,63165159,宮國 凌空,41645139,若月 健矢,2,2,広島、日本ハム,1,1,0,0.500,0,1,1,0,0.000,0,0.000,14,4.2,2.33,6,6,11.57,6,3.00,2026-06-07,2026-07-10
パ,オリックス,61465150,寺西 成騎,91495139,森 友哉,2,2,西武、日本ハム,1,1,0,0.500,1,1,0,1,0.500,0,0.000,28,9.1,4.67,7,7,6.75,10,5.00,2026-04-16,2026-07-10
パ,オリックス,41045136,田嶋 大樹,81185139,石川 亮,2,1,楽天,1,1,0,0.500,0,1,1,0,0.000,0,0.000,24,8,4.00,5,5,5.63,9,4.50,2026-08-13,2026-08-13
パ,オリックス,61065159,髙島 泰都,11815155,福永 奨,2,2,ロッテ、日本ハム,1,1,0,0.500,1,1,0,1,0.500,1,0.500,32,10.2,5.33,7,5,4.22,9,4.50,2026-07-19,2026-07-19
パ,オリックス,03505152,ジェリー,11815155,福永 奨,1,1,ロッテ,1,0,0,1.000,0,0,1,0,0.000,0,0.000,15,5,5.00,3,3,5.40,5,5.00,2026-07-25,2026-07-26
パ,オリックス,71875151,宮城 大弥,41645139,若月 健矢,1,1,ロッテ,1,0,0,1.000,0,0,1,0,0.000,0,0.000,17,5.2,5.67,1,1,1.59,2,2.00,2026-04-09,2026-07-10
パ,オリックス,51055151,佐藤 一磨,11815155,福永 奨,1,1,日本ハム,0,1,0,0.000,0,1,0,0,0.000,0,0.000,0,0,0.00,4,4,,1,1.00,2026-07-02,2026-07-10
パ,オリックス,83185134,山岡 泰輔,91495139,森 友哉,1,1,西武,0,1,0,0.000,0,0,1,0,0.000,0,0.000,2,0.2,0.67,2,2,27.00,3,3.00,2026-05-24,2026-07-10
パ,オリックス,83185150,山口 廉王,41645139,若月 健矢,1,1,ソフトバンク,0,1,0,0.000,0,0,1,0,0.000,0,0.000,12,4,4.00,3,3,6.75,5,5.00,2026-07-23,2026-07-23
パ,オリックス,61465150,寺西 成騎,11815155,福永 奨,1,1,ロッテ,1,0,0,1.000,0,0,1,0,0.000,0,0.000,12,4,4.00,2,2,4.50,3,3.00,2026-07-24,2026-07-24
パ,オリックス,81985157,曽谷 龍平,81185139,石川 亮,1,1,日本ハム,0,1,0,0.000,0,1,0,0,0.000,0,0.000,11,3.2,3.67,5,5,12.27,7,7.00,2026-08-16,2026-08-17
パ,オリックス,81985157,曽谷 龍平,11815155,福永 奨,1,1,ロッテ,0,1,0,0.000,0,1,0,0,0.000,0,0.000,15,5,5.00,4,4,7.20,1,1.00,2026-08-08,2026-08-08
パ,オリックス,61965136,博志,41645139,若月 健矢,1,1,楽天,0,1,0,0.000,0,0,1,0,0.000,0,0.000,13,4.1,4.33,3,3,6.23,8,8.00,2026-07-16,2026-07-16
パ,オリックス,01505150,片山 楽生,41645139,若月 健矢,1,1,ソフトバンク,0,1,0,0.000,0,1,0,0,0.000,0,0.000,0,0,0.00,4,4,,2,2.00,2026-07-22,2026-07-22
パ,オリックス,01505150,片山 楽生,11815155,福永 奨,1,1,楽天,0,1,0,0.000,0,0,1,0,0.000,0,0.000,13,4.1,4.33,2,2,4.15,2,2.00,2026-07-15,2026-07-15
パ,ソフトバンク,01305157,大津 亮介,81385151,海野 隆司,16,8,オリックス、ロッテ、楽天、巨人、阪神、西武、中日、日本ハム,10,6,0,0.625,9,2,5,12,0.750,7,0.438,316,105.1,6.58,32,30,2.56,74,4.63,2026-08-05,2026-08-05
パ,ソフトバンク,51355135,上沢 直之,81385151,海野 隆司,13,5,オリックス、ロッテ、楽天、西武、日本ハム,8,5,0,0.615,5,4,4,8,0.615,4,0.308,235,78.1,6.03,28,21,2.41,51,3.92,2026-07-21,2026-07-21
パ,ソフトバンク,41845157,松本 晴,81385151,海野 隆司,11,6,オリックス、ロッテ、楽天、阪神、西武、日本ハム,8,2,1,0.800,5,2,4,6,0.545,2,0.182,184,61.1,5.58,24,23,3.38,55,5.00,2026-07-12,2026-07-13
パ,ソフトバンク,01505151,大関 友久,81385151,海野 隆司,7,4,オリックス、ロッテ、楽天、西武,3,4,0,0.429,2,2,3,3,0.429,0,0.000,115,38.1,5.48,20,18,4.23,31,4.43,2026-07-20,2026-07-20
パ,ソフトバンク,13115159,前田 悠伍,81385151,海野 隆司,6,6,DeNA、オリックス、ヤクルト、ロッテ、西武、日本ハム,5,1,0,0.833,5,0,1,5,0.833,5,0.833,120,40,6.67,3,3,0.68,38,6.33,2026-07-19,2026-07-19
パ,ソフトバンク,53755138,スチュワート・ジュニア,81385151,海野 隆司,5,4,ロッテ、阪神、中日、日本ハム,4,1,0,0.800,2,1,2,0,0.000,0,0.000,70,23.1,4.67,12,11,4.24,24,4.80,2026-07-15,2026-07-15
パ,ソフトバンク,53755138,スチュワート・ジュニア,23125136,山本 祐大,5,5,オリックス、ロッテ、楽天、巨人、日本ハム,2,3,0,0.400,2,2,1,2,0.400,1,0.200,71,23.2,4.73,13,13,4.94,38,7.60,2026-08-13,2026-08-13
パ,ソフトバンク,41845157,松本 晴,23125136,山本 祐大,5,5,オリックス、楽天、西武、中日、日本ハム,5,0,0,1.000,3,0,2,1,0.200,1,0.200,81,27,5.40,8,8,2.67,36,7.20,2026-08-16,2026-08-17
パ,ソフトバンク,81585138,上茶谷 大河,93195138,渡邉 陸,5,3,楽天、西武、日本ハム,3,2,0,0.600,3,1,1,4,0.800,2,0.400,99,33,6.60,11,11,3.00,23,4.60,2026-08-15,2026-08-15
パ,ソフトバンク,13115159,前田 悠伍,23125136,山本 祐大,5,3,楽天、西武、日本ハム,5,0,0,1.000,4,0,1,2,0.400,1,0.200,81,27,5.40,10,10,3.33,30,6.00,2026-08-09,2026-08-10
パ,ソフトバンク,53755138,スチュワート・ジュニア,11215132,谷川原 健太,4,4,ロッテ、楽天、西武、日本ハム,2,2,0,0.500,2,2,0,1,0.250,0,0.000,50,16.2,4.17,14,13,7.02,18,4.50,2026-04-21,2026-07-10
パ,ソフトバンク,23525152,徐 若熙,81385151,海野 隆司,4,3,DeNA、楽天、西武,2,2,0,0.500,1,2,1,3,0.750,1,0.250,69,23,5.75,10,10,3.91,13,3.25,2026-06-07,2026-07-10
パ,ソフトバンク,51355135,上沢 直之,23125136,山本 祐大,2,2,ロッテ、日本ハム,2,0,0,1.000,2,0,0,1,0.500,1,0.500,36,12,6.00,4,4,3.00,11,5.50,2026-08-12,2026-08-12
パ,ソフトバンク,71875157,前田 純,81385151,海野 隆司,2,2,オリックス、ヤクルト,1,1,0,0.500,0,1,1,0,0.000,0,0.000,32,10.2,5.33,6,6,5.06,7,3.50,2026-06-25,2026-07-10
パ,ソフトバンク,71875157,前田 純,23125136,山本 祐大,2,2,広島、日本ハム,2,0,0,1.000,1,0,1,0,0.000,0,0.000,30,10,5.00,2,2,1.80,14,7.00,2026-05-30,2026-07-10
パ,ソフトバンク,13115159,前田 悠伍,93195138,渡邉 陸,2,2,ロッテ、楽天,1,1,0,0.500,1,0,1,0,0.000,0,0.000,30,10,5.00,2,2,1.80,8,4.00,2026-05-10,2026-07-10
パ,ソフトバンク,01505151,大関 友久,93195138,渡邉 陸,2,2,DeNA、西武,0,2,0,0.000,0,2,0,0,0.000,0,0.000,30,10,5.00,16,16,14.40,5,2.50,2026-06-05,2026-07-10
パ,ソフトバンク,01805159,藤原 大翔,23125136,山本 祐大,2,2,オリックス、西武,0,2,0,0.000,0,2,0,0,0.000,0,0.000,20,6.2,3.33,7,7,9.45,4,2.00,2026-05-20,2026-07-10
パ,ソフトバンク,33735155,アルメンタ,81385151,海野 隆司,1,1,ヤクルト,0,1,0,0.000,0,1,0,0,0.000,0,0.000,7,2.1,2.33,2,2,7.71,0,0.00,2026-06-14,2026-07-10
パ,ソフトバンク,33735155,アルメンタ,23125136,山本 祐大,1,1,巨人,0,1,0,0.000,0,1,0,0,0.000,0,0.000,7,2.1,2.33,5,5,19.29,1,1.00,2026-05-27,2026-07-10
パ,ソフトバンク,63965134,モイネロ,81385151,海野 隆司,1,1,ロッテ,1,0,0,1.000,1,0,0,1,1.000,0,0.000,18,6,6.00,0,0,0.00,16,16.00,2026-08-11,2026-08-12
パ,ソフトバンク,23525152,徐 若熙,23125136,山本 祐大,1,1,広島,1,0,0,1.000,1,0,0,1,1.000,0,0.000,18,6,6.00,0,0,0.00,3,3.00,2026-05-31,2026-07-10
パ,ソフトバンク,23525152,徐 若熙,11215132,谷川原 健太,1,1,オリックス,0,1,0,0.000,0,1,0,0,0.000,0,0.000,5,1.2,1.67,7,7,37.80,4,4.00,2026-04-17,2026-07-10
パ,ソフトバンク,01505151,大関 友久,23125136,山本 祐大,1,1,広島,1,0,0,1.000,1,0,0,1,1.000,1,1.000,27,9,9.00,0,0,0.00,2,2.00,2026-05-29,2026-07-10
パ,ソフトバンク,01305157,大津 亮介,23125136,山本 祐大,1,1,楽天,0,1,0,0.000,0,1,0,0,0.000,0,0.000,21,7,7.00,4,4,5.14,2,2.00,2026-08-14,2026-08-15
パ,ソフトバンク,01205138,中村 稔弥,81385151,海野 隆司,1,1,オリックス,1,0,0,1.000,0,0,1,0,0.000,0,0.000,9,3,3.00,3,3,9.00,8,8.00,2026-06-24,2026-07-10
パ,ソフトバンク,11815152,北斗,93195138,渡邉 陸,1,1,ロッテ,0,1,0,0.000,0,1,0,0,0.000,0,0.000,6,2,2.00,8,8,36.00,1,1.00,2026-07-04,2026-07-10
パ,ロッテ,43745159,ジャクソン,71075151,佐藤 都志也,16,8,オリックス、ソフトバンク、ヤクルト、楽天、広島、西武、中日、日本ハム,10,6,0,0.625,7,5,4,12,0.750,6,0.375,303,101,6.31,32,30,2.67,59,3.69,2026-08-15,2026-08-15
パ,ロッテ,11515138,小島 和哉,71075151,佐藤 都志也,12,7,オリックス、ソフトバンク、ヤクルト、楽天、西武、中日、日本ハム,6,5,1,0.545,4,5,3,7,0.583,5,0.417,210,70,5.83,30,27,3.47,44,3.67,2026-08-04,2026-08-04
パ,ロッテ,81685150,廣池 康志郎,71075151,佐藤 都志也,10,7,DeNA、オリックス、ソフトバンク、巨人、広島、西武、日本ハム,4,6,0,0.400,2,5,3,6,0.600,4,0.400,172,57.1,5.73,28,26,4.08,29,2.90,2026-07-18,2026-07-18
パ,ロッテ,73175152,毛利 海大,53155155,松川 虎生,9,4,オリックス、ソフトバンク、楽天、西武,5,4,0,0.556,3,3,3,3,0.333,2,0.222,136,45.1,5.04,18,17,3.38,36,4.00,2026-08-16,2026-08-17
パ,ロッテ,03905152,ロング,71075151,佐藤 都志也,7,5,DeNA、オリックス、ソフトバンク、巨人、阪神,4,2,1,0.667,1,2,4,1,0.143,1,0.143,99,33,4.71,15,14,3.82,33,4.71,2026-08-12,2026-08-12
パ,ロッテ,61765153,河村 説人,71075151,佐藤 都志也,7,5,オリックス、ソフトバンク、楽天、西武、日本ハム,1,6,0,0.143,1,4,2,2,0.286,2,0.286,115,38.1,5.48,24,23,5.40,19,2.71,2026-08-11,2026-08-12
パ,ロッテ,01005157,田中 晴也,71075151,佐藤 都志也,6,6,DeNA、オリックス、ソフトバンク、巨人、阪神、西武,2,3,1,0.400,0,3,3,2,0.333,0,0.000,82,27.1,4.56,17,15,4.94,18,3.00,2026-06-13,2026-07-10
パ,ロッテ,01005157,田中 晴也,53155155,松川 虎生,5,3,ソフトバンク、楽天、西武,2,3,0,0.400,2,2,1,3,0.600,0,0.000,87,29,5.80,14,14,4.34,20,4.00,2026-08-13,2026-08-13
パ,ロッテ,73175152,毛利 海大,71075151,佐藤 都志也,5,5,ヤクルト、広島、西武、中日、日本ハム,3,2,0,0.600,0,1,4,1,0.200,0,0.000,60,20,4.00,18,18,8.10,21,4.20,2026-06-10,2026-07-10
パ,ロッテ,43745159,ジャクソン,53155155,松川 虎生,4,2,オリックス、日本ハム,2,2,0,0.500,1,2,1,0,0.000,0,0.000,69,23,5.75,14,13,5.09,13,3.25,2026-04-21,2026-07-10
パ,ロッテ,01205118,西野 勇士,71075151,佐藤 都志也,4,3,オリックス、楽天、日本ハム,3,1,0,0.750,1,0,3,1,0.250,1,0.250,68,22.2,5.67,11,9,3.57,18,4.50,2026-05-23,2026-07-10
パ,ロッテ,03905152,ロング,53155155,松川 虎生,3,3,ソフトバンク、楽天、日本ハム,1,2,0,0.333,0,2,1,1,0.333,0,0.000,36,12,4.00,14,13,9.75,10,3.33,2026-08-01,2026-08-01
パ,ロッテ,81685150,廣池 康志郎,53155155,松川 虎生,3,2,オリックス、ソフトバンク,0,3,0,0.000,0,1,2,1,0.333,0,0.000,51,17,5.67,11,11,5.82,10,3.33,2026-08-07,2026-08-07
パ,ロッテ,71275134,種市 篤暉,71075151,佐藤 都志也,2,2,ソフトバンク、楽天,1,1,0,0.500,0,0,2,1,0.500,1,0.500,23,7.2,3.83,0,0,0.00,5,2.50,2026-04-25,2026-07-10
パ,ロッテ,11515138,小島 和哉,53155155,松川 虎生,2,1,西武,0,2,0,0.000,0,2,0,1,0.500,0,0.000,30,10,5.00,5,3,2.70,0,0.00,2026-08-14,2026-08-15
パ,ロッテ,01205118,西野 勇士,53155155,松川 虎生,2,2,オリックス、日本ハム,0,2,0,0.000,0,2,0,1,0.500,0,0.000,36,12,6.00,8,8,6.00,1,0.50,2026-05-06,2026-07-10
パ,ロッテ,71775159,木村 優人,71075151,佐藤 都志也,2,1,日本ハム,1,1,0,0.500,0,1,1,0,0.000,0,0.000,30,10,5.00,10,9,8.10,5,2.50,2026-04-16,2026-07-10
パ,ロッテ,93095152,ルケーシー,71075151,佐藤 都志也,1,1,オリックス,1,0,0,1.000,0,0,1,0,0.000,0,0.000,12,4,4.00,2,2,4.50,7,7.00,2026-08-09,2026-08-10
パ,ロッテ,61765153,河村 説人,53155155,松川 虎生,1,1,西武,1,0,0,1.000,0,0,1,1,1.000,0,0.000,18,6,6.00,1,1,1.50,6,6.00,2026-04-10,2026-07-10
パ,ロッテ,21525116,唐川 侑己,71075151,佐藤 都志也,1,1,阪神,0,1,0,0.000,0,1,0,0,0.000,0,0.000,15,5,5.00,4,4,7.20,3,3.00,2026-05-30,2026-07-10
パ,ロッテ,71775159,木村 優人,53155155,松川 虎生,1,1,オリックス,0,1,0,0.000,0,0,1,1,1.000,0,0.000,18,6,6.00,1,1,1.50,1,1.00,2026-04-07,2026-07-10
パ,ロッテ,81685150,廣池 康志郎,41945137,田村 龍弘,1,1,楽天,1,0,0,1.000,0,0,1,0,0.000,0,0.000,17,5.2,5.67,5,4,6.35,8,8.00,2026-04-19,2026-07-10
パ,楽天,21925157,荘司 康誠,71375138,太田 光,16,8,DeNA、オリックス、ソフトバンク、ロッテ、巨人、西武、中日、日本ハム,6,10,0,0.375,5,8,3,11,0.688,6,0.375,303,101,6.31,45,44,3.92,49,3.06,2026-08-11,2026-08-12
パ,楽天,31835153,早川 隆久,71375138,太田 光,15,8,オリックス、ソフトバンク、ヤクルト、ロッテ、広島、阪神、西武、日本ハム,7,8,0,0.467,6,5,4,12,0.800,9,0.600,300,100,6.67,31,31,2.79,69,4.60,2026-08-15,2026-08-15
パ,楽天,21725159,古謝 樹,71375138,太田 光,12,7,DeNA、ソフトバンク、ロッテ、巨人、西武、中日、日本ハム,4,8,0,0.333,1,6,5,7,0.583,1,0.083,204,68,5.67,31,31,4.10,23,1.92,2026-07-23,2026-07-23
パ,楽天,51655114,前田 健太,71375138,太田 光,9,5,オリックス、ソフトバンク、ロッテ、西武、日本ハム,5,4,0,0.556,3,2,4,4,0.444,4,0.444,145,48.1,5.37,15,15,2.79,29,3.22,2026-08-12,2026-08-12
パ,楽天,31235151,瀧中 瞭太,11815132,堀内 謙伍,6,4,オリックス、ロッテ、巨人、西武,3,3,0,0.500,3,3,0,4,0.667,1,0.167,114,38,6.33,18,17,4.03,22,3.67,2026-08-13,2026-08-13
パ,楽天,73375152,ウレーニャ,81185116,伊藤 光,5,4,ソフトバンク、ロッテ、西武、日本ハム,2,3,0,0.400,1,1,3,1,0.200,0,0.000,75,25,5.00,12,11,3.96,23,4.60,2026-05-02,2026-07-10
パ,楽天,73375152,ウレーニャ,71375138,太田 光,5,4,オリックス、ロッテ、西武、日本ハム,1,4,0,0.200,1,2,2,2,0.400,0,0.000,74,24.2,4.93,8,8,2.92,11,2.20,2026-08-07,2026-08-07
パ,楽天,31235151,瀧中 瞭太,81185116,伊藤 光,5,3,オリックス、西武、日本ハム,4,1,0,0.800,2,1,2,2,0.400,0,0.000,75,25,5.00,4,4,1.44,13,2.60,2026-05-10,2026-07-10
パ,楽天,91795114,岸 孝之,11815132,堀内 謙伍,4,3,オリックス、ヤクルト、西武,2,2,0,0.500,1,2,1,2,0.500,1,0.250,72,24,6.00,10,9,3.38,14,3.50,2026-08-06,2026-08-06
パ,楽天,71875153,藤井 聖,71375138,太田 光,4,2,ソフトバンク、ロッテ,3,1,0,0.750,2,1,1,3,0.750,0,0.000,72,24,6.00,7,5,1.88,15,3.75,2026-08-14,2026-08-15
パ,楽天,31235151,瀧中 瞭太,71375138,太田 光,3,3,DeNA、オリックス、中日,0,3,0,0.000,0,1,2,2,0.667,0,0.000,47,15.2,5.22,2,2,1.15,8,2.67,2026-06-04,2026-07-10
パ,楽天,71875153,藤井 聖,11815132,堀内 謙伍,3,3,オリックス、ヤクルト、広島,0,3,0,0.000,0,2,1,1,0.333,0,0.000,50,16.2,5.56,6,6,3.24,3,1.00,2026-06-28,2026-07-10
パ,楽天,91795114,岸 孝之,61165134,石原 彪,2,2,オリックス、広島,2,0,0,1.000,2,0,0,2,1.000,2,1.000,42,14,7.00,2,2,1.29,7,3.50,2026-06-27,2026-07-10
パ,楽天,21725159,古謝 樹,11815132,堀内 謙伍,2,2,ソフトバンク、日本ハム,0,2,0,0.000,0,2,0,1,0.500,1,0.500,39,13,6.50,2,1,0.69,1,0.50,2026-08-16,2026-08-17
パ,楽天,21925157,荘司 康誠,11815132,堀内 謙伍,2,1,ロッテ,0,2,0,0.000,0,1,1,0,0.000,0,0.000,30,10,5.00,8,7,6.30,7,3.50,2026-06-30,2026-07-10
パ,楽天,81685152,藤原 聡大,81185116,伊藤 光,2,2,ソフトバンク、西武,0,1,1,0.000,0,1,1,0,0.000,0,0.000,27,9,4.50,6,6,6.00,1,0.50,2026-04-16,2026-07-10
パ,楽天,73375152,ウレーニャ,43345155,YG安田,1,1,ソフトバンク,0,1,0,0.000,0,1,0,0,0.000,0,0.000,12,4,4.00,7,7,15.75,2,2.00,2026-07-11,2026-07-11
パ,楽天,53555152,コントレラス,43345155,YG安田,1,1,日本ハム,0,1,0,0.000,0,1,0,0,0.000,0,0.000,12,4,4.00,4,4,9.00,3,3.00,2026-07-05,2026-07-10
パ,楽天,53555152,コントレラス,11815132,堀内 謙伍,1,1,オリックス,1,0,0,1.000,0,0,1,0,0.000,0,0.000,15,5,5.00,1,1,1.80,12,12.00,2026-07-16,2026-07-16
パ,楽天,91795114,岸 孝之,81185116,伊藤 光,1,1,阪神,0,1,0,0.000,0,1,0,0,0.000,0,0.000,15,5,5.00,2,2,3.60,1,1.00,2026-06-05,2026-07-10
パ,楽天,21725159,古謝 樹,43345155,YG安田,1,1,ソフトバンク,0,1,0,0.000,0,1,0,0,0.000,0,0.000,15,5,5.00,6,2,3.60,6,6.00,2026-08-02,2026-08-02
パ,楽天,51655114,前田 健太,61165134,石原 彪,1,1,阪神,0,1,0,0.000,0,1,0,0,0.000,0,0.000,15,5,5.00,2,2,3.60,3,3.00,2026-06-17,2026-07-10
パ,楽天,31835153,早川 隆久,11815132,堀内 謙伍,1,1,西武,1,0,0,1.000,0,0,1,1,1.000,1,1.000,21,7,7.00,4,2,2.57,8,8.00,2026-06-22,2026-07-10
パ,楽天,31235151,瀧中 瞭太,43345155,YG安田,1,1,日本ハム,0,1,0,0.000,0,1,0,0,0.000,0,0.000,15,5,5.00,5,5,9.00,2,2.00,2026-07-26,2026-07-26
パ,楽天,71875153,藤井 聖,61165134,石原 彪,1,1,ロッテ,0,1,0,0.000,0,0,1,0,0.000,0,0.000,3,1,1.00,3,3,27.00,4,4.00,2026-06-21,2026-07-10
パ,楽天,81685152,藤原 聡大,71375138,太田 光,1,1,オリックス,0,1,0,0.000,0,1,0,0,0.000,0,0.000,9,3,3.00,4,3,9.00,4,4.00,2026-03-29,2026-07-10
パ,西武,21025155,隅田 知一郎,41745152,小島 大河,14,8,DeNA、オリックス、ソフトバンク、ロッテ、楽天、巨人、中日、日本ハム,8,6,0,0.571,6,4,4,10,0.714,8,0.571,302,100.2,7.19,32,29,2.59,55,3.93,2026-08-15,2026-08-15
パ,西武,31035136,平良 海馬,41745152,小島 大河,14,7,ソフトバンク、ヤクルト、ロッテ、楽天、広島、阪神、日本ハム,11,2,1,0.846,7,1,6,11,0.786,8,0.571,279,93,6.64,11,8,0.77,43,3.07,2026-08-11,2026-08-11
パ,西武,51255159,武内 夏暉,41745152,小島 大河,13,7,オリックス、ソフトバンク、ヤクルト、ロッテ、楽天、阪神、日本ハム,9,4,0,0.692,8,3,2,9,0.692,4,0.308,247,82.1,6.33,27,24,2.62,57,4.38,2026-08-16,2026-08-17
パ,西武,53155138,渡邉 勇太朗,81785155,古賀 悠斗,12,8,オリックス、ソフトバンク、ヤクルト、ロッテ、楽天、広島、阪神、日本ハム,5,6,1,0.455,3,3,6,10,0.833,5,0.417,236,78.2,6.56,27,27,3.09,38,3.17,2026-08-01,2026-08-01
パ,西武,71075130,髙橋 光成,81785155,古賀 悠斗,11,6,DeNA、オリックス、ソフトバンク、巨人、中日、日本ハム,7,3,1,0.700,6,2,3,8,0.727,5,0.455,218,72.2,6.61,22,21,2.60,49,4.45,2026-07-11,2026-07-11
パ,西武,23925152,ワイナンス,81785155,古賀 悠斗,5,4,DeNA、オリックス、ソフトバンク、日本ハム,2,3,0,0.400,1,3,1,1,0.200,0,0.000,74,24.2,4.93,22,20,7.30,12,2.40,2026-08-13,2026-08-13
パ,西武,71075155,菅井 信也,41745152,小島 大河,5,4,オリックス、ソフトバンク、ロッテ、楽天,2,3,0,0.400,2,1,2,3,0.600,1,0.200,84,28,5.60,7,7,2.25,18,3.60,2026-05-20,2026-07-10
パ,西武,21025155,隅田 知一郎,81785155,古賀 悠斗,4,3,オリックス、ソフトバンク、日本ハム,1,3,0,0.250,1,2,1,3,0.750,2,0.500,79,26.1,6.58,11,6,2.05,12,3.00,2026-05-22,2026-07-10
パ,西武,53155138,渡邉 勇太朗,41745152,小島 大河,4,3,ロッテ、楽天、日本ハム,1,3,0,0.250,1,3,0,2,0.500,2,0.500,81,27,6.75,14,14,4.67,12,3.00,2026-08-12,2026-08-12
パ,西武,51255159,武内 夏暉,81785155,古賀 悠斗,4,4,ソフトバンク、ロッテ、楽天、広島,1,3,0,0.250,0,3,1,3,0.750,1,0.250,79,26.1,6.58,13,12,4.10,4,1.00,2026-08-09,2026-08-10
パ,西武,71075130,髙橋 光成,41745152,小島 大河,4,3,オリックス、ソフトバンク、楽天,2,2,0,0.500,2,2,0,4,1.000,1,0.250,81,27,6.75,10,6,2.00,9,2.25,2026-07-19,2026-07-19
パ,西武,23925152,ワイナンス,61265151,柘植 世那,3,3,楽天、巨人、中日,2,1,0,0.667,1,1,1,2,0.667,1,0.333,56,18.2,6.22,5,5,2.41,9,3.00,2026-06-23,2026-07-10
パ,西武,31035150,佐藤 爽,61265151,柘植 世那,3,3,ロッテ、楽天、日本ハム,2,1,0,0.667,1,0,2,1,0.333,1,0.333,50,16.2,5.56,6,6,3.24,20,6.67,2026-05-16,2026-07-10
パ,西武,31035136,平良 海馬,81785155,古賀 悠斗,3,2,ロッテ、日本ハム,1,2,0,0.333,1,2,0,1,0.333,0,0.000,30,10,3.33,9,9,8.10,18,6.00,2026-08-04,2026-08-04
パ,西武,31035150,佐藤 爽,41745152,小島 大河,2,2,オリックス、ロッテ,1,1,0,0.500,0,1,1,0,0.000,0,0.000,32,10.2,5.33,8,8,6.75,4,2.00,2026-08-05,2026-08-05
パ,西武,71075155,菅井 信也,81785155,古賀 悠斗,2,2,オリックス、ソフトバンク,0,2,0,0.000,0,1,1,0,0.000,0,0.000,31,10.1,5.17,6,6,5.23,6,3.00,2026-04-23,2026-07-10
パ,西武,71075130,髙橋 光成,61265151,柘植 世那,2,1,ソフトバンク,0,2,0,0.000,0,1,1,2,1.000,0,0.000,42,14,7.00,4,4,2.57,2,1.00,2026-08-07,2026-08-07
パ,西武,73975150,ラミレス,81785155,古賀 悠斗,1,1,楽天,1,0,0,1.000,0,0,1,0,0.000,0,0.000,6,2,2.00,0,0,0.00,5,5.00,2026-07-20,2026-07-20
パ,西武,31035150,佐藤 爽,81785155,古賀 悠斗,1,1,ロッテ,1,0,0,1.000,0,0,1,0,0.000,0,0.000,15,5,5.00,1,1,1.80,7,7.00,2026-07-15,2026-07-15
パ,西武,53155138,渡邉 勇太朗,61265151,柘植 世那,1,1,ソフトバンク,1,0,0,1.000,1,0,0,1,1.000,0,0.000,20,6.2,6.67,0,0,0.00,3,3.00,2026-05-12,2026-07-10
パ,西武,23125153,豆田 泰志,41745152,小島 大河,1,1,ロッテ,1,0,0,1.000,0,0,1,0,0.000,0,0.000,9,3,3.00,0,0,0.00,7,7.00,2026-08-14,2026-08-15
パ,西武,51255159,武内 夏暉,61265151,柘植 世那,1,1,ロッテ,1,0,0,1.000,1,0,0,1,1.000,1,1.000,21,7,7.00,1,1,1.29,3,3.00,2026-05-19,2026-07-10
パ,日本ハム,51355153,伊藤 大海,51055138,田宮 裕涼,18,8,DeNA、オリックス、ソフトバンク、ロッテ、楽天、広島、阪神、西武,8,10,0,0.444,8,6,4,14,0.778,7,0.389,365,121.2,6.76,42,40,2.96,68,3.78,2026-08-11,2026-08-11
パ,日本ハム,51755155,北山 亘基,11015159,進藤 勇也,13,7,オリックス、ソフトバンク、ヤクルト、ロッテ、巨人、広島、西武,7,6,0,0.538,7,1,5,8,0.615,4,0.308,233,77.2,5.97,25,18,2.09,59,4.54,2026-08-12,2026-08-12
パ,日本ハム,41545132,加藤 貴之,51055138,田宮 裕涼,11,6,DeNA、オリックス、ソフトバンク、ロッテ、楽天、西武,9,2,0,0.818,8,1,2,5,0.455,4,0.364,206,68.2,6.24,22,18,2.36,51,4.64,2026-08-08,2026-08-08
パ,日本ハム,01205155,達 孝太,51055138,田宮 裕涼,10,6,オリックス、ソフトバンク、ロッテ、楽天、巨人、西武,5,5,0,0.500,3,5,2,6,0.600,3,0.300,191,63.2,6.37,27,26,3.68,32,3.20,2026-08-07,2026-08-07
パ,日本ハム,81685155,福島 蓮,51055138,田宮 裕涼,7,5,ヤクルト、楽天、阪神、西武、中日,4,3,0,0.571,1,3,3,4,0.571,4,0.571,129,43,6.14,16,16,3.35,20,2.86,2026-07-12,2026-07-13
パ,日本ハム,61865159,細野 晴希,51055138,田宮 裕涼,6,5,ソフトバンク、ロッテ、楽天、西武、中日,3,3,0,0.500,2,2,2,3,0.500,2,0.333,109,36.1,6.06,12,10,2.48,18,3.00,2026-06-12,2026-07-10
パ,日本ハム,61865159,細野 晴希,11015159,進藤 勇也,5,4,オリックス、ソフトバンク、ロッテ、楽天,2,3,0,0.400,1,3,1,4,0.800,1,0.200,99,33,6.60,12,12,3.27,19,3.80,2026-08-06,2026-08-06
パ,日本ハム,51155130,有原 航平,11015159,進藤 勇也,5,3,オリックス、ロッテ、楽天,4,1,0,0.800,4,1,0,5,1.000,2,0.400,108,36,7.20,6,4,1.00,26,5.20,2026-08-16,2026-08-17
パ,日本ハム,51155130,有原 航平,51055138,田宮 裕涼,5,3,オリックス、ソフトバンク、西武,1,4,0,0.200,1,4,0,1,0.200,1,0.200,82,27.1,5.47,28,25,8.23,26,5.20,2026-04-26,2026-07-10
パ,日本ハム,41545132,加藤 貴之,61965130,清水 優心,3,2,ロッテ、楽天,2,1,0,0.667,1,1,1,1,0.333,0,0.000,44,14.2,4.89,10,7,4.30,19,6.33,2026-04-22,2026-07-10
パ,日本ハム,81685155,福島 蓮,11015159,進藤 勇也,3,3,ロッテ、楽天、西武,3,0,0,1.000,2,0,1,2,0.667,0,0.000,44,14.2,4.89,6,6,3.68,17,5.67,2026-07-05,2026-07-10
パ,日本ハム,51755155,北山 亘基,51055138,田宮 裕涼,3,3,オリックス、ロッテ、西武,1,2,0,0.333,1,1,1,2,0.667,1,0.333,59,19.2,6.56,6,6,2.75,7,2.33,2026-05-10,2026-07-10
パ,日本ハム,51355153,伊藤 大海,11015159,進藤 勇也,2,2,ソフトバンク、西武,1,1,0,0.500,0,1,1,1,0.500,1,0.500,39,13,6.50,7,5,3.46,5,2.50,2026-07-16,2026-07-16